ABOUT,en,5,1
OTHER,en,5,1
WHICH,en,5,1
THEIR,en,5,1
THERE,en,5,1
FIRST,en,5,1
WOULD,en,5,1
THESE,en,5,1
CLICK,en,5,1
PRICE,en,5,1
STATE,en,5,1
EMAIL,en,5,1
WORLD,en,5,1
MUSIC,en,5,1
AFTER,en,5,1
VIDEO,en,5,1
WHERE,en,5,1
BOOKS,en,5,1
LINKS,en,5,1
YEARS,en,5,1
ORDER,en,5,1
ITEMS,en,5,1
GROUP,en,5,1
UNDER,en,5,1
GAMES,en,5,1
COULD,en,5,1
GREAT,en,5,1
HOTEL,en,5,1
STORE,en,5,1
TERMS,en,5,1
RIGHT,en,5,1
LOCAL,en,5,1
THOSE,en,5,1
USING,en,5,1
PHONE,en,5,1
FORUM,en,5,1
BASED,en,5,1
BLACK,en,5,1
CHECK,en,5,1
INDEX,en,5,1
BEING,en,5,1
WOMEN,en,5,1
TODAY,en,5,1
SOUTH,en,5,1
PAGES,en,5,1
FOUND,en,5,1
HOUSE,en,5,1
PHOTO,en,5,1
POWER,en,5,1
WHILE,en,5,1
THREE,en,5,1
TOTAL,en,5,1
PLACE,en,5,1
THINK,en,5,1
NORTH,en,5,1
POSTS,en,5,1
MEDIA,en,5,1
WATER,en,5,1
SINCE,en,5,1
GUIDE,en,5,1
BOARD,en,5,1
WHITE,en,5,1
SMALL,en,5,1
TIMES,en,5,1
SITES,en,5,1
LEVEL,en,5,1
HOURS,en,5,1
IMAGE,en,5,1
TITLE,en,5,1
SHALL,en,5,1
CLASS,en,5,1
STILL,en,5,1
MONEY,en,5,1
EVERY,en,5,1
VISIT,en,5,1
TOOLS,en,5,1
REPLY,en,5,1
VALUE,en,5,1
PRESS,en,5,1
LEARN,en,5,1
PRINT,en,5,1
STOCK,en,5,1
POINT,en,5,1
SALES,en,5,1
LARGE,en,5,1
TABLE,en,5,1
START,en,5,1
MODEL,en,5,1
HUMAN,en,5,1
MOVIE,en,5,1
MARCH,en,5,1
YAHOO,en,5,1
GOING,en,5,1
STUDY,en,5,1
STAFF,en,5,1
AGAIN,en,5,1
APRIL,en,5,1
NEVER,en,5,1
USERS,en,5,1
TOPIC,en,5,1
BELOW,en,5,1
PARTY,en,5,1
LOGIN,en,5,1
LEGAL,en,5,1
ABOVE,en,5,1
QUOTE,en,5,1
STORY,en,5,1
RATES,en,5,1
YOUNG,en,5,1
FIELD,en,5,1
PAPER,en,5,1
GIRLS,en,5,1
NIGHT,en,5,1
TEXAS,en,5,1
POKER,en,5,1
ISSUE,en,5,1
RANGE,en,5,1
COURT,en,5,1
AUDIO,en,5,1
LIGHT,en,5,1
WRITE,en,5,1
OFFER,en,5,1
GIVEN,en,5,1
FILES,en,5,1
EVENT,en,5,1
CHINA,en,5,1
NEEDS,en,5,1
MIGHT,en,5,1
MONTH,en,5,1
MAJOR,en,5,1
AREAS,en,5,1
SPACE,en,5,1
CARDS,en,5,1
CHILD,en,5,1
ENTER,en,5,1
SHARE,en,5,1
ADDED,en,5,1
RADIO,en,5,1
UNTIL,en,5,1
COLOR,en,5,1
TRACK,en,5,1
LEAST,en,5,1
TRADE,en,5,1
DAVID,en,5,1
GREEN,en,5,1
CLOSE,en,5,1
DRIVE,en,5,1
SHORT,en,5,1
MEANS,en,5,1
DAILY,en,5,1
BEACH,en,5,1
COSTS,en,5,1
STYLE,en,5,1
FRONT,en,5,1
PARTS,en,5,1
EARLY,en,5,1
MILES,en,5,1
SOUND,en,5,1
WORKS,en,5,1
RULES,en,5,1
FINAL,en,5,1
ADULT,en,5,1
THING,en,5,1
CHEAP,en,5,1
THIRD,en,5,1
GIFTS,en,5,1
COVER,en,5,1
OFTEN,en,5,1
WATCH,en,5,1
DEALS,en,5,1
WORDS,en,5,1
LINUX,en,5,1
JAMES,en,5,1
HEART,en,5,1
ERROR,en,5,1
CLEAR,en,5,1
MAKES,en,5,1
INDIA,en,5,1
TAKEN,en,5,1
KNOWN,en,5,1
CASES,en,5,1
QUICK,en,5,1
WHOLE,en,5,1
LATER,en,5,1
BASIC,en,5,1
SHOWS,en,5,1
ALONG,en,5,1
AMONG,en,5,1
DEATH,en,5,1
SPEED,en,5,1
BRAND,en,5,1
STUFF,en,5,1
JAPAN,en,5,1
DOING,en,5,1
LOANS,en,5,1
SHOES,en,5,1
ENTRY,en,5,1
NOTES,en,5,1
FORCE,en,5,1
RIVER,en,5,1
ALBUM,en,5,1
VIEWS,en,5,1
PLANS,en,5,1
BUILD,en,5,1
TYPES,en,5,1
LINES,en,5,1
APPLY,en,5,1
ASKED,en,5,1
CROSS,en,5,1
WEEKS,en,5,1
LOWER,en,5,1
UNION,en,5,1
NAMES,en,5,1
LEAVE,en,5,1
TEENS,en,5,1
WOMAN,en,5,1
CABLE,en,5,1
SCORE,en,5,1
SHOWN,en,5,1
FLASH,en,5,1
IDEAS,en,5,1
ALLOW,en,5,1
HOMES,en,5,1
SUPER,en,5,1
ASIAN,en,5,1
CAUSE,en,5,1
FOCUS,en,5,1
ROOMS,en,5,1
VOICE,en,5,1
COMES,en,5,1
BROWN,en,5,1
FORMS,en,5,1
GLASS,en,5,1
HAPPY,en,5,1
SMITH,en,5,1
THANK,en,5,1
PRIOR,en,5,1
SPORT,en,5,1
READY,en,5,1
ROUND,en,5,1
BUILT,en,5,1
BLOOD,en,5,1
EARTH,en,5,1
NOKIA,en,5,1
ITALY,en,5,1
BASIS,en,5,1
AWARD,en,5,1
PETER,en,5,1
EXTRA,en,5,1
PUSSY,en,5,1
RATED,en,5,1
QUITE,en,5,1
HORSE,en,5,1
STARS,en,5,1
LISTS,en,5,1
OWNER,en,5,1
TAKES,en,5,1
BRING,en,5,1
INPUT,en,5,1
AGENT,en,5,1
VALID,en,5,1
GRAND,en,5,1
TRIAL,en,5,1
UNITS,en,5,1
WROTE,en,5,1
SHIPS,en,5,1
METAL,en,5,1
FUNDS,en,5,1
GUEST,en,5,1
SEEMS,en,5,1
TRUST,en,5,1
MULTI,en,5,1
GRADE,en,5,1
PANEL,en,5,1
FLOOR,en,5,1
MATCH,en,5,1
PLANT,en,5,1
SENSE,en,5,1
STAGE,en,5,1
GOODS,en,5,1
MAYBE,en,5,1
SPAIN,en,5,1
YOUTH,en,5,1
BREAK,en,5,1
DANCE,en,5,1
APPLE,en,5,1
ENJOY,en,5,1
BLOCK,en,5,1
CIVIL,en,5,1
STEEL,en,5,1
SONGS,en,5,1
FIXED,en,5,1
WRONG,en,5,1
HANDS,en,5,1
PARIS,en,5,1
FULLY,en,5,1
WORTH,en,5,1
PEACE,en,5,1
COAST,en,5,1
GRANT,en,5,1
AGREE,en,5,1
BLOGS,en,5,1
SCALE,en,5,1
STAND,en,5,1
FRAME,en,5,1
CHIEF,en,5,1
GIVES,en,5,1
HEARD,en,5,1
BEGIN,en,5,1
ROYAL,en,5,1
CLEAN,en,5,1
BIBLE,en,5,1
SUITE,en,5,1
VEGAS,en,5,1
CHRIS,en,5,1
PIECE,en,5,1
SHEET,en,5,1
SEVEN,en,5,1
OLDER,en,5,1
CELLS,en,5,1
LOOKS,en,5,1
CALLS,en,5,1
WHOSE,en,5,1
NAKED,en,5,1
LIVES,en,5,1
STONE,en,5,1
TESTS,en,5,1
BUYER,en,5,1
STEVE,en,5,1
LABEL,en,5,1
SCOTT,en,5,1
CANON,en,5,1
WASTE,en,5,1
CHAIR,en,5,1
PHASE,en,5,1
MOTOR,en,5,1
SHIRT,en,5,1
CRIME,en,5,1
COUNT,en,5,1
CLAIM,en,5,1
PATCH,en,5,1
SANTA,en,5,1
ALONE,en,5,1
JONES,en,5,1
SAINT,en,5,1
DRUGS,en,5,1
JOINT,en,5,1
FRESH,en,5,1
DATES,en,5,1
UPPER,en,5,1
PRIME,en,5,1
LIMIT,en,5,1
BEGAN,en,5,1
LOUIS,en,5,1
STEPS,en,5,1
SHOPS,en,5,1
CREEK,en,5,1
URBAN,en,5,1
TOURS,en,5,1
LABOR,en,5,1
ADMIN,en,5,1
HEAVY,en,5,1
SOLID,en,5,1
THEME,en,5,1
PORNO,en,5,1
TOUCH,en,5,1
GOALS,en,5,1
SERVE,en,5,1
MAGIC,en,5,1
MOUNT,en,5,1
SMART,en,5,1
LATIN,en,5,1
AVOID,en,5,1
BIRTH,en,5,1
VIRUS,en,5,1
ABUSE,en,5,1
FACTS,en,5,1
FAITH,en,5,1
CHAIN,en,5,1
MOVED,en,5,1
REACH,en,5,1
SORRY,en,5,1
GAMMA,en,5,1
TRUTH,en,5,1
FILMS,en,5,1
OWNED,en,5,1
DRAFT,en,5,1
CHART,en,5,1
JESUS,en,5,1
CLUBS,en,5,1
EQUAL,en,5,1
CODES,en,5,1
KINDS,en,5,1
TEAMS,en,5,1
FUNNY,en,5,1
TRIED,en,5,1
NAMED,en,5,1
LASER,en,5,1
HARRY,en,5,1
TAXES,en,5,1
MOUSE,en,5,1
BRAIN,en,5,1
DREAM,en,5,1
FALSE,en,5,1
FALLS,en,5,1
STATS,en,5,1
CARRY,en,5,1
HELLO,en,5,1
CLIPS,en,5,1
BRIEF,en,5,1
ENDED,en,5,1
EIGHT,en,5,1
WANTS,en,5,1
ALERT,en,5,1
QUEEN,en,5,1
SWEET,en,5,1
DIEGO,en,5,1
TRUCK,en,5,1
VOTES,en,5,1
OCEAN,en,5,1
SIGNS,en,5,1
DEPTH,en,5,1
TRAIN,en,5,1
FEEDS,en,5,1
ROUTE,en,5,1
FRANK,en,5,1
ANIME,en,5,1
SPEAK,en,5,1
QUERY,en,5,1
RURAL,en,5,1
JUDGE,en,5,1
BYTES,en,5,1
FIGHT,en,5,1
FILED,en,5,1
KOREA,en,5,1
BANKS,en,5,1
KELLY,en,5,1
LEADS,en,5,1
BRIAN,en,5,1
MIAMI,en,5,1
WALES,en,5,1
MINOR,en,5,1
NOTED,en,5,1
SPENT,en,5,1
DAVIS,en,5,1
HELPS,en,5,1
CYCLE,en,5,1
SLEEP,en,5,1
SCENE,en,5,1
DRINK,en,5,1
INTEL,en,5,1
RINGS,en,5,1
HENRY,en,5,1
GUESS,en,5,1
AHEAD,en,5,1
DEVEL,en,5,1
DELTA,en,5,1
CISCO,en,5,1
ALPHA,en,5,1
BONUS,en,5,1
ADOBE,en,5,1
TREES,en,5,1
DRESS,en,5,1
REFER,en,5,1
BABES,en,5,1
LAYER,en,5,1
SPEND,en,5,1
CLOCK,en,5,1
RATIO,en,5,1
PROOF,en,5,1
EMPTY,en,5,1
MAINE,en,5,1
IDEAL,en,5,1
SPECS,en,5,1
PARKS,en,5,1
CREAM,en,5,1
BOXES,en,5,1
HILLS,en,5,1
AWARE,en,5,1
SHAPE,en,5,1
IRISH,en,5,1
FIRMS,en,5,1
USAGE,en,5,1
MIXED,en,5,1
EXIST,en,5,1
WHEEL,en,5,1
ANGEL,en,5,1
WIDTH,en,5,1
NOISE,en,5,1
ARRAY,en,5,1
GREEK,en,5,1
SHARP,en,5,1
OCCUR,en,5,1
KNOWS,en,5,1
COACH,en,5,1
KEVIN,en,5,1
PLATE,en,5,1
LOGIC,en,5,1
SIZES,en,5,1
PLAIN,en,5,1
COSTA,en,5,1
TRAIL,en,5,1
BUDDY,en,5,1
SETUP,en,5,1
BLUES,en,5,1
SCOPE,en,5,1
CRAZY,en,5,1
BEARS,en,5,1
MOUTH,en,5,1
METER,en,5,1
FRUIT,en,5,1
MYSQL,en,5,1
LEWIS,en,5,1
SUGAR,en,5,1
STICK,en,5,1
ALLEN,en,5,1
GENRE,en,5,1
SLIDE,en,5,1
EXACT,en,5,1
BOUND,en,5,1
STORM,en,5,1
MICRO,en,5,1
DOLLS,en,5,1
PAINT,en,5,1
DELAY,en,5,1
PILOT,en,5,1
CZECH,en,5,1
NOVEL,en,5,1
ULTRA,en,5,1
IDAHO,en,5,1
PLAYS,en,5,1
TRULY,en,5,1
LODGE,en,5,1
BOOBS,en,5,1
BROAD,en,5,1
SWISS,en,5,1
SARAH,en,5,1
CLARK,en,5,1
FOODS,en,5,1
GUARD,en,5,1
NEWLY,en,5,1
RAISE,en,5,1
DRAMA,en,5,1
BANDS,en,5,1
LUNCH,en,5,1
DILDO,en,5,1
AUDIT,en,5,1
POLLS,en,5,1
TOWER,en,5,1
YOURS,en,5,1
JASON,en,5,1
SHELL,en,5,1
SOLAR,en,5,1
CATCH,en,5,1
DOUBT,en,5,1
TASKS,en,5,1
CONST,en,5,1
DOORS,en,5,1
FORTH,en,5,1
BRUCE,en,5,1
SPLIT,en,5,1
TWICE,en,5,1
EGYPT,en,5,1
SHIFT,en,5,1
SIMON,en,5,1
MARKS,en,5,1
LOVED,en,5,1
BIRDS,en,5,1
SAVED,en,5,1
SHOTS,en,5,1
MOORE,en,5,1
TREAT,en,5,1
PIANO,en,5,1
RISKS,en,5,1
PORTS,en,5,1
TEACH,en,5,1
RAPID,en,5,1
HAIRY,en,5,1
DUTCH,en,5,1
BOOTS,en,5,1
HOLDS,en,5,1
PULSE,en,5,1
METRO,en,5,1
STRIP,en,5,1
PEARL,en,5,1
PENIS,en,5,1
HEADS,en,5,1
LOGOS,en,5,1
MILFS,en,5,1
HONDA,en,5,1
BILLS,en,5,1
OPERA,en,5,1
ASSET,en,5,1
BLANK,en,5,1
HUMOR,en,5,1
LIVED,en,5,1
TIGHT,en,5,1
MEANT,en,5,1
PLANE,en,5,1
MEETS,en,5,1
TAMPA,en,5,1
GRACE,en,5,1
SUSAN,en,5,1
ADAMS,en,5,1
VILLA,en,5,1
INNER,en,5,1
ROMAN,en,5,1
TASTE,en,5,1
TRIPS,en,5,1
SIDES,en,5,1
TURNS,en,5,1
CACHE,en,5,1
LEASE,en,5,1
PROUD,en,5,1
GIANT,en,5,1
SEATS,en,5,1
ALARM,en,5,1
USUAL,en,5,1
ANGLE,en,5,1
VINYL,en,5,1
WORST,en,5,1
HONOR,en,5,1
EAGLE,en,5,1
PANTS,en,5,1
NURSE,en,5,1
QUIET,en,5,1
COMIC,en,5,1
CROWN,en,5,1
MAKER,en,5,1
CRACK,en,5,1
PICKS,en,5,1
SMOKE,en,5,1
CRAFT,en,5,1
APART,en,5,1
BLIND,en,5,1
COINS,en,5,1
GROSS,en,5,1
EPSON,en,5,1
ACTOR,en,5,1
FINDS,en,5,1
FIFTH,en,5,1
PRIZE,en,5,1
DIRTY,en,5,1
WAYNE,en,5,1
ALIVE,en,5,1
PROVE,en,5,1
WINGS,en,5,1
RIDGE,en,5,1
MODEM,en,5,1
LARRY,en,5,1
SKILL,en,5,1
MOVES,en,5,1
THROW,en,5,1
TREND,en,5,1
RHODE,en,5,1
BUSTY,en,5,1
WORSE,en,5,1
BOATS,en,5,1
TELLS,en,5,1
FIBER,en,5,1
GRAPH,en,5,1
TALKS,en,5,1
BONDS,en,5,1
FRAUD,en,5,1
ROGER,en,5,1
CRASH,en,5,1
INTER,en,5,1
GROVE,en,5,1
SPRAY,en,5,1
ROADS,en,5,1
FACES,en,5,1
COCKS,en,5,1
MAYOR,en,5,1
YIELD,en,5,1
HENCE,en,5,1
RADAR,en,5,1
LAKES,en,5,1
DIARY,en,5,1
KINGS,en,5,1
FLAGS,en,5,1
BAKER,en,5,1
SHOCK,en,5,1
WALLS,en,5,1
EBONY,en,5,1
DRAWN,en,5,1
BEAST,en,5,1
DODGE,en,5,1
PIZZA,en,5,1
YARDS,en,5,1
WOODS,en,5,1
JOKES,en,5,1
TWIKI,en,5,1
GLOBE,en,5,1
DICKE,en,5,1
KERRY,en,5,1
GHOST,en,5,1
PRIDE,en,5,1
KEITH,en,5,1
LINDA,en,5,1
CHILE,en,5,1
MARIA,en,5,1
BRASS,en,5,1
PLAZA,en,5,1
QUEST,en,5,1
TRANS,en,5,1
BOOTY,en,5,1
ACRES,en,5,1
VENUE,en,5,1
VITAL,en,5,1
EXCEL,en,5,1
MODES,en,5,1
ENEMY,en,5,1
WELLS,en,5,1
OPENS,en,5,1
LUCKY,en,5,1
THICK,en,5,1
IRAQI,en,5,1
VISTA,en,5,1
CHIPS,en,5,1
TERRY,en,5,1
FLOOD,en,5,1
ARENA,en,5,1
GROWN,en,5,1
JERRY,en,5,1
SMILE,en,5,1
LANDS,en,5,1
ARMED,en,5,1
LAURA,en,5,1
TOKYO,en,5,1
NIKON,en,5,1
CANDY,en,5,1
PILLS,en,5,1
TIGER,en,5,1
FOLKS,en,5,1
BALLS,en,5,1
BOOST,en,5,1
ICONS,en,5,1
MORAL,en,5,1
KEEPS,en,5,1
POUND,en,5,1
ROSES,en,5,1
BREAD,en,5,1
TOUGH,en,5,1
GONNA,en,5,1
CHEST,en,5,1
BILLY,en,5,1
CRAIG,en,5,1
SOLVE,en,5,1
NANCY,en,5,1
TONES,en,5,1
SIGHT,en,5,1
TOWNS,en,5,1
WORRY,en,5,1
READS,en,5,1
ROLES,en,5,1
GLORY,en,5,1
SAUDI,en,5,1
FAULT,en,5,1
KAREN,en,5,1
JIMMY,en,5,1
RUGBY,en,5,1
FLUID,en,5,1
BARRY,en,5,1
DEVIL,en,5,1
GRASS,en,5,1
MARIE,en,5,1
KENYA,en,5,1
SIZED,en,5,1
MANGA,en,5,1
THEFT,en,5,1
SWING,en,5,1
DATED,en,5,1
SHOOT,en,5,1
ELITE,en,5,1
POEMS,en,5,1
ROBOT,en,5,1
WINDS,en,5,1
GNOME,en,5,1
ROOTS,en,5,1
NOBLE,en,5,1
SHORE,en,5,1
LOVES,en,5,1
LOOSE,en,5,1
SLOTS,en,5,1
ROCKS,en,5,1
GENES,en,5,1
HORNY,en,5,1
HOSTS,en,5,1
ATLAS,en,5,1
FEELS,en,5,1
RALPH,en,5,1
CORPS,en,5,1
LIVER,en,5,1
DECOR,en,5,1
TEXTS,en,5,1
EVANS,en,5,1
FAILS,en,5,1
AGING,en,5,1
ALICE,en,5,1
INTRO,en,5,1
CLERK,en,5,1
MILLS,en,5,1
JEANS,en,5,1
FONTS,en,5,1
FAVOR,en,5,1
SIGMA,en,5,1
XHTML,en,5,1
ASIDE,en,5,1
ESSAY,en,5,1
CAMPS,en,5,1
AARON,en,5,1
TRACE,en,5,1
PACKS,en,5,1
SPOKE,en,5,1
ARROW,en,5,1
ROUGH,en,5,1
WEIRD,en,5,1
HOLES,en,5,1
BLADE,en,5,1
MEALS,en,5,1
ROBIN,en,5,1
STRAP,en,5,1
CROWD,en,5,1
CLOUD,en,5,1
VALVE,en,5,1
KNIFE,en,5,1
SHELF,en,5,1
LIKED,en,5,1
ADOPT,en,5,1
FOTOS,en,5,1
OUTER,en,5,1
TALES,en,5,1
ISLAM,en,5,1
NODES,en,5,1
SEEDS,en,5,1
CITED,en,5,1
SKYPE,en,5,1
TIRED,en,5,1
STEAM,en,5,1
ACUTE,en,5,1
STOOD,en,5,1
CAROL,en,5,1
STACK,en,5,1
CURVE,en,5,1
AMBER,en,5,1
TRUNK,en,5,1
WAVES,en,5,1
CAMEL,en,5,1
LAMPS,en,5,1
JUICE,en,5,1
CHASE,en,5,1
SAUCE,en,5,1
BEADS,en,5,1
FLOWS,en,5,1
FEWER,en,5,1
PROXY,en,5,1
LANKA,en,5,1
VOTED,en,5,1
BIKES,en,5,1
GATES,en,5,1
SLAVE,en,5,1
LYCOS,en,5,1
ZDNET,en,5,1
COMBO,en,5,1
HAVEN,en,5,1
CHARM,en,5,1
BASIN,en,5,1
RANCH,en,5,1
DRUNK,en,5,1
TONER,en,5,1
LATEX,en,5,1
DELHI,en,5,1
ALIEN,en,5,1
BROKE,en,5,1
NEPAL,en,5,1
NYLON,en,5,1
DISCS,en,5,1
ROCKY,en,5,1
FLEET,en,5,1
BUNCH,en,5,1
CENTS,en,5,1
OMEGA,en,5,1
CIVIC,en,5,1
SAVER,en,5,1
GRILL,en,5,1
GRAIN,en,5,1
WANNA,en,5,1
SEEKS,en,5,1
GAINS,en,5,1
SPOTS,en,5,1
SALON,en,5,1
TURBO,en,5,1
THATS,en,5,1
AIMED,en,5,1
RESET,en,5,1
BRUSH,en,5,1
SPARE,en,5,1
KODAK,en,5,1
SKIRT,en,5,1
HONEY,en,5,1
GAUGE,en,5,1
FACED,en,5,1
SIXTH,en,5,1
FARMS,en,5,1
CHEAT,en,5,1
SANDY,en,5,1
MACRO,en,5,1
LAUGH,en,5,1
PITCH,en,5,1
AUTOS,en,5,1
PERRY,en,5,1
DOZEN,en,5,1
TEETH,en,5,1
CLOTH,en,5,1
STAMP,en,5,1
LOTUS,en,5,1
CARGO,en,5,1
SALEM,en,5,1
LIKES,en,5,1
TAPES,en,5,1
ZONES,en,5,1
RACES,en,5,1
MAPLE,en,5,1
DEPOT,en,5,1
BLEND,en,5,1
JULIE,en,5,1
JANET,en,5,1
PHPBB,en,5,1
PROBE,en,5,1
HELEN,en,5,1
LOPEZ,en,5,1
DEBUG,en,5,1
CHUCK,en,5,1
EBOOK,en,5,1
BINGO,en,5,1
MINDS,en,5,1
XANAX,en,5,1
SUNNY,en,5,1
LEEDS,en,5,1
CEDAR,en,5,1
BLAIR,en,5,1
HOPES,en,5,1
MASON,en,5,1
BURNS,en,5,1
PUMPS,en,5,1
MARIO,en,5,1
UTILS,en,5,1
PAIRS,en,5,1
CHOSE,en,5,1
BLAST,en,5,1
TOMMY,en,5,1
BRAKE,en,5,1
CONGO,en,5,1
OLIVE,en,5,1
CYBER,en,5,1
CLONE,en,5,1
DICKS,en,5,1
RELAY,en,5,1
TEARS,en,5,1
OASIS,en,5,1
ANGRY,en,5,1
LOVER,en,5,1
ROLLS,en,5,1
MALTA,en,5,1
DADDY,en,5,1
FERRY,en,5,1
OMAHA,en,5,1
LOADS,en,5,1
MOTEL,en,5,1
RALLY,en,5,1
DYING,en,5,1
STUCK,en,5,1
STOPS,en,5,1
VOCAL,en,5,1
ORGAN,en,5,1
LEMON,en,5,1
TOXIC,en,5,1
BENCH,en,5,1
RIDER,en,5,1
BUTTS,en,5,1
BOBBY,en,5,1
SHEEP,en,5,1
WINES,en,5,1
SALAD,en,5,1
PASTE,en,5,1
KATIE,en,5,1
RELAX,en,5,1
SWORD,en,5,1
SELLS,en,5,1
CORAL,en,5,1
PIXEL,en,5,1
FLOAT,en,5,1
COLIN,en,5,1
PATHS,en,5,1
ACIDS,en,5,1
DAIRY,en,5,1
ADMIT,en,5,1
FANCY,en,5,1
SAMOA,en,5,1
SQUAD,en,5,1
WAGES,en,5,1
MALES,en,5,1
CHAOS,en,5,1
WHEAT,en,5,1
BASES,en,5,1
UNITY,en,5,1
BRIDE,en,5,1
BEGUN,en,5,1
SOCKS,en,5,1
ESSEX,en,5,1
FEVER,en,5,1
DRUMS,en,5,1
ROVER,en,5,1
FLAME,en,5,1
TANKS,en,5,1
SPELL,en,5,1
EMILY,en,5,1
ANNEX,en,5,1
SUDAN,en,5,1
SLUTS,en,5,1
HINTS,en,5,1
WIRED,en,5,1
ELVIS,en,5,1
ARGUE,en,5,1
ARISE,en,5,1
JAMIE,en,5,1
BITCH,en,5,1
CHESS,en,5,1
OSCAR,en,5,1
MENUS,en,5,1
CANAL,en,5,1
AMINO,en,5,1
HERBS,en,5,1
LYING,en,5,1
DRILL,en,5,1
BRYAN,en,5,1
HOBBY,en,5,1
TRIES,en,5,1
TRICK,en,5,1
MYERS,en,5,1
DROPS,en,5,1
WIDER,en,5,1
SCREW,en,5,1
BLAME,en,5,1
FIFTY,en,5,1
UNCLE,en,5,1
JACOB,en,5,1
RANDY,en,5,1
BRICK,en,5,1
NAVAL,en,5,1
DONNA,en,5,1
CABIN,en,5,1
EDDIE,en,5,1
FIRED,en,5,1
PERTH,en,5,1
SYRIA,en,5,1
KLEIN,en,5,1
TIRES,en,5,1
RETRO,en,5,1
ANGER,en,5,1
SUITS,en,5,1
GLENN,en,5,1
HANDY,en,5,1
CROPS,en,5,1
GUILD,en,5,1
TRIBE,en,5,1
BATCH,en,5,1
ALTER,en,5,1
GHANA,en,5,1
EDGES,en,5,1
TWINS,en,5,1
AMEND,en,5,1
CHICK,en,5,1
THONG,en,5,1
MEDAL,en,5,1
WALKS,en,5,1
SUCKS,en,5,1
BOOTH,en,5,1
INDIE,en,5,1
BONES,en,5,1
BREED,en,5,1
POLAR,en,5,1
MSGID,en,5,1
CAREY,en,5,1
DANNY,en,5,1
PATIO,en,5,1
LLOYD,en,5,1
BEANS,en,5,1
ELLIS,en,5,1
SNAKE,en,5,1
JULIA,en,5,1
BERRY,en,5,1
OUGHT,en,5,1
FIXES,en,5,1
SENDS,en,5,1
MAZDA,en,5,1
TIMER,en,5,1
TYLER,en,5,1
VERSE,en,5,1
HIGHS,en,5,1
ELLEN,en,5,1
RACKS,en,5,1
NASTY,en,5,1
TUMOR,en,5,1
WATTS,en,5,1
FORTY,en,5,1
TUBES,en,5,1
FLOYD,en,5,1
QUEUE,en,5,1
SKINS,en,5,1
EXAMS,en,5,1
WELSH,en,5,1
BELLY,en,5,1
HAITI,en,5,1
ELDER,en,5,1
SONIC,en,5,1
THUMB,en,5,1
TWIST,en,5,1
RANKS,en,5,1
DEBUT,en,5,1
VOLVO,en,5,1
PENNY,en,5,1
IVORY,en,5,1
REMIX,en,5,1
ALIAS,en,5,1
NEWER,en,5,1
SPICE,en,5,1
ASCII,en,5,1
DONOR,en,5,1
TRASH,en,5,1
MANOR,en,5,1
DIANE,en,5,1
DISCO,en,5,1
ENDIF,en,5,1
MINUS,en,5,1
MILAN,en,5,1
SHADE,en,5,1
DIGIT,en,5,1
LIONS,en,5,1
POOLS,en,5,1
LYRIC,en,5,1
GRAVE,en,5,1
HOWTO,en,5,1
DEVON,en,5,1
SAVES,en,5,1
LOBBY,en,5,1
PUNCH,en,5,1
GOTTA,en,5,1
KARMA,en,5,1
BETTY,en,5,1
LUCAS,en,5,1
MARDI,en,5,1
SHAKE,en,5,1
HOLLY,en,5,1
SILLY,en,5,1
MERCY,en,5,1
FENCE,en,5,1
DIANA,en,5,1
SHAME,en,5,1
FATAL,en,5,1
FLESH,en,5,1
JESSE,en,5,1
QATAR,en,5,1
SHEER,en,5,1
WITCH,en,5,1
COHEN,en,5,1
PUPPY,en,5,1
KATHY,en,5,1
SMELL,en,5,1
SATIN,en,5,1
PROMO,en,5,1
TUNES,en,5,1
LUCIA,en,5,1
NERVE,en,5,1
RENEW,en,5,1
LOCKS,en,5,1
EUROS,en,5,1
REBEL,en,5,1
HIRED,en,5,1
HINDU,en,5,1
KILLS,en,5,1
SLOPE,en,5,1
NAILS,en,5,1
WHATS,en,5,1
RIDES,en,5,1
REHAB,en,5,1
MERIT,en,5,1
DISKS,en,5,1
CONDO,en,5,1
FAIRY,en,5,1
SHAFT,en,5,1
CASIO,en,5,1
KITTY,en,5,1
DRAIN,en,5,1
MONTE,en,5,1
FIRES,en,5,1
PANIC,en,5,1
LEONE,en,5,1
ONION,en,5,1
BEATS,en,5,1
MERRY,en,5,1
SCUBA,en,5,1
VERDE,en,5,1
DRIED,en,5,1
DERBY,en,5,1
ANNIE,en,5,1
DEREK,en,5,1
STEAL,en,5,1
FEARS,en,5,1
TUNER,en,5,1
ALIKE,en,5,1
SAGEM,en,5,1
SCOUT,en,5,1
DEALT,en,5,1
BUCKS,en,5,1
BADGE,en,5,1
WRIST,en,5,1
HEATH,en,5,1
LEXUS,en,5,1
REALM,en,5,1
JENNY,en,5,1
YEMEN,en,5,1
BUSES,en,5,1
ROUGE,en,5,1
YEAST,en,5,1
KENNY,en,5,1
YUKON,en,5,1
SINGH,en,5,1
BROOK,en,5,1
WIVES,en,5,1
XEROX,en,5,1
SORTS,en,5,1
VSNET,en,5,1
PAPUA,en,5,1
ARMOR,en,5,1
VIRAL,en,5,1
PIPES,en,5,1
LADEN,en,5,1
ARUBA,en,5,1
MERGE,en,5,1
EDGAR,en,5,1
DUBAI,en,5,1
ALLAN,en,5,1
SPERM,en,5,1
FILME,en,5,1
CRAPS,en,5,1
FROST,en,5,1
SALLY,en,5,1
YACHT,en,5,1
TRACY,en,5,1
WHALE,en,5,1
SHARK,en,5,1
GROWS,en,5,1
CLIFF,en,5,1
TRACT,en,5,1
SHINE,en,5,1
WENDY,en,5,1
DIFFS,en,5,1
OZONE,en,5,1
PASTA,en,5,1
SERUM,en,5,1
SWIFT,en,5,1
INBOX,en,5,1
FOCAL,en,5,1
SAMBA,en,5,1
WOUND,en,5,1
BELLE,en,5,1
CINDY,en,5,1
LINED,en,5,1
BOXED,en,5,1
CUBIC,en,5,1
SPIES,en,5,1
ELECT,en,5,1
BUNNY,en,5,1
CHEVY,en,5,1
TIONS,en,5,1
FLYER,en,5,1
BATHS,en,5,1
EMACS,en,5,1
CLIMB,en,5,1
SPARC,en,5,1
DOVER,en,5,1
TOKEN,en,5,1
KINDA,en,5,1
DYLAN,en,5,1
BELTS,en,5,1
BURKE,en,5,1
CLARA,en,5,1
FLUSH,en,5,1
HAYES,en,5,1
MOSES,en,5,1
JOHNS,en,5,1
JEWEL,en,5,1
TEDDY,en,5,1
DRYER,en,5,1
RULED,en,5,1
FUNKY,en,5,1
JOINS,en,5,1
SCARY,en,5,1
MPEGS,en,5,1
CAKES,en,5,1
MIXER,en,5,1
SBJCT,en,5,1
TOOTH,en,5,1
STAYS,en,5,1
DROVE,en,5,1
UPSET,en,5,1
MINES,en,5,1
LOGAN,en,5,1
LANCE,en,5,1
COLON,en,5,1
LANES,en,5,1
PURSE,en,5,1
ALIGN,en,5,1
BLESS,en,5,1
CREST,en,5,1
ALLOY,en,5,1
PLOTS,en,5,1
TULSA,en,5,1
CASEY,en,5,1
DRAWS,en,5,1
BLOOM,en,5,1
LOOPS,en,5,1
SURGE,en,5,1
TAHOE,en,5,1
SOULS,en,5,1
SPANK,en,5,1
VAULT,en,5,1
WIRES,en,5,1
MAILS,en,5,1
BLAKE,en,5,1
ORBIT,en,5,1
NIGER,en,5,1
BACON,en,5,1
PAXIL,en,5,1
SPINE,en,5,1
TROUT,en,5,1
APNIC,en,5,1
FATTY,en,5,1
JOYCE,en,5,1
MARCO,en,5,1
ISAAC,en,5,1
OXIDE,en,5,1
BADLY,en,5,1
SCOOP,en,5,1
SANYO,en,5,1
BLINK,en,5,1
CARLO,en,5,1
TILES,en,5,1
TAMIL,en,5,1
FUZZY,en,5,1
GRAMS,en,5,1
FORGE,en,5,1
DENSE,en,5,1
BRAVE,en,5,1
AWFUL,en,5,1
MEYER,en,5,1
WHORE,en,5,1
WAGON,en,5,1
KNOCK,en,5,1
PEERS,en,5,1
QUILT,en,5,1
NOTRE,en,5,1
MAMBO,en,5,1
FLOUR,en,5,1
CHOIR,en,5,1
BLOND,en,5,1
BURST,en,5,1
WILEY,en,5,1
FIBRE,en,5,1
DAISY,en,5,1
CRUDE,en,5,1
BORED,en,5,1
ALLAH,en,5,1
FARES,en,5,1
HOPED,en,5,1
SAFER,en,5,1
MARSH,en,5,1
RICKY,en,5,1
THETA,en,5,1
STAKE,en,5,1
ARBOR,en,5,1
SEARCH,en,6,1
ONLINE,en,6,1
PEOPLE,en,6,1
HEALTH,en,6,1
SHOULD,en,6,1
SYSTEM,en,6,1
POLICY,en,6,1
NUMBER,en,6,1
PLEASE,en,6,1
RIGHTS,en,6,1
PUBLIC,en,6,1
SCHOOL,en,6,1
REVIEW,en,6,1
UNITED,en,6,1
CENTER,en,6,1
TRAVEL,en,6,1
REPORT,en,6,1
MEMBER,en,6,1
BEFORE,en,6,1
HOTELS,en,6,1
OFFICE,en,6,1
DESIGN,en,6,1
POSTED,en,6,1
WITHIN,en,6,1
STATES,en,6,1
FAMILY,en,6,1
PRICES,en,6,1
SPORTS,en,6,1
COUNTY,en,6,1
ACCESS,en,6,1
CHANGE,en,6,1
RATING,en,6,1
DURING,en,6,1
RETURN,en,6,1
EVENTS,en,6,1
LITTLE,en,6,1
MOVIES,en,6,1
SOURCE,en,6,1
AUTHOR,en,6,1
AROUND,en,6,1
COURSE,en,6,1
CANADA,en,6,1
CREDIT,en,6,1
ESTATE,en,6,1
SELECT,en,6,1
PHOTOS,en,6,1
THREAD,en,6,1
MARKET,en,6,1
REALLY,en,6,1
ACTION,en,6,1
SERIES,en,6,1
SECOND,en,6,1
FORUMS,en,6,1
BETTER,en,6,1
FRIEND,en,6,1
SERVER,en,6,1
ISSUES,en,6,1
STREET,en,6,1
THINGS,en,6,1
PERSON,en,6,1
MOBILE,en,6,1
OFFERS,en,6,1
RECENT,en,6,1
STORES,en,6,1
MEMORY,en,6,1
SOCIAL,en,6,1
AUGUST,en,6,1
CREATE,en,6,1
SINGLE,en,6,1
LATEST,en,6,1
STATUS,en,6,1
BROWSE,en,6,1
SELLER,en,6,1
ALWAYS,en,6,1
RESULT,en,6,1
GROUPS,en,6,1
MAKING,en,6,1
FUTURE,en,6,1
LONDON,en,6,1
BECOME,en,6,1
GARDEN,en,6,1
LISTED,en,6,1
ENERGY,en,6,1
IMAGES,en,6,1
NOTICE,en,6,1
OTHERS,en,6,1
FORMAT,en,6,1
MONTHS,en,6,1
SAFETY,en,6,1
HAVING,en,6,1
COMMON,en,6,1
LIVING,en,6,1
CALLED,en,6,1
PERIOD,en,6,1
WINDOW,en,6,1
FRANCE,en,6,1
REGION,en,6,1
ISLAND,en,6,1
RECORD,en,6,1
DIRECT,en,6,1
UPDATE,en,6,1
EITHER,en,6,1
CENTRE,en,6,1
EUROPE,en,6,1
TOPICS,en,6,1
VIDEOS,en,6,1
GLOBAL,en,6,1
PLAYER,en,6,1
LYRICS,en,6,1
SUBMIT,en,6,1
AMOUNT,en,6,1
THOUGH,en,6,1
THANKS,en,6,1
WEIGHT,en,6,1
CHOOSE,en,6,1
POINTS,en,6,1
CAMERA,en,6,1
DOMAIN,en,6,1
BEAUTY,en,6,1
MODELS,en,6,1
SIMPLE,en,6,1
FRIDAY,en,6,1
ANNUAL,en,6,1
GOOGLE,en,6,1
CHURCH,en,6,1
METHOD,en,6,1
ACTIVE,en,6,1
FIGURE,en,6,1
ENOUGH,en,6,1
HIGHER,en,6,1
YELLOW,en,6,1
FRENCH,en,6,1
NATURE,en,6,1
ORDERS,en,6,1
AFRICA,en,6,1
GROWTH,en,6,1
AGENCY,en,6,1
MONDAY,en,6,1
INCOME,en,6,1
ENGINE,en,6,1
DOUBLE,en,6,1
SCREEN,en,6,1
ACROSS,en,6,1
NEEDED,en,6,1
SEASON,en,6,1
EFFECT,en,6,1
SUNDAY,en,6,1
CASINO,en,6,1
VOLUME,en,6,1
ANYONE,en,6,1
SILVER,en,6,1
INSIDE,en,6,1
MATURE,en,6,1
RATHER,en,6,1
SUPPLY,en,6,1
ROBERT,en,6,1
SKILLS,en,6,1
ADVICE,en,6,1
CAREER,en,6,1
RENTAL,en,6,1
MIDDLE,en,6,1
TAKING,en,6,1
VALUES,en,6,1
COMING,en,6,1
OBJECT,en,6,1
LENGTH,en,6,1
CLIENT,en,6,1
FOLLOW,en,6,1
SAMPLE,en,6,1
GEORGE,en,6,1
CHOICE,en,6,1
ARTIST,en,6,1
LEVELS,en,6,1
LETTER,en,6,1
PHONES,en,6,1
SUMMER,en,6,1
DEGREE,en,6,1
BUTTON,en,6,1
MATTER,en,6,1
CUSTOM,en,6,1
ALMOST,en,6,1
EDITOR,en,6,1
FEMALE,en,6,1
THOMAS,en,6,1
CANCER,en,6,1
REASON,en,6,1
SPRING,en,6,1
ANSWER,en,6,1
POLICE,en,6,1
WANTED,en,6,1
UNIQUE,en,6,1
SURVEY,en,6,1
ANIMAL,en,6,1
MEXICO,en,6,1
SECURE,en,6,1
SIMPLY,en,6,1
PAYPAL,en,6,1
OPTION,en,6,1
MASTER,en,6,1
VALLEY,en,6,1
LARGER,en,6,1
IMPACT,en,6,1
STRONG,en,6,1
GROUND,en,6,1
OWNERS,en,6,1
CITIES,en,6,1
ENSURE,en,6,1
BUDGET,en,6,1
GUIDES,en,6,1
AMAZON,en,6,1
RETAIL,en,6,1
USEFUL,en,6,1
TRYING,en,6,1
MOTHER,en,6,1
JOINED,en,6,1
MODERN,en,6,1
SENIOR,en,6,1
CHARGE,en,6,1
NORMAL,en,6,1
ENTIRE,en,6,1
OUTPUT,en,6,1
LIKELY,en,6,1
INDIAN,en,6,1
DATING,en,6,1
FILTER,en,6,1
LONGER,en,6,1
BEHIND,en,6,1
GERMAN,en,6,1
BUYING,en,6,1
ALLOWS,en,6,1
BOARDS,en,6,1
STRING,en,6,1
UNLESS,en,6,1
TARGET,en,6,1
EXCEPT,en,6,1
MOVING,en,6,1
BRANDS,en,6,1
PLACES,en,6,1
PRETTY,en,6,1
WINTER,en,6,1
BOSTON,en,6,1
INCEST,en,6,1
MEDIUM,en,6,1
ITSELF,en,6,1
PAPERS,en,6,1
AWARDS,en,6,1
STUDIO,en,6,1
READER,en,6,1
DEVICE,en,6,1
REMOTE,en,6,1
THEORY,en,6,1
REMOVE,en,6,1
VISUAL,en,6,1
MARTIN,en,6,1
MANUAL,en,6,1
AGENTS,en,6,1
REPAIR,en,6,1
SECTOR,en,6,1
JERSEY,en,6,1
FATHER,en,6,1
QUOTES,en,6,1
DRIVER,en,6,1
CAMPUS,en,6,1
BEYOND,en,6,1
MUSEUM,en,6,1
FORMER,en,6,1
PARENT,en,6,1
BOTTOM,en,6,1
DETAIL,en,6,1
SWITCH,en,6,1
TITLES,en,6,1
BASKET,en,6,1
WEEKLY,en,6,1
DEMAND,en,6,1
SQUARE,en,6,1
NATION,en,6,1
MODULE,en,6,1
RESORT,en,6,1
RANDOM,en,6,1
MOTION,en,6,1
FOREST,en,6,1
COUPLE,en,6,1
GIVING,en,6,1
CHANCE,en,6,1
VISION,en,6,1
ENDING,en,6,1
LISTEN,en,6,1
ACCEPT,en,6,1
LOWEST,en,6,1
HIGHLY,en,6,1
APPEAR,en,6,1
ACTUAL,en,6,1
COFFEE,en,6,1
EASILY,en,6,1
POSTER,en,6,1
CLOSED,en,6,1
LEAGUE,en,6,1
MINUTE,en,6,1
EFFORT,en,6,1
FIELDS,en,6,1
BREAST,en,6,1
KANSAS,en,6,1
DOCTOR,en,6,1
REDUCE,en,6,1
ENABLE,en,6,1
LEADER,en,6,1
ISRAEL,en,6,1
FLIGHT,en,6,1
POCKET,en,6,1
FACTOR,en,6,1
STREAM,en,6,1
SIGNED,en,6,1
ERRORS,en,6,1
WORKED,en,6,1
SORTED,en,6,1
MYSELF,en,6,1
EXPERT,en,6,1
BECAME,en,6,1
ORANGE,en,6,1
MARINE,en,6,1
GUITAR,en,6,1
SAYING,en,6,1
SPIRIT,en,6,1
CLAIMS,en,6,1
BRANCH,en,6,1
MANAGE,en,6,1
CORNER,en,6,1
OREGON,en,6,1
TABLES,en,6,1
DEFINE,en,6,1
RACING,en,6,1
COLUMN,en,6,1
PLANTS,en,6,1
AVENUE,en,6,1
MENTAL,en,6,1
VIEWED,en,6,1
MOMENT,en,6,1
ATTACK,en,6,1
DAMAGE,en,6,1
PLACED,en,6,1
DOLLAR,en,6,1
BRIDGE,en,6,1
NATIVE,en,6,1
PLAYED,en,6,1
SHIRTS,en,6,1
PROFIT,en,6,1
EXPECT,en,6,1
RUSSIA,en,6,1
GOLDEN,en,6,1
SENATE,en,6,1
FORCES,en,6,1
TURNED,en,6,1
HENTAI,en,6,1
DELETE,en,6,1
SIGNAL,en,6,1
ISSUED,en,6,1
SEXUAL,en,6,1
FLOWER,en,6,1
PASSED,en,6,1
STATED,en,6,1
HAWAII,en,6,1
COVERS,en,6,1
ADULTS,en,6,1
SCRIPT,en,6,1
SERVED,en,6,1
DINING,en,6,1
DAKOTA,en,6,1
HANDLE,en,6,1
PUBMED,en,6,1
LOOKED,en,6,1
LOGGED,en,6,1
LAPTOP,en,6,1
NEARLY,en,6,1
FORGOT,en,6,1
ORIGIN,en,6,1
GAMING,en,6,1
FASTER,en,6,1
DALLAS,en,6,1
BOUGHT,en,6,1
BROKEN,en,6,1
ALASKA,en,6,1
BATTLE,en,6,1
EQUITY,en,6,1
SPEECH,en,6,1
SHARED,en,6,1
SOUNDS,en,6,1
FORCED,en,6,1
HEIGHT,en,6,1
OBTAIN,en,6,1
REMAIN,en,6,1
FAILED,en,6,1
SECRET,en,6,1
AUSTIN,en,6,1
ANDREW,en,6,1
ASSETS,en,6,1
INJURY,en,6,1
JOSEPH,en,6,1
LAWYER,en,6,1
PORTAL,en,6,1
GRATIS,en,6,1
TOWARD,en,6,1
ASSIST,en,6,1
COMICS,en,6,1
HOUSES,en,6,1
POSTAL,en,6,1
FINISH,en,6,1
DANIEL,en,6,1
BRAZIL,en,6,1
STATIC,en,6,1
HUNTER,en,6,1
FAMOUS,en,6,1
WRITER,en,6,1
GENDER,en,6,1
COLOUR,en,6,1
VENDOR,en,6,1
JUNIOR,en,6,1
LADIES,en,6,1
TICKET,en,6,1
AGREED,en,6,1
SOCCER,en,6,1
IMPORT,en,6,1
CHRIST,en,6,1
SCHEME,en,6,1
MANNER,en,6,1
MATRIX,en,6,1
TURKEY,en,6,1
PROPER,en,6,1
INCHES,en,6,1
SHARES,en,6,1
VOYEUR,en,6,1
COLORS,en,6,1
APPEAL,en,6,1
CRUISE,en,6,1
DISNEY,en,6,1
DRIVES,en,6,1
DEALER,en,6,1
NEARBY,en,6,1
HAPPEN,en,6,1
MILLER,en,6,1
CAUSED,en,6,1
LUXURY,en,6,1
FRAMES,en,6,1
VIAGRA,en,6,1
INDEED,en,6,1
EASIER,en,6,1
ADDING,en,6,1
MOSTLY,en,6,1
TAYLOR,en,6,1
PRINTS,en,6,1
SUITES,en,6,1
HIDDEN,en,6,1
SERIAL,en,6,1
RELIEF,en,6,1
PLANET,en,6,1
COPIES,en,6,1
RECIPE,en,6,1
PERMIT,en,6,1
SEEING,en,6,1
TENNIS,en,6,1
BUREAU,en,6,1
PIECES,en,6,1
DINNER,en,6,1
SYDNEY,en,6,1
STRESS,en,6,1
TRENDS,en,6,1
FOURTH,en,6,1
WILSON,en,6,1
CHARTS,en,6,1
CENSUS,en,6,1
POETRY,en,6,1
LIGHTS,en,6,1
FORGET,en,6,1
SISTER,en,6,1
NEWEST,en,6,1
EXTENT,en,6,1
EXPORT,en,6,1
SWEDEN,en,6,1
BACKUP,en,6,1
SPREAD,en,6,1
EXPAND,en,6,1
JORDAN,en,6,1
AFFECT,en,6,1
VIRGIN,en,6,1
RAISED,en,6,1
BLONDE,en,6,1
ALBUMS,en,6,1
CHEATS,en,6,1
GUESTS,en,6,1
HOSTED,en,6,1
NEVADA,en,6,1
AGENDA,en,6,1
ANYWAY,en,6,1
TRACKS,en,6,1
PRINCE,en,6,1
CIRCLE,en,6,1
GRANTS,en,6,1
EDWARD,en,6,1
LAUNCH,en,6,1
SYMBOL,en,6,1
CRAFTS,en,6,1
FISCAL,en,6,1
STYLES,en,6,1
DENVER,en,6,1
FILLED,en,6,1
NOTIFY,en,6,1
CABLES,en,6,1
COTTON,en,6,1
DENTAL,en,6,1
KILLED,en,6,1
BORDER,en,6,1
DEBATE,en,6,1
STARTS,en,6,1
CAUSES,en,6,1
OPENED,en,6,1
SCORES,en,6,1
COMEDY,en,6,1
WEBLOG,en,6,1
LINEAR,en,6,1
EDITED,en,6,1
JEWISH,en,6,1
LINKED,en,6,1
WONDER,en,6,1
BEGINS,en,6,1
REFORM,en,6,1
ALERTS,en,6,1
ASSUME,en,6,1
HOWARD,en,6,1
LEAVES,en,6,1
CHECKS,en,6,1
SAFARI,en,6,1
TESTED,en,6,1
FORMAL,en,6,1
HOCKEY,en,6,1
SHOWED,en,6,1
CANCEL,en,6,1
LIMITS,en,6,1
OUTLET,en,6,1
WINNER,en,6,1
POTTER,en,6,1
MODIFY,en,6,1
OXFORD,en,6,1
PATENT,en,6,1
EATING,en,6,1
MIRROR,en,6,1
KERNEL,en,6,1
STOCKS,en,6,1
BUYERS,en,6,1
TAIWAN,en,6,1
CHOSEN,en,6,1
GREECE,en,6,1
LABOUR,en,6,1
NIGHTS,en,6,1
BEHALF,en,6,1
LIQUID,en,6,1
SALARY,en,6,1
SAVING,en,6,1
EMPIRE,en,6,1
RESUME,en,6,1
TWENTY,en,6,1
AVATAR,en,6,1
HELPED,en,6,1
DECIDE,en,6,1
GUINEA,en,6,1
MUSCLE,en,6,1
ATTEND,en,6,1
SHOWER,en,6,1
HOLDEM,en,6,1
SEEMED,en,6,1
FINDER,en,6,1
UNABLE,en,6,1
INSERT,en,6,1
ALUMNI,en,6,1
THEMES,en,6,1
POWERS,en,6,1
HEAVEN,en,6,1
NORWAY,en,6,1
ASKING,en,6,1
BLOCKS,en,6,1
BODIES,en,6,1
PAYING,en,6,1
CARBON,en,6,1
CRISIS,en,6,1
BRIGHT,en,6,1
HEADER,en,6,1
FORMED,en,6,1
SHEETS,en,6,1
PUERTO,en,6,1
PLASMA,en,6,1
BANNER,en,6,1
DREAMS,en,6,1
STANDS,en,6,1
LATINA,en,6,1
WHEELS,en,6,1
SEXCAM,en,6,1
ROUTER,en,6,1
POLAND,en,6,1
FOLDER,en,6,1
WOMENS,en,6,1
UPLOAD,en,6,1
VOTING,en,6,1
COURTS,en,6,1
REGARD,en,6,1
EXISTS,en,6,1
SMOOTH,en,6,1
STRIKE,en,6,1
NARROW,en,6,1
THREAT,en,6,1
CASTLE,en,6,1
MISSED,en,6,1
LABELS,en,6,1
ACTING,en,6,1
STORED,en,6,1
STABLE,en,6,1
LESSON,en,6,1
CINEMA,en,6,1
SEVERE,en,6,1
DELUXE,en,6,1
FABRIC,en,6,1
VISITS,en,6,1
FLYING,en,6,1
BERLIN,en,6,1
POUNDS,en,6,1
DESIRE,en,6,1
CAUGHT,en,6,1
MARKED,en,6,1
DRIVEN,en,6,1
BOTTLE,en,6,1
RUBBER,en,6,1
LEGEND,en,6,1
PYTHON,en,6,1
ENTITY,en,6,1
HOLDER,en,6,1
DUTIES,en,6,1
EROTIC,en,6,1
ETHICS,en,6,1
DRAGON,en,6,1
BRINGS,en,6,1
STEREO,en,6,1
COMMIT,en,6,1
JACKET,en,6,1
ORACLE,en,6,1
EXCESS,en,6,1
STAMPS,en,6,1
MINING,en,6,1
GARAGE,en,6,1
THONGS,en,6,1
MORGAN,en,6,1
PRAYER,en,6,1
CHEESE,en,6,1
FETISH,en,6,1
APACHE,en,6,1
FELLOW,en,6,1
LOUNGE,en,6,1
HILTON,en,6,1
HORROR,en,6,1
DEBIAN,en,6,1
MAINLY,en,6,1
ETHNIC,en,6,1
OCCURS,en,6,1
LAYOUT,en,6,1
HORSES,en,6,1
DONATE,en,6,1
TAUGHT,en,6,1
WORKER,en,6,1
TEMPLE,en,6,1
BREAKS,en,6,1
WATERS,en,6,1
PREFER,en,6,1
HARRIS,en,6,1
TOYOTA,en,6,1
VECTOR,en,6,1
SHAVED,en,6,1
BUFFER,en,6,1
PURPLE,en,6,1
MUTUAL,en,6,1
SYNTAX,en,6,1
PRISON,en,6,1
CHAIRS,en,6,1
SIERRA,en,6,1
DESERT,en,6,1
OLDEST,en,6,1
STEVEN,en,6,1
SUMMIT,en,6,1
SPACES,en,6,1
ESCAPE,en,6,1
CIALIS,en,6,1
GLANCE,en,6,1
ARCADE,en,6,1
FILING,en,6,1
FOSTER,en,6,1
TRIALS,en,6,1
TISSUE,en,6,1
ASPECT,en,6,1
COUNTS,en,6,1
PRICED,en,6,1
CLOSER,en,6,1
SHADOW,en,6,1
RIDING,en,6,1
CLINIC,en,6,1
KOREAN,en,6,1
PACKET,en,6,1
FUNDED,en,6,1
EXTEND,en,6,1
DUBLIN,en,6,1
NELSON,en,6,1
MURDER,en,6,1
GRADES,en,6,1
DIGEST,en,6,1
RESCUE,en,6,1
LOSSES,en,6,1
COMBAT,en,6,1
ABROAD,en,6,1
ARTHUR,en,6,1
WALKER,en,6,1
GORDON,en,6,1
SERVES,en,6,1
PALACE,en,6,1
VERIFY,en,6,1
COPPER,en,6,1
NOBODY,en,6,1
CLOUDY,en,6,1
PLENTY,en,6,1
THROAT,en,6,1
IGNORE,en,6,1
WEALTH,en,6,1
VACUUM,en,6,1
WRITES,en,6,1
PLATES,en,6,1
ESSAYS,en,6,1
FAIRLY,en,6,1
CONFIG,en,6,1
STUPID,en,6,1
HARBOR,en,6,1
PUZZLE,en,6,1
RISING,en,6,1
LATTER,en,6,1
REPEAT,en,6,1
PUPILS,en,6,1
CASUAL,en,6,1
POLISH,en,6,1
LOVELY,en,6,1
EXTRAS,en,6,1
CLAUSE,en,6,1
TROOPS,en,6,1
INDOOR,en,6,1
BROKER,en,6,1
TRUCKS,en,6,1
PARTLY,en,6,1
DONALD,en,6,1
SENSOR,en,6,1
ANGELS,en,6,1
DEPUTY,en,6,1
SEALED,en,6,1
LOADED,en,6,1
SCENES,en,6,1
TRANNY,en,6,1
FINGER,en,6,1
LOCATE,en,6,1
WOODEN,en,6,1
MOTORS,en,6,1
SHORTS,en,6,1
JOHNNY,en,6,1
FACING,en,6,1
REFUND,en,6,1
TREMBL,en,6,1
EMAILS,en,6,1
CYPRUS,en,6,1
MAKERS,en,6,1
HEARTS,en,6,1
CARTER,en,6,1
LEGACY,en,6,1
DANGER,en,6,1
WIDELY,en,6,1
PHRASE,en,6,1
HYBRID,en,6,1
BIGGER,en,6,1
DIESEL,en,6,1
VERSUS,en,6,1
EXCEED,en,6,1
BABIES,en,6,1
ALBERT,en,6,1
GRAHAM,en,6,1
COMPAQ,en,6,1
SLOWLY,en,6,1
INFANT,en,6,1
SAMUEL,en,6,1
UNLIKE,en,6,1
WRIGHT,en,6,1
PROVEN,en,6,1
CACHED,en,6,1
WARREN,en,6,1
COMPLY,en,6,1
CHERRY,en,6,1
WEBCAM,en,6,1
NUTTEN,en,6,1
QUEBEC,en,6,1
DENNIS,en,6,1
SOCKET,en,6,1
SILENT,en,6,1
HUMANS,en,6,1
ANALOG,en,6,1
FACIAL,en,6,1
TALENT,en,6,1
SEEKER,en,6,1
WISDOM,en,6,1
OFFSET,en,6,1
PAYDAY,en,6,1
PHILIP,en,6,1
STAGES,en,6,1
POWDER,en,6,1
ASSESS,en,6,1
STONES,en,6,1
LOSING,en,6,1
GOSPEL,en,6,1
KNIGHT,en,6,1
EARNED,en,6,1
PARKER,en,6,1
TRIPLE,en,6,1
COOPER,en,6,1
TITANS,en,6,1
SOUGHT,en,6,1
MEDIAN,en,6,1
HEREIN,en,6,1
BASICS,en,6,1
CARPET,en,6,1
STRUCT,en,6,1
LENSES,en,6,1
BINARY,en,6,1
WALTER,en,6,1
WARNER,en,6,1
INKJET,en,6,1
WIZARD,en,6,1
ACTORS,en,6,1
LIABLE,en,6,1
MORRIS,en,6,1
EMINEM,en,6,1
RECALL,en,6,1
PICKED,en,6,1
BELIEF,en,6,1
BIKINI,en,6,1
LOOKUP,en,6,1
OTTAWA,en,6,1
REFINE,en,6,1
BIDDER,en,6,1
SINGER,en,6,1
HERALD,en,6,1
PLUGIN,en,6,1
DIVING,en,6,1
INVITE,en,6,1
TERROR,en,6,1
THIRTY,en,6,1
REFERS,en,6,1
VICTIM,en,6,1
ARRIVE,en,6,1
SUNSET,en,6,1
FRAMED,en,6,1
INFORM,en,6,1
MURRAY,en,6,1
INTENT,en,6,1
OXYGEN,en,6,1
COOKIE,en,6,1
CANYON,en,6,1
METERS,en,6,1
MERELY,en,6,1
PASSES,en,6,1
DURHAM,en,6,1
MUSLIM,en,6,1
SLEEVE,en,6,1
STROKE,en,6,1
SHARON,en,6,1
GLOVES,en,6,1
SKIING,en,6,1
FLICKR,en,6,1
TIMING,en,6,1
DENIED,en,6,1
FUCKED,en,6,1
DEATHS,en,6,1
RIVERS,en,6,1
THUMBS,en,6,1
TWELVE,en,6,1
DECADE,en,6,1
TITTEN,en,6,1
DRINKS,en,6,1
VOICES,en,6,1
HONEST,en,6,1
ALBANY,en,6,1
CODING,en,6,1
HIKING,en,6,1
PIERRE,en,6,1
ARABIA,en,6,1
PANAMA,en,6,1
ATHENS,en,6,1
JUDGES,en,6,1
WALKED,en,6,1
NISSAN,en,6,1
AFRAID,en,6,1
NORTON,en,6,1
LOCKED,en,6,1
FUSION,en,6,1
CANVAS,en,6,1
PARISH,en,6,1
COUPON,en,6,1
NURSES,en,6,1
TAGGED,en,6,1
KILLER,en,6,1
BISHOP,en,6,1
PULLED,en,6,1
SHAPED,en,6,1
FARMER,en,6,1
HEROES,en,6,1
FLORAL,en,6,1
FISHER,en,6,1
SPEARS,en,6,1
DILDOS,en,6,1
WORLDS,en,6,1
GUILTY,en,6,1
TABLET,en,6,1
CRIMES,en,6,1
MOSCOW,en,6,1
THESIS,en,6,1
PIXELS,en,6,1
TOTALS,en,6,1
AFFORD,en,6,1
TURNER,en,6,1
SPOKEN,en,6,1
STAYED,en,6,1
REDEEM,en,6,1
ROGERS,en,6,1
REGIME,en,6,1
WISHES,en,6,1
DEPEND,en,6,1
DIFFER,en,6,1
MONICA,en,6,1
BREATH,en,6,1
CANDLE,en,6,1
HERBAL,en,6,1
LOVING,en,6,1
DEEMED,en,6,1
HACKER,en,6,1
MADRID,en,6,1
MARGIN,en,6,1
SOLELY,en,6,1
NORMAN,en,6,1
HEADED,en,6,1
VOTERS,en,6,1
MURPHY,en,6,1
THINKS,en,6,1
JUSTIN,en,6,1
TRICKS,en,6,1
PANELS,en,6,1
TONGUE,en,6,1
DANISH,en,6,1
MONKEY,en,6,1
INVEST,en,6,1
LOVERS,en,6,1
ATOMIC,en,6,1
APPROX,en,6,1
ARABIC,en,6,1
RACHEL,en,6,1
CHAINS,en,6,1
ENGAGE,en,6,1
QUOTED,en,6,1
BRONZE,en,6,1
SENDER,en,6,1
SPOUSE,en,6,1
EXOTIC,en,6,1
VIEWER,en,6,1
SIGNUP,en,6,1
PROVED,en,6,1
SALMON,en,6,1
BUTTER,en,6,1
PEPPER,en,6,1
WEAPON,en,6,1
BURDEN,en,6,1
FINEST,en,6,1
REALTY,en,6,1
AUTUMN,en,6,1
TOILET,en,6,1
RANKED,en,6,1
ROUTES,en,6,1
PACKED,en,6,1
TIMELY,en,6,1
TALKED,en,6,1
VILLAS,en,6,1
PEEING,en,6,1
BROOKS,en,6,1
NEWTON,en,6,1
WHILST,en,6,1
PROMPT,en,6,1
EBOOKS,en,6,1
VICTOR,en,6,1
ATTACH,en,6,1
SPIDER,en,6,1
RANGES,en,6,1
TRAILS,en,6,1
HUDSON,en,6,1
DIVINE,en,6,1
DIALOG,en,6,1
VENUES,en,6,1
SHIELD,en,6,1
PRAGUE,en,6,1
PICKUP,en,6,1
NASCAR,en,6,1
SACRED,en,6,1
CHROME,en,6,1
OLIVER,en,6,1
DELAYS,en,6,1
SCORED,en,6,1
LAMBDA,en,6,1
BELONG,en,6,1
ESCORT,en,6,1
BARNES,en,6,1
RABBIT,en,6,1
UNIONS,en,6,1
FROZEN,en,6,1
SCALES,en,6,1
STRAIN,en,6,1
YAMAHA,en,6,1
HEBREW,en,6,1
GAINED,en,6,1
ADJUST,en,6,1
SOVIET,en,6,1
TREATY,en,6,1
VIENNA,en,6,1
CHAPEL,en,6,1
LAYERS,en,6,1
GUIDED,en,6,1
POWELL,en,6,1
RADIUS,en,6,1
HARDER,en,6,1
STUART,en,6,1
MONROE,en,6,1
TENDER,en,6,1
CLOUDS,en,6,1
EASTER,en,6,1
PRAISE,en,6,1
JEREMY,en,6,1
VENICE,en,6,1
HARDLY,en,6,1
ABSENT,en,6,1
HOPING,en,6,1
BUBBLE,en,6,1
VESSEL,en,6,1
LAUREN,en,6,1
ASHLEY,en,6,1
SCROLL,en,6,1
RELATE,en,6,1
SUFFER,en,6,1
RETAIN,en,6,1
TUNNEL,en,6,1
GENRES,en,6,1
BEAVER,en,6,1
KIJIJI,en,6,1
EAGLES,en,6,1
ANCHOR,en,6,1
PARADE,en,6,1
HIRING,en,6,1
CLOCKS,en,6,1
SURELY,en,6,1
STYLUS,en,6,1
ARNOLD,en,6,1
CHICKS,en,6,1
CATTLE,en,6,1
RELOAD,en,6,1
KUWAIT,en,6,1
STRUCK,en,6,1
BRIDAL,en,6,1
TRIBAL,en,6,1
REBATE,en,6,1
MEETUP,en,6,1
CYCLES,en,6,1
DETECT,en,6,1
BUTLER,en,6,1
TWINKS,en,6,1
TECHNO,en,6,1
IMMUNE,en,6,1
LATVIA,en,6,1
RARELY,en,6,1
MARTHA,en,6,1
TRAINS,en,6,1
METALS,en,6,1
CELTIC,en,6,1
ADVISE,en,6,1
BOXING,en,6,1
HUGHES,en,6,1
REVEAL,en,6,1
WATSON,en,6,1
STRICT,en,6,1
SADDAM,en,6,1
INLINE,en,6,1
TIMBER,en,6,1
RULING,en,6,1
STEADY,en,6,1
HOURLY,en,6,1
GENEVA,en,6,1
HANDED,en,6,1
INTAKE,en,6,1
TUCSON,en,6,1
ASSURE,en,6,1
SODIUM,en,6,1
THEHUN,en,6,1
DECENT,en,6,1
DAYTON,en,6,1
CARLOS,en,6,1
VALIUM,en,6,1
UGANDA,en,6,1
TRIVIA,en,6,1
ADIDAS,en,6,1
HARVEY,en,6,1
HAZARD,en,6,1
FRUITS,en,6,1
RIBBON,en,6,1
SUZUKI,en,6,1
EXEMPT,en,6,1
DISHES,en,6,1
REFUSE,en,6,1
TRADES,en,6,1
SUPERB,en,6,1
FLOORS,en,6,1
SPEAKS,en,6,1
BURTON,en,6,1
COPIED,en,6,1
SCOTIA,en,6,1
GIBSON,en,6,1
ROLLER,en,6,1
NICOLE,en,6,1
LATINO,en,6,1
MIXING,en,6,1
FITTED,en,6,1
ASTHMA,en,6,1
REWARD,en,6,1
ZAMBIA,en,6,1
SPRINT,en,6,1
INPUTS,en,6,1
GENOME,en,6,1
KNIVES,en,6,1
HONORS,en,6,1
FALLEN,en,6,1
SUSSEX,en,6,1
GATHER,en,6,1
BACKED,en,6,1
ALFRED,en,6,1
MOTELS,en,6,1
SLIGHT,en,6,1
MSGSTR,en,6,1
ARREST,en,6,1
ADIPEX,en,6,1
DEEPLY,en,6,1
MARINA,en,6,1
PRIZES,en,6,1
BOSNIA,en,6,1
OPTICS,en,6,1
PURSUE,en,6,1
NIPPLE,en,6,1
PLAINS,en,6,1
LONELY,en,6,1
HEREBY,en,6,1
COLLAR,en,6,1
RACIAL,en,6,1
AMANDA,en,6,1
KELKOO,en,6,1
NOVELS,en,6,1
SAFELY,en,6,1
FINITE,en,6,1
KIDNEY,en,6,1
ALLIED,en,6,1
THROWS,en,6,1
ROSTER,en,6,1
NASDAQ,en,6,1
TUNING,en,6,1
GOTTEN,en,6,1
ROCKET,en,6,1
BULLET,en,6,1
TOWERS,en,6,1
DUNCAN,en,6,1
PRIEST,en,6,1
RONALD,en,6,1
TRANCE,en,6,1
LOCALE,en,6,1
BUNDLE,en,6,1
HAMMER,en,6,1
RUNNER,en,6,1
NOTION,en,6,1
MAILED,en,6,1
ARCTIC,en,6,1
DEFEND,en,6,1
STOLEN,en,6,1
AGREES,en,6,1
CHEERS,en,6,1
ZONING,en,6,1
MIGHTY,en,6,1
HOLMES,en,6,1
GALAXY,en,6,1
CARING,en,6,1
ITUNES,en,6,1
BURIED,en,6,1
NEWBIE,en,6,1
DARWIN,en,6,1
MILTON,en,6,1
MARKER,en,6,1
SANDRA,en,6,1
MONACO,en,6,1
BELIZE,en,6,1
ROBUST,en,6,1
PORTER,en,6,1
JUNGLE,en,6,1
ALPINE,en,6,1
ANDALE,en,6,1
COOLER,en,6,1
SHAPES,en,6,1
ANDREA,en,6,1
BREEDS,en,6,1
RAPIDS,en,6,1
BAILEY,en,6,1
EUGENE,en,6,1
METRIC,en,6,1
JOSHUA,en,6,1
VARIED,en,6,1
GRANDE,en,6,1
ASSIGN,en,6,1
TIGERS,en,6,1
AURORA,en,6,1
SLIDES,en,6,1
LENDER,en,6,1
CHORUS,en,6,1
RHYTHM,en,6,1
ARGUED,en,6,1
CLARKE,en,6,1
SUDDEN,en,6,1
CLAIRE,en,6,1
SPEEDS,en,6,1
VOCALS,en,6,1
CHUBBY,en,6,1
BURNER,en,6,1
GENTLE,en,6,1
DEEPER,en,6,1
WORTHY,en,6,1
SAINTS,en,6,1
HELENA,en,6,1
MARION,en,6,1
COWBOY,en,6,1
QUEENS,en,6,1
TRIBES,en,6,1
DEFEAT,en,6,1
CLICKS,en,6,1
HARPER,en,6,1
TENANT,en,6,1
TATTOO,en,6,1
FREELY,en,6,1
MARCUS,en,6,1
NUDIST,en,6,1
REMEDY,en,6,1
GENIUS,en,6,1
BARELY,en,6,1
PAMELA,en,6,1
MARBLE,en,6,1
SURREY,en,6,1
BELKIN,en,6,1
GIANTS,en,6,1
SOLVED,en,6,1
MAGNET,en,6,1
CAYMAN,en,6,1
JAGUAR,en,6,1
POSING,en,6,1
URGENT,en,6,1
GOTHIC,en,6,1
GRAPHS,en,6,1
PATROL,en,6,1
DIVIDE,en,6,1
MAILTO,en,6,1
BORING,en,6,1
SCHEMA,en,6,1
PREFIX,en,6,1
BARREL,en,6,1
TYPING,en,6,1
HAROLD,en,6,1
FLOPPY,en,6,1
NAMELY,en,6,1
AERIAL,en,6,1
MAKEUP,en,6,1
NATHAN,en,6,1
TOBAGO,en,6,1
WICKED,en,6,1
PUSHED,en,6,1
REGGAE,en,6,1
SATURN,en,6,1
ENZYME,en,6,1
ZSHOPS,en,6,1
PLANES,en,6,1
TACKLE,en,6,1
AMBIEN,en,6,1
VERNON,en,6,1
BUILDS,en,6,1
LESLIE,en,6,1
FAVORS,en,6,1
POTATO,en,6,1
STICKS,en,6,1
EXCUSE,en,6,1
STRAND,en,6,1
CHEQUE,en,6,1
REJECT,en,6,1
ITALIC,en,6,1
VALUED,en,6,1
BATMAN,en,6,1
LUTHER,en,6,1
SETTLE,en,6,1
PALMER,en,6,1
SCENIC,en,6,1
SEWING,en,6,1
MUNICH,en,6,1
CELEBS,en,6,1
TRUSTS,en,6,1
PILLOW,en,6,1
HARLEY,en,6,1
FINALS,en,6,1
PARCEL,en,6,1
ROLLED,en,6,1
FLAVOR,en,6,1
HUNGRY,en,6,1
MALAWI,en,6,1
CURTIS,en,6,1
LESSER,en,6,1
CHARMS,en,6,1
TRADER,en,6,1
DENIAL,en,6,1
THROWN,en,6,1
RAISES,en,6,1
BALLOT,en,6,1
ANGOLA,en,6,1
SQUIRT,en,6,1
HELMET,en,6,1
NICKEL,en,6,1
WALLET,en,6,1
COATED,en,6,1
INTEND,en,6,1
LOUISE,en,6,1
BEINGS,en,6,1
HABITS,en,6,1
ACCENT,en,6,1
ELEVEN,en,6,1
AUBURN,en,6,1
UNLOCK,en,6,1
PLEDGE,en,6,1
ANGELA,en,6,1
MERGER,en,6,1
NEXTEL,en,6,1
RWANDA,en,6,1
RIDERS,en,6,1
REMARK,en,6,1
DOZENS,en,6,1
VARIES,en,6,1
GUARDS,en,6,1
NUDITY,en,6,1
KRUGER,en,6,1
GRANNY,en,6,1
FLEECE,en,6,1
PIERCE,en,6,1
BREACH,en,6,1
WIRING,en,6,1
PASTOR,en,6,1
CALVIN,en,6,1
PHASES,en,6,1
BALLET,en,6,1
BUMPER,en,6,1
GARLIC,en,6,1
BANNED,en,6,1
BRIEFS,en,6,1
MUMBAI,en,6,1
RADIOS,en,6,1
TARIFF,en,6,1
NVIDIA,en,6,1
VAGINA,en,6,1
HOSTEL,en,6,1
EMPLOY,en,6,1
YEARLY,en,6,1
LOLITA,en,6,1
MARVEL,en,6,1
PETITE,en,6,1
STRIPS,en,6,1
GOSSIP,en,6,1
ROTARY,en,6,1
KINASE,en,6,1
SKIRTS,en,6,1
SERBIA,en,6,1
GUYANA,en,6,1
DEADLY,en,6,1
ROUNDS,en,6,1
DOSAGE,en,6,1
BAKING,en,6,1
NEEDLE,en,6,1
BRAKES,en,6,1
STICKY,en,6,1
HEATED,en,6,1
JACKIE,en,6,1
ADRIAN,en,6,1
BRUTAL,en,6,1
YIELDS,en,6,1
SUITED,en,6,1
BLACKS,en,6,1
CURVES,en,6,1
VERTEX,en,6,1
TOMATO,en,6,1
WAIVER,en,6,1
GARCIA,en,6,1
VALVES,en,6,1
DONORS,en,6,1
BUFING,en,6,1
JULIAN,en,6,1
VELVET,en,6,1
WESLEY,en,6,1
LATELY,en,6,1
BRUNEI,en,6,1
BANANA,en,6,1
SLOVAK,en,6,1
BLOODY,en,6,1
REMIND,en,6,1
AFFAIR,en,6,1
WASHER,en,6,1
BESIDE,en,6,1
MENTOR,en,6,1
FOUGHT,en,6,1
METRES,en,6,1
PENCIL,en,6,1
FREEZE,en,6,1
TITLED,en,6,1
SPHERE,en,6,1
RATIOS,en,6,1
WALNUT,en,6,1
LADDER,en,6,1
ITALIA,en,6,1
HANSEN,en,6,1
ORGASM,en,6,1
CONDOS,en,6,1
GENTLY,en,6,1
FRIDGE,en,6,1
FRASER,en,6,1
BLADES,en,6,1
TRAUMA,en,6,1
ADVERT,en,6,1
SUBARU,en,6,1
PICNIC,en,6,1
HOLLOW,en,6,1
GROOVE,en,6,1
SLEEPS,en,6,1
TRAVIS,en,6,1
HEATER,en,6,1
COLONY,en,6,1
CANNON,en,6,1
CIRCUS,en,6,1
FORBES,en,6,1
COOKED,en,6,1
GERALD,en,6,1
HUNGER,en,6,1
MARIAH,en,6,1
CEMENT,en,6,1
CLOSES,en,6,1
VIOLIN,en,6,1
NAPLES,en,6,1
MODEMS,en,6,1
PROZAC,en,6,1
NEWARK,en,6,1
TURTLE,en,6,1
WARNED,en,6,1
NEURAL,en,6,1
FOSSIL,en,6,1
APOLLO,en,6,1
GREENE,en,6,1
ROBOTS,en,6,1
NESTED,en,6,1
MOVERS,en,6,1
VERBAL,en,6,1
BRYANT,en,6,1
VOYUER,en,6,1
GARMIN,en,6,1
RENDER,en,6,1
CARMEN,en,6,1
IMPOSE,en,6,1
ENTERS,en,6,1
SAVAGE,en,6,1
WILLOW,en,6,1
BARBIE,en,6,1
FAVOUR,en,6,1
ROLAND,en,6,1
MOUNTS,en,6,1
MICHEL,en,6,1
SUBTLE,en,6,1
CRADLE,en,6,1
VIRTUE,en,6,1
CORPUS,en,6,1
SHADES,en,6,1
ADWARE,en,6,1
ZOLOFT,en,6,1
ULTRAM,en,6,1
CURSOR,en,6,1
MAIDEN,en,6,1
VIKING,en,6,1
MYRTLE,en,6,1
BOTHER,en,6,1
BHUTAN,en,6,1
MATING,en,6,1
UNWRAP,en,6,1
RESIST,en,6,1
WAGNER,en,6,1
RANGER,en,6,1
NEWMAN,en,6,1
SCARED,en,6,1
ASYLUM,en,6,1
ROBBIE,en,6,1
POISON,en,6,1