SEARCH,en,6,1
ONLINE,en,6,1
PEOPLE,en,6,1
HEALTH,en,6,1
SHOULD,en,6,1
SYSTEM,en,6,1
POLICY,en,6,1
NUMBER,en,6,1
PLEASE,en,6,1
RIGHTS,en,6,1
PUBLIC,en,6,1
SCHOOL,en,6,1
REVIEW,en,6,1
UNITED,en,6,1
CENTER,en,6,1
TRAVEL,en,6,1
REPORT,en,6,1
MEMBER,en,6,1
BEFORE,en,6,1
HOTELS,en,6,1
OFFICE,en,6,1
DESIGN,en,6,1
POSTED,en,6,1
WITHIN,en,6,1
STATES,en,6,1
FAMILY,en,6,1
PRICES,en,6,1
SPORTS,en,6,1
COUNTY,en,6,1
ACCESS,en,6,1
CHANGE,en,6,1
RATING,en,6,1
DURING,en,6,1
RETURN,en,6,1
EVENTS,en,6,1
LITTLE,en,6,1
MOVIES,en,6,1
SOURCE,en,6,1
AUTHOR,en,6,1
AROUND,en,6,1
COURSE,en,6,1
CANADA,en,6,1
CREDIT,en,6,1
ESTATE,en,6,1
SELECT,en,6,1
PHOTOS,en,6,1
THREAD,en,6,1
MARKET,en,6,1
REALLY,en,6,1
ACTION,en,6,1
SERIES,en,6,1
SECOND,en,6,1
FORUMS,en,6,1
BETTER,en,6,1
FRIEND,en,6,1
SERVER,en,6,1
ISSUES,en,6,1
STREET,en,6,1
THINGS,en,6,1
PERSON,en,6,1
MOBILE,en,6,1
OFFERS,en,6,1
RECENT,en,6,1
STORES,en,6,1
MEMORY,en,6,1
SOCIAL,en,6,1
AUGUST,en,6,1
CREATE,en,6,1
SINGLE,en,6,1
LATEST,en,6,1
STATUS,en,6,1
BROWSE,en,6,1
SELLER,en,6,1
ALWAYS,en,6,1
RESULT,en,6,1
GROUPS,en,6,1
MAKING,en,6,1
FUTURE,en,6,1
LONDON,en,6,1
BECOME,en,6,1
GARDEN,en,6,1
LISTED,en,6,1
ENERGY,en,6,1
IMAGES,en,6,1
NOTICE,en,6,1
OTHERS,en,6,1
FORMAT,en,6,1
MONTHS,en,6,1
SAFETY,en,6,1
HAVING,en,6,1
COMMON,en,6,1
LIVING,en,6,1
CALLED,en,6,1
PERIOD,en,6,1
WINDOW,en,6,1
FRANCE,en,6,1
REGION,en,6,1
ISLAND,en,6,1
RECORD,en,6,1
DIRECT,en,6,1
UPDATE,en,6,1
EITHER,en,6,1
CENTRE,en,6,1
EUROPE,en,6,1
TOPICS,en,6,1
VIDEOS,en,6,1
GLOBAL,en,6,1
PLAYER,en,6,1
LYRICS,en,6,1
SUBMIT,en,6,1
AMOUNT,en,6,1
THOUGH,en,6,1
THANKS,en,6,1
WEIGHT,en,6,1
CHOOSE,en,6,1
POINTS,en,6,1
CAMERA,en,6,1
DOMAIN,en,6,1
BEAUTY,en,6,1
MODELS,en,6,1
SIMPLE,en,6,1
FRIDAY,en,6,1
ANNUAL,en,6,1
GOOGLE,en,6,1
CHURCH,en,6,1
METHOD,en,6,1
ACTIVE,en,6,1
FIGURE,en,6,1
ENOUGH,en,6,1
HIGHER,en,6,1
YELLOW,en,6,1
FRENCH,en,6,1
NATURE,en,6,1
ORDERS,en,6,1
AFRICA,en,6,1
GROWTH,en,6,1
AGENCY,en,6,1
MONDAY,en,6,1
INCOME,en,6,1
ENGINE,en,6,1
DOUBLE,en,6,1
SCREEN,en,6,1
ACROSS,en,6,1
NEEDED,en,6,1
SEASON,en,6,1
EFFECT,en,6,1
SUNDAY,en,6,1
CASINO,en,6,1
VOLUME,en,6,1
ANYONE,en,6,1
SILVER,en,6,1
INSIDE,en,6,1
MATURE,en,6,1
RATHER,en,6,1
SUPPLY,en,6,1
ROBERT,en,6,1
SKILLS,en,6,1
ADVICE,en,6,1
CAREER,en,6,1
RENTAL,en,6,1
MIDDLE,en,6,1
TAKING,en,6,1
VALUES,en,6,1
COMING,en,6,1
OBJECT,en,6,1
LENGTH,en,6,1
CLIENT,en,6,1
FOLLOW,en,6,1
SAMPLE,en,6,1
GEORGE,en,6,1
CHOICE,en,6,1
ARTIST,en,6,1
LEVELS,en,6,1
LETTER,en,6,1
PHONES,en,6,1
SUMMER,en,6,1
DEGREE,en,6,1
BUTTON,en,6,1
MATTER,en,6,1
CUSTOM,en,6,1
ALMOST,en,6,1
EDITOR,en,6,1
FEMALE,en,6,1
THOMAS,en,6,1
CANCER,en,6,1
REASON,en,6,1
SPRING,en,6,1
ANSWER,en,6,1
POLICE,en,6,1
WANTED,en,6,1
UNIQUE,en,6,1
SURVEY,en,6,1
ANIMAL,en,6,1
MEXICO,en,6,1
SECURE,en,6,1
SIMPLY,en,6,1
PAYPAL,en,6,1
OPTION,en,6,1
MASTER,en,6,1
VALLEY,en,6,1
LARGER,en,6,1
IMPACT,en,6,1
STRONG,en,6,1
GROUND,en,6,1
OWNERS,en,6,1
CITIES,en,6,1
ENSURE,en,6,1
BUDGET,en,6,1
GUIDES,en,6,1
AMAZON,en,6,1
RETAIL,en,6,1
USEFUL,en,6,1
TRYING,en,6,1
MOTHER,en,6,1
JOINED,en,6,1
MODERN,en,6,1
SENIOR,en,6,1
CHARGE,en,6,1
NORMAL,en,6,1
ENTIRE,en,6,1
OUTPUT,en,6,1
LIKELY,en,6,1
INDIAN,en,6,1
DATING,en,6,1
FILTER,en,6,1
LONGER,en,6,1
BEHIND,en,6,1
GERMAN,en,6,1
BUYING,en,6,1
ALLOWS,en,6,1
BOARDS,en,6,1
STRING,en,6,1
UNLESS,en,6,1
TARGET,en,6,1
EXCEPT,en,6,1
MOVING,en,6,1
BRANDS,en,6,1
PLACES,en,6,1
PRETTY,en,6,1
WINTER,en,6,1
BOSTON,en,6,1
INCEST,en,6,1
MEDIUM,en,6,1
ITSELF,en,6,1
PAPERS,en,6,1
AWARDS,en,6,1
STUDIO,en,6,1
READER,en,6,1
DEVICE,en,6,1
REMOTE,en,6,1
THEORY,en,6,1
REMOVE,en,6,1
VISUAL,en,6,1
MARTIN,en,6,1
MANUAL,en,6,1
AGENTS,en,6,1
REPAIR,en,6,1
SECTOR,en,6,1
JERSEY,en,6,1
FATHER,en,6,1
QUOTES,en,6,1
DRIVER,en,6,1
CAMPUS,en,6,1
BEYOND,en,6,1
MUSEUM,en,6,1
FORMER,en,6,1
PARENT,en,6,1
BOTTOM,en,6,1
DETAIL,en,6,1
SWITCH,en,6,1
TITLES,en,6,1
BASKET,en,6,1
WEEKLY,en,6,1
DEMAND,en,6,1
SQUARE,en,6,1
NATION,en,6,1
MODULE,en,6,1
RESORT,en,6,1
RANDOM,en,6,1
MOTION,en,6,1
FOREST,en,6,1
COUPLE,en,6,1
GIVING,en,6,1
CHANCE,en,6,1
VISION,en,6,1
ENDING,en,6,1
LISTEN,en,6,1
ACCEPT,en,6,1
LOWEST,en,6,1
HIGHLY,en,6,1
APPEAR,en,6,1
ACTUAL,en,6,1
COFFEE,en,6,1
EASILY,en,6,1
POSTER,en,6,1
CLOSED,en,6,1
LEAGUE,en,6,1
MINUTE,en,6,1
EFFORT,en,6,1
FIELDS,en,6,1
BREAST,en,6,1
KANSAS,en,6,1
DOCTOR,en,6,1
REDUCE,en,6,1
ENABLE,en,6,1
LEADER,en,6,1
ISRAEL,en,6,1
FLIGHT,en,6,1
POCKET,en,6,1
FACTOR,en,6,1
STREAM,en,6,1
SIGNED,en,6,1
ERRORS,en,6,1
WORKED,en,6,1
SORTED,en,6,1
MYSELF,en,6,1
EXPERT,en,6,1
BECAME,en,6,1
ORANGE,en,6,1
MARINE,en,6,1
GUITAR,en,6,1
SAYING,en,6,1
SPIRIT,en,6,1
CLAIMS,en,6,1
BRANCH,en,6,1
MANAGE,en,6,1
CORNER,en,6,1
OREGON,en,6,1
TABLES,en,6,1
DEFINE,en,6,1
RACING,en,6,1
COLUMN,en,6,1
PLANTS,en,6,1
AVENUE,en,6,1
MENTAL,en,6,1
VIEWED,en,6,1
MOMENT,en,6,1
ATTACK,en,6,1
DAMAGE,en,6,1
PLACED,en,6,1
DOLLAR,en,6,1
BRIDGE,en,6,1
NATIVE,en,6,1
PLAYED,en,6,1
SHIRTS,en,6,1
PROFIT,en,6,1
EXPECT,en,6,1
RUSSIA,en,6,1
GOLDEN,en,6,1
SENATE,en,6,1
FORCES,en,6,1
TURNED,en,6,1
HENTAI,en,6,1
DELETE,en,6,1
SIGNAL,en,6,1
ISSUED,en,6,1
SEXUAL,en,6,1
FLOWER,en,6,1
PASSED,en,6,1
STATED,en,6,1
HAWAII,en,6,1
COVERS,en,6,1
ADULTS,en,6,1
SCRIPT,en,6,1
SERVED,en,6,1
DINING,en,6,1
DAKOTA,en,6,1
HANDLE,en,6,1
PUBMED,en,6,1
LOOKED,en,6,1
LOGGED,en,6,1
LAPTOP,en,6,1
NEARLY,en,6,1
FORGOT,en,6,1
ORIGIN,en,6,1
GAMING,en,6,1
FASTER,en,6,1
DALLAS,en,6,1
BOUGHT,en,6,1
BROKEN,en,6,1
ALASKA,en,6,1
BATTLE,en,6,1
EQUITY,en,6,1
SPEECH,en,6,1
SHARED,en,6,1
SOUNDS,en,6,1
FORCED,en,6,1
HEIGHT,en,6,1
OBTAIN,en,6,1
REMAIN,en,6,1
FAILED,en,6,1
SECRET,en,6,1
AUSTIN,en,6,1
ANDREW,en,6,1
ASSETS,en,6,1
INJURY,en,6,1
JOSEPH,en,6,1
LAWYER,en,6,1
PORTAL,en,6,1
GRATIS,en,6,1
TOWARD,en,6,1
ASSIST,en,6,1
COMICS,en,6,1
HOUSES,en,6,1
POSTAL,en,6,1
FINISH,en,6,1
DANIEL,en,6,1
BRAZIL,en,6,1
STATIC,en,6,1
HUNTER,en,6,1
FAMOUS,en,6,1
WRITER,en,6,1
GENDER,en,6,1
COLOUR,en,6,1
VENDOR,en,6,1
JUNIOR,en,6,1
LADIES,en,6,1
TICKET,en,6,1
AGREED,en,6,1
SOCCER,en,6,1
IMPORT,en,6,1
CHRIST,en,6,1
SCHEME,en,6,1
MANNER,en,6,1
MATRIX,en,6,1
TURKEY,en,6,1
PROPER,en,6,1
INCHES,en,6,1
SHARES,en,6,1
VOYEUR,en,6,1
COLORS,en,6,1
APPEAL,en,6,1
CRUISE,en,6,1
DISNEY,en,6,1
DRIVES,en,6,1
DEALER,en,6,1
NEARBY,en,6,1
HAPPEN,en,6,1
MILLER,en,6,1
CAUSED,en,6,1
LUXURY,en,6,1
FRAMES,en,6,1
VIAGRA,en,6,1
INDEED,en,6,1
EASIER,en,6,1
ADDING,en,6,1
MOSTLY,en,6,1
TAYLOR,en,6,1
PRINTS,en,6,1
SUITES,en,6,1
HIDDEN,en,6,1
SERIAL,en,6,1
RELIEF,en,6,1
PLANET,en,6,1
COPIES,en,6,1
RECIPE,en,6,1
PERMIT,en,6,1
SEEING,en,6,1
TENNIS,en,6,1
BUREAU,en,6,1
PIECES,en,6,1
DINNER,en,6,1
SYDNEY,en,6,1
STRESS,en,6,1
TRENDS,en,6,1
FOURTH,en,6,1
WILSON,en,6,1
CHARTS,en,6,1
CENSUS,en,6,1
POETRY,en,6,1
LIGHTS,en,6,1
FORGET,en,6,1
SISTER,en,6,1
NEWEST,en,6,1
EXTENT,en,6,1
EXPORT,en,6,1
SWEDEN,en,6,1
BACKUP,en,6,1
SPREAD,en,6,1
EXPAND,en,6,1
JORDAN,en,6,1
AFFECT,en,6,1
VIRGIN,en,6,1
RAISED,en,6,1
BLONDE,en,6,1
ALBUMS,en,6,1
CHEATS,en,6,1
GUESTS,en,6,1
HOSTED,en,6,1
NEVADA,en,6,1
AGENDA,en,6,1
ANYWAY,en,6,1
TRACKS,en,6,1
PRINCE,en,6,1
CIRCLE,en,6,1
GRANTS,en,6,1
EDWARD,en,6,1
LAUNCH,en,6,1
SYMBOL,en,6,1
CRAFTS,en,6,1
FISCAL,en,6,1
STYLES,en,6,1
DENVER,en,6,1
FILLED,en,6,1
NOTIFY,en,6,1
CABLES,en,6,1
COTTON,en,6,1
DENTAL,en,6,1
KILLED,en,6,1
BORDER,en,6,1
DEBATE,en,6,1
STARTS,en,6,1
CAUSES,en,6,1
OPENED,en,6,1
SCORES,en,6,1
COMEDY,en,6,1
WEBLOG,en,6,1
LINEAR,en,6,1
EDITED,en,6,1
JEWISH,en,6,1
LINKED,en,6,1
WONDER,en,6,1
BEGINS,en,6,1
REFORM,en,6,1
ALERTS,en,6,1
ASSUME,en,6,1
HOWARD,en,6,1
LEAVES,en,6,1
CHECKS,en,6,1
SAFARI,en,6,1
TESTED,en,6,1
FORMAL,en,6,1
HOCKEY,en,6,1
SHOWED,en,6,1
CANCEL,en,6,1
LIMITS,en,6,1
OUTLET,en,6,1
WINNER,en,6,1
POTTER,en,6,1
MODIFY,en,6,1
OXFORD,en,6,1
PATENT,en,6,1
EATING,en,6,1
MIRROR,en,6,1
KERNEL,en,6,1
STOCKS,en,6,1
BUYERS,en,6,1
TAIWAN,en,6,1
CHOSEN,en,6,1
GREECE,en,6,1
LABOUR,en,6,1
NIGHTS,en,6,1
BEHALF,en,6,1
LIQUID,en,6,1
SALARY,en,6,1
SAVING,en,6,1
EMPIRE,en,6,1
RESUME,en,6,1
TWENTY,en,6,1
AVATAR,en,6,1
HELPED,en,6,1
DECIDE,en,6,1
GUINEA,en,6,1
MUSCLE,en,6,1
ATTEND,en,6,1
SHOWER,en,6,1
HOLDEM,en,6,1
SEEMED,en,6,1
FINDER,en,6,1
UNABLE,en,6,1
INSERT,en,6,1
ALUMNI,en,6,1
THEMES,en,6,1
POWERS,en,6,1
HEAVEN,en,6,1
NORWAY,en,6,1
ASKING,en,6,1
BLOCKS,en,6,1
BODIES,en,6,1
PAYING,en,6,1
CARBON,en,6,1
CRISIS,en,6,1
BRIGHT,en,6,1
HEADER,en,6,1
FORMED,en,6,1
SHEETS,en,6,1
PUERTO,en,6,1
PLASMA,en,6,1
BANNER,en,6,1
DREAMS,en,6,1
STANDS,en,6,1
LATINA,en,6,1
WHEELS,en,6,1
SEXCAM,en,6,1
ROUTER,en,6,1
POLAND,en,6,1
FOLDER,en,6,1
WOMENS,en,6,1
UPLOAD,en,6,1
VOTING,en,6,1
COURTS,en,6,1
REGARD,en,6,1
EXISTS,en,6,1
SMOOTH,en,6,1
STRIKE,en,6,1
NARROW,en,6,1
THREAT,en,6,1
CASTLE,en,6,1
MISSED,en,6,1
LABELS,en,6,1
ACTING,en,6,1
STORED,en,6,1
STABLE,en,6,1
LESSON,en,6,1
CINEMA,en,6,1
SEVERE,en,6,1
DELUXE,en,6,1
FABRIC,en,6,1
VISITS,en,6,1
FLYING,en,6,1
BERLIN,en,6,1
POUNDS,en,6,1
DESIRE,en,6,1
CAUGHT,en,6,1
MARKED,en,6,1
DRIVEN,en,6,1
BOTTLE,en,6,1
RUBBER,en,6,1
LEGEND,en,6,1
PYTHON,en,6,1
ENTITY,en,6,1
HOLDER,en,6,1
DUTIES,en,6,1
EROTIC,en,6,1
ETHICS,en,6,1
DRAGON,en,6,1
BRINGS,en,6,1
STEREO,en,6,1
COMMIT,en,6,1
JACKET,en,6,1
ORACLE,en,6,1
EXCESS,en,6,1
STAMPS,en,6,1
MINING,en,6,1
GARAGE,en,6,1
THONGS,en,6,1
MORGAN,en,6,1
PRAYER,en,6,1
CHEESE,en,6,1
FETISH,en,6,1
APACHE,en,6,1
FELLOW,en,6,1
LOUNGE,en,6,1
HILTON,en,6,1
HORROR,en,6,1
DEBIAN,en,6,1
MAINLY,en,6,1
ETHNIC,en,6,1
OCCURS,en,6,1
LAYOUT,en,6,1
HORSES,en,6,1
DONATE,en,6,1
TAUGHT,en,6,1
WORKER,en,6,1
TEMPLE,en,6,1
BREAKS,en,6,1
WATERS,en,6,1
PREFER,en,6,1
HARRIS,en,6,1
TOYOTA,en,6,1
VECTOR,en,6,1
SHAVED,en,6,1
BUFFER,en,6,1
PURPLE,en,6,1
MUTUAL,en,6,1
SYNTAX,en,6,1
PRISON,en,6,1
CHAIRS,en,6,1
SIERRA,en,6,1
DESERT,en,6,1
OLDEST,en,6,1
STEVEN,en,6,1
SUMMIT,en,6,1
SPACES,en,6,1
ESCAPE,en,6,1
CIALIS,en,6,1
GLANCE,en,6,1
ARCADE,en,6,1
FILING,en,6,1
FOSTER,en,6,1
TRIALS,en,6,1
TISSUE,en,6,1
ASPECT,en,6,1
COUNTS,en,6,1
PRICED,en,6,1
CLOSER,en,6,1
SHADOW,en,6,1
RIDING,en,6,1
CLINIC,en,6,1
KOREAN,en,6,1
PACKET,en,6,1
FUNDED,en,6,1
EXTEND,en,6,1
DUBLIN,en,6,1
NELSON,en,6,1
MURDER,en,6,1
GRADES,en,6,1
DIGEST,en,6,1
RESCUE,en,6,1
LOSSES,en,6,1
COMBAT,en,6,1
ABROAD,en,6,1
ARTHUR,en,6,1
WALKER,en,6,1
GORDON,en,6,1
SERVES,en,6,1
PALACE,en,6,1
VERIFY,en,6,1
COPPER,en,6,1
NOBODY,en,6,1
CLOUDY,en,6,1
PLENTY,en,6,1
THROAT,en,6,1
IGNORE,en,6,1
WEALTH,en,6,1
VACUUM,en,6,1
WRITES,en,6,1
PLATES,en,6,1
ESSAYS,en,6,1
FAIRLY,en,6,1
CONFIG,en,6,1
STUPID,en,6,1
HARBOR,en,6,1
PUZZLE,en,6,1
RISING,en,6,1
LATTER,en,6,1
REPEAT,en,6,1
PUPILS,en,6,1
CASUAL,en,6,1
POLISH,en,6,1
LOVELY,en,6,1
EXTRAS,en,6,1
CLAUSE,en,6,1
TROOPS,en,6,1
INDOOR,en,6,1
BROKER,en,6,1
TRUCKS,en,6,1
PARTLY,en,6,1
DONALD,en,6,1
SENSOR,en,6,1
ANGELS,en,6,1
DEPUTY,en,6,1
SEALED,en,6,1
LOADED,en,6,1
SCENES,en,6,1
TRANNY,en,6,1
FINGER,en,6,1
LOCATE,en,6,1
WOODEN,en,6,1
MOTORS,en,6,1
SHORTS,en,6,1
JOHNNY,en,6,1
FACING,en,6,1
REFUND,en,6,1
TREMBL,en,6,1
EMAILS,en,6,1
CYPRUS,en,6,1
MAKERS,en,6,1
HEARTS,en,6,1
CARTER,en,6,1
LEGACY,en,6,1
DANGER,en,6,1
WIDELY,en,6,1
PHRASE,en,6,1
HYBRID,en,6,1
BIGGER,en,6,1
DIESEL,en,6,1
VERSUS,en,6,1
EXCEED,en,6,1
BABIES,en,6,1
ALBERT,en,6,1
GRAHAM,en,6,1
COMPAQ,en,6,1
SLOWLY,en,6,1
INFANT,en,6,1
SAMUEL,en,6,1
UNLIKE,en,6,1
WRIGHT,en,6,1
PROVEN,en,6,1
CACHED,en,6,1
WARREN,en,6,1
COMPLY,en,6,1
CHERRY,en,6,1
WEBCAM,en,6,1
NUTTEN,en,6,1
QUEBEC,en,6,1
DENNIS,en,6,1
SOCKET,en,6,1
SILENT,en,6,1
HUMANS,en,6,1
ANALOG,en,6,1
FACIAL,en,6,1
TALENT,en,6,1
SEEKER,en,6,1
WISDOM,en,6,1
OFFSET,en,6,1
PAYDAY,en,6,1
PHILIP,en,6,1
STAGES,en,6,1
POWDER,en,6,1
ASSESS,en,6,1
STONES,en,6,1
LOSING,en,6,1
GOSPEL,en,6,1
KNIGHT,en,6,1
EARNED,en,6,1
PARKER,en,6,1
TRIPLE,en,6,1
COOPER,en,6,1
TITANS,en,6,1
SOUGHT,en,6,1
MEDIAN,en,6,1
HEREIN,en,6,1
BASICS,en,6,1
CARPET,en,6,1
STRUCT,en,6,1
LENSES,en,6,1
BINARY,en,6,1
WALTER,en,6,1
WARNER,en,6,1
INKJET,en,6,1
WIZARD,en,6,1
ACTORS,en,6,1
LIABLE,en,6,1
MORRIS,en,6,1
EMINEM,en,6,1
RECALL,en,6,1
PICKED,en,6,1
BELIEF,en,6,1
BIKINI,en,6,1
LOOKUP,en,6,1
OTTAWA,en,6,1
REFINE,en,6,1
BIDDER,en,6,1
SINGER,en,6,1
HERALD,en,6,1
PLUGIN,en,6,1
DIVING,en,6,1
INVITE,en,6,1
TERROR,en,6,1
THIRTY,en,6,1
REFERS,en,6,1
VICTIM,en,6,1
ARRIVE,en,6,1
SUNSET,en,6,1
FRAMED,en,6,1
INFORM,en,6,1
MURRAY,en,6,1
INTENT,en,6,1
OXYGEN,en,6,1
COOKIE,en,6,1
CANYON,en,6,1
METERS,en,6,1
MERELY,en,6,1
PASSES,en,6,1
DURHAM,en,6,1
MUSLIM,en,6,1
SLEEVE,en,6,1
STROKE,en,6,1
SHARON,en,6,1
GLOVES,en,6,1
SKIING,en,6,1
FLICKR,en,6,1
TIMING,en,6,1
DENIED,en,6,1
FUCKED,en,6,1
DEATHS,en,6,1
RIVERS,en,6,1
THUMBS,en,6,1
TWELVE,en,6,1
DECADE,en,6,1
TITTEN,en,6,1
DRINKS,en,6,1
VOICES,en,6,1
HONEST,en,6,1
ALBANY,en,6,1
CODING,en,6,1
HIKING,en,6,1
PIERRE,en,6,1
ARABIA,en,6,1
PANAMA,en,6,1
ATHENS,en,6,1
JUDGES,en,6,1
WALKED,en,6,1
NISSAN,en,6,1
AFRAID,en,6,1
NORTON,en,6,1
LOCKED,en,6,1
FUSION,en,6,1
CANVAS,en,6,1
PARISH,en,6,1
COUPON,en,6,1
NURSES,en,6,1
TAGGED,en,6,1
KILLER,en,6,1
BISHOP,en,6,1
PULLED,en,6,1
SHAPED,en,6,1
FARMER,en,6,1
HEROES,en,6,1
FLORAL,en,6,1
FISHER,en,6,1
SPEARS,en,6,1
DILDOS,en,6,1
WORLDS,en,6,1
GUILTY,en,6,1
TABLET,en,6,1
CRIMES,en,6,1
MOSCOW,en,6,1
THESIS,en,6,1
PIXELS,en,6,1
TOTALS,en,6,1
AFFORD,en,6,1
TURNER,en,6,1
SPOKEN,en,6,1
STAYED,en,6,1
REDEEM,en,6,1
ROGERS,en,6,1
REGIME,en,6,1
WISHES,en,6,1
DEPEND,en,6,1
DIFFER,en,6,1
MONICA,en,6,1
BREATH,en,6,1
CANDLE,en,6,1
HERBAL,en,6,1
LOVING,en,6,1
DEEMED,en,6,1
HACKER,en,6,1
MADRID,en,6,1
MARGIN,en,6,1
SOLELY,en,6,1
NORMAN,en,6,1
HEADED,en,6,1
VOTERS,en,6,1
MURPHY,en,6,1
THINKS,en,6,1
JUSTIN,en,6,1
TRICKS,en,6,1
PANELS,en,6,1
TONGUE,en,6,1
DANISH,en,6,1
MONKEY,en,6,1
INVEST,en,6,1
LOVERS,en,6,1
ATOMIC,en,6,1
APPROX,en,6,1
ARABIC,en,6,1
RACHEL,en,6,1
CHAINS,en,6,1
ENGAGE,en,6,1
QUOTED,en,6,1
BRONZE,en,6,1
SENDER,en,6,1
SPOUSE,en,6,1
EXOTIC,en,6,1
VIEWER,en,6,1
SIGNUP,en,6,1
PROVED,en,6,1
SALMON,en,6,1
BUTTER,en,6,1
PEPPER,en,6,1
WEAPON,en,6,1
BURDEN,en,6,1
FINEST,en,6,1
REALTY,en,6,1
AUTUMN,en,6,1
TOILET,en,6,1
RANKED,en,6,1
ROUTES,en,6,1
PACKED,en,6,1
TIMELY,en,6,1
TALKED,en,6,1
VILLAS,en,6,1
PEEING,en,6,1
BROOKS,en,6,1
NEWTON,en,6,1
WHILST,en,6,1
PROMPT,en,6,1
EBOOKS,en,6,1
VICTOR,en,6,1
ATTACH,en,6,1
SPIDER,en,6,1
RANGES,en,6,1
TRAILS,en,6,1
HUDSON,en,6,1
DIVINE,en,6,1
DIALOG,en,6,1
VENUES,en,6,1
SHIELD,en,6,1
PRAGUE,en,6,1
PICKUP,en,6,1
NASCAR,en,6,1
SACRED,en,6,1
CHROME,en,6,1
OLIVER,en,6,1
DELAYS,en,6,1
SCORED,en,6,1
LAMBDA,en,6,1
BELONG,en,6,1
ESCORT,en,6,1
BARNES,en,6,1
RABBIT,en,6,1
UNIONS,en,6,1
FROZEN,en,6,1
SCALES,en,6,1
STRAIN,en,6,1
YAMAHA,en,6,1
HEBREW,en,6,1
GAINED,en,6,1
ADJUST,en,6,1
SOVIET,en,6,1
TREATY,en,6,1
VIENNA,en,6,1
CHAPEL,en,6,1
LAYERS,en,6,1
GUIDED,en,6,1
POWELL,en,6,1
RADIUS,en,6,1
HARDER,en,6,1
STUART,en,6,1
MONROE,en,6,1
TENDER,en,6,1
CLOUDS,en,6,1
EASTER,en,6,1
PRAISE,en,6,1
JEREMY,en,6,1
VENICE,en,6,1
HARDLY,en,6,1
ABSENT,en,6,1
HOPING,en,6,1
BUBBLE,en,6,1
VESSEL,en,6,1
LAUREN,en,6,1
ASHLEY,en,6,1
SCROLL,en,6,1
RELATE,en,6,1
SUFFER,en,6,1
RETAIN,en,6,1
TUNNEL,en,6,1
GENRES,en,6,1
BEAVER,en,6,1
KIJIJI,en,6,1
EAGLES,en,6,1
ANCHOR,en,6,1
PARADE,en,6,1
HIRING,en,6,1
CLOCKS,en,6,1
SURELY,en,6,1
STYLUS,en,6,1
ARNOLD,en,6,1
CHICKS,en,6,1
CATTLE,en,6,1
RELOAD,en,6,1
KUWAIT,en,6,1
STRUCK,en,6,1
BRIDAL,en,6,1
TRIBAL,en,6,1
REBATE,en,6,1
MEETUP,en,6,1
CYCLES,en,6,1
DETECT,en,6,1
BUTLER,en,6,1
TWINKS,en,6,1
TECHNO,en,6,1
IMMUNE,en,6,1
LATVIA,en,6,1
RARELY,en,6,1
MARTHA,en,6,1
TRAINS,en,6,1
METALS,en,6,1
CELTIC,en,6,1
ADVISE,en,6,1
BOXING,en,6,1
HUGHES,en,6,1
REVEAL,en,6,1
WATSON,en,6,1
STRICT,en,6,1
SADDAM,en,6,1
INLINE,en,6,1
TIMBER,en,6,1
RULING,en,6,1
STEADY,en,6,1
HOURLY,en,6,1
GENEVA,en,6,1
HANDED,en,6,1
INTAKE,en,6,1
TUCSON,en,6,1
ASSURE,en,6,1
SODIUM,en,6,1
THEHUN,en,6,1
DECENT,en,6,1
DAYTON,en,6,1
CARLOS,en,6,1
VALIUM,en,6,1
UGANDA,en,6,1
TRIVIA,en,6,1
ADIDAS,en,6,1
HARVEY,en,6,1
HAZARD,en,6,1
FRUITS,en,6,1
RIBBON,en,6,1
SUZUKI,en,6,1
EXEMPT,en,6,1
DISHES,en,6,1
REFUSE,en,6,1
TRADES,en,6,1
SUPERB,en,6,1
FLOORS,en,6,1
SPEAKS,en,6,1
BURTON,en,6,1
COPIED,en,6,1
SCOTIA,en,6,1
GIBSON,en,6,1
ROLLER,en,6,1
NICOLE,en,6,1
LATINO,en,6,1
MIXING,en,6,1
FITTED,en,6,1
ASTHMA,en,6,1
REWARD,en,6,1
ZAMBIA,en,6,1
SPRINT,en,6,1
INPUTS,en,6,1
GENOME,en,6,1
KNIVES,en,6,1
HONORS,en,6,1
FALLEN,en,6,1
SUSSEX,en,6,1
GATHER,en,6,1
BACKED,en,6,1
ALFRED,en,6,1
MOTELS,en,6,1
SLIGHT,en,6,1
MSGSTR,en,6,1
ARREST,en,6,1
ADIPEX,en,6,1
DEEPLY,en,6,1
MARINA,en,6,1
PRIZES,en,6,1
BOSNIA,en,6,1
OPTICS,en,6,1
PURSUE,en,6,1
NIPPLE,en,6,1
PLAINS,en,6,1
LONELY,en,6,1
HEREBY,en,6,1
COLLAR,en,6,1
RACIAL,en,6,1
AMANDA,en,6,1
KELKOO,en,6,1
NOVELS,en,6,1
SAFELY,en,6,1
FINITE,en,6,1
KIDNEY,en,6,1
ALLIED,en,6,1
THROWS,en,6,1
ROSTER,en,6,1
NASDAQ,en,6,1
TUNING,en,6,1
GOTTEN,en,6,1
ROCKET,en,6,1
BULLET,en,6,1
TOWERS,en,6,1
DUNCAN,en,6,1
PRIEST,en,6,1
RONALD,en,6,1
TRANCE,en,6,1
LOCALE,en,6,1
BUNDLE,en,6,1
HAMMER,en,6,1
RUNNER,en,6,1
NOTION,en,6,1
MAILED,en,6,1
ARCTIC,en,6,1
DEFEND,en,6,1
STOLEN,en,6,1
AGREES,en,6,1
CHEERS,en,6,1
ZONING,en,6,1
MIGHTY,en,6,1
HOLMES,en,6,1
GALAXY,en,6,1
CARING,en,6,1
ITUNES,en,6,1
BURIED,en,6,1
NEWBIE,en,6,1
DARWIN,en,6,1
MILTON,en,6,1
MARKER,en,6,1
SANDRA,en,6,1
MONACO,en,6,1
BELIZE,en,6,1
ROBUST,en,6,1
PORTER,en,6,1
JUNGLE,en,6,1
ALPINE,en,6,1
ANDALE,en,6,1
COOLER,en,6,1
SHAPES,en,6,1
ANDREA,en,6,1
BREEDS,en,6,1
RAPIDS,en,6,1
BAILEY,en,6,1
EUGENE,en,6,1
METRIC,en,6,1
JOSHUA,en,6,1
VARIED,en,6,1
GRANDE,en,6,1
ASSIGN,en,6,1
TIGERS,en,6,1
AURORA,en,6,1
SLIDES,en,6,1
LENDER,en,6,1
CHORUS,en,6,1
RHYTHM,en,6,1
ARGUED,en,6,1
CLARKE,en,6,1
SUDDEN,en,6,1
CLAIRE,en,6,1
SPEEDS,en,6,1
VOCALS,en,6,1
CHUBBY,en,6,1
BURNER,en,6,1
GENTLE,en,6,1
DEEPER,en,6,1
WORTHY,en,6,1
SAINTS,en,6,1
HELENA,en,6,1
MARION,en,6,1
COWBOY,en,6,1
QUEENS,en,6,1
TRIBES,en,6,1
DEFEAT,en,6,1
CLICKS,en,6,1
HARPER,en,6,1
TENANT,en,6,1
TATTOO,en,6,1
FREELY,en,6,1
MARCUS,en,6,1
NUDIST,en,6,1
REMEDY,en,6,1
GENIUS,en,6,1
BARELY,en,6,1
PAMELA,en,6,1
MARBLE,en,6,1
SURREY,en,6,1
BELKIN,en,6,1
GIANTS,en,6,1
SOLVED,en,6,1
MAGNET,en,6,1
CAYMAN,en,6,1
JAGUAR,en,6,1
POSING,en,6,1
URGENT,en,6,1
GOTHIC,en,6,1
GRAPHS,en,6,1
PATROL,en,6,1
DIVIDE,en,6,1
MAILTO,en,6,1
BORING,en,6,1
SCHEMA,en,6,1
PREFIX,en,6,1
BARREL,en,6,1
TYPING,en,6,1
HAROLD,en,6,1
FLOPPY,en,6,1
NAMELY,en,6,1
AERIAL,en,6,1
MAKEUP,en,6,1
NATHAN,en,6,1
TOBAGO,en,6,1
WICKED,en,6,1
PUSHED,en,6,1
REGGAE,en,6,1
SATURN,en,6,1
ENZYME,en,6,1
ZSHOPS,en,6,1
PLANES,en,6,1
TACKLE,en,6,1
AMBIEN,en,6,1
VERNON,en,6,1
BUILDS,en,6,1
LESLIE,en,6,1
FAVORS,en,6,1
POTATO,en,6,1
STICKS,en,6,1
EXCUSE,en,6,1
STRAND,en,6,1
CHEQUE,en,6,1
REJECT,en,6,1
ITALIC,en,6,1
VALUED,en,6,1
BATMAN,en,6,1
LUTHER,en,6,1
SETTLE,en,6,1
PALMER,en,6,1
SCENIC,en,6,1
SEWING,en,6,1
MUNICH,en,6,1
CELEBS,en,6,1
TRUSTS,en,6,1
PILLOW,en,6,1
HARLEY,en,6,1
FINALS,en,6,1
PARCEL,en,6,1
ROLLED,en,6,1
FLAVOR,en,6,1
HUNGRY,en,6,1
MALAWI,en,6,1
CURTIS,en,6,1
LESSER,en,6,1
CHARMS,en,6,1
TRADER,en,6,1
DENIAL,en,6,1
THROWN,en,6,1
RAISES,en,6,1
BALLOT,en,6,1
ANGOLA,en,6,1
SQUIRT,en,6,1
HELMET,en,6,1
NICKEL,en,6,1
WALLET,en,6,1
COATED,en,6,1
INTEND,en,6,1
LOUISE,en,6,1
BEINGS,en,6,1
HABITS,en,6,1
ACCENT,en,6,1
ELEVEN,en,6,1
AUBURN,en,6,1
UNLOCK,en,6,1
PLEDGE,en,6,1
ANGELA,en,6,1
MERGER,en,6,1
NEXTEL,en,6,1
RWANDA,en,6,1
RIDERS,en,6,1
REMARK,en,6,1
DOZENS,en,6,1
VARIES,en,6,1
GUARDS,en,6,1
NUDITY,en,6,1
KRUGER,en,6,1
GRANNY,en,6,1
FLEECE,en,6,1
PIERCE,en,6,1
BREACH,en,6,1
WIRING,en,6,1
PASTOR,en,6,1
CALVIN,en,6,1
PHASES,en,6,1
BALLET,en,6,1
BUMPER,en,6,1
GARLIC,en,6,1
BANNED,en,6,1
BRIEFS,en,6,1
MUMBAI,en,6,1
RADIOS,en,6,1
TARIFF,en,6,1
NVIDIA,en,6,1
VAGINA,en,6,1
HOSTEL,en,6,1
EMPLOY,en,6,1
YEARLY,en,6,1
LOLITA,en,6,1
MARVEL,en,6,1
PETITE,en,6,1
STRIPS,en,6,1
GOSSIP,en,6,1
ROTARY,en,6,1
KINASE,en,6,1
SKIRTS,en,6,1
SERBIA,en,6,1
GUYANA,en,6,1
DEADLY,en,6,1
ROUNDS,en,6,1
DOSAGE,en,6,1
BAKING,en,6,1
NEEDLE,en,6,1
BRAKES,en,6,1
STICKY,en,6,1
HEATED,en,6,1
JACKIE,en,6,1
ADRIAN,en,6,1
BRUTAL,en,6,1
YIELDS,en,6,1
SUITED,en,6,1
BLACKS,en,6,1
CURVES,en,6,1
VERTEX,en,6,1
TOMATO,en,6,1
WAIVER,en,6,1
GARCIA,en,6,1
VALVES,en,6,1
DONORS,en,6,1
BUFING,en,6,1
JULIAN,en,6,1
VELVET,en,6,1
WESLEY,en,6,1
LATELY,en,6,1
BRUNEI,en,6,1
BANANA,en,6,1
SLOVAK,en,6,1
BLOODY,en,6,1
REMIND,en,6,1
AFFAIR,en,6,1
WASHER,en,6,1
BESIDE,en,6,1
MENTOR,en,6,1
FOUGHT,en,6,1
METRES,en,6,1
PENCIL,en,6,1
FREEZE,en,6,1
TITLED,en,6,1
SPHERE,en,6,1
RATIOS,en,6,1
WALNUT,en,6,1
LADDER,en,6,1
ITALIA,en,6,1
HANSEN,en,6,1
ORGASM,en,6,1
CONDOS,en,6,1
GENTLY,en,6,1
FRIDGE,en,6,1
FRASER,en,6,1
BLADES,en,6,1
TRAUMA,en,6,1
ADVERT,en,6,1
SUBARU,en,6,1
PICNIC,en,6,1
HOLLOW,en,6,1
GROOVE,en,6,1
SLEEPS,en,6,1
TRAVIS,en,6,1
HEATER,en,6,1
COLONY,en,6,1
CANNON,en,6,1
CIRCUS,en,6,1
FORBES,en,6,1
COOKED,en,6,1
GERALD,en,6,1
HUNGER,en,6,1
MARIAH,en,6,1
CEMENT,en,6,1
CLOSES,en,6,1
VIOLIN,en,6,1
NAPLES,en,6,1
MODEMS,en,6,1
PROZAC,en,6,1
NEWARK,en,6,1
TURTLE,en,6,1
WARNED,en,6,1
NEURAL,en,6,1
FOSSIL,en,6,1
APOLLO,en,6,1
GREENE,en,6,1
ROBOTS,en,6,1
NESTED,en,6,1
MOVERS,en,6,1
VERBAL,en,6,1
BRYANT,en,6,1
VOYUER,en,6,1
GARMIN,en,6,1
RENDER,en,6,1
CARMEN,en,6,1
IMPOSE,en,6,1
ENTERS,en,6,1
SAVAGE,en,6,1
WILLOW,en,6,1
BARBIE,en,6,1
FAVOUR,en,6,1
ROLAND,en,6,1
MOUNTS,en,6,1
MICHEL,en,6,1
SUBTLE,en,6,1
CRADLE,en,6,1
VIRTUE,en,6,1
CORPUS,en,6,1
SHADES,en,6,1
ADWARE,en,6,1
ZOLOFT,en,6,1
ULTRAM,en,6,1
CURSOR,en,6,1
MAIDEN,en,6,1
VIKING,en,6,1
MYRTLE,en,6,1
BOTHER,en,6,1
BHUTAN,en,6,1
MATING,en,6,1
UNWRAP,en,6,1
RESIST,en,6,1
WAGNER,en,6,1
RANGER,en,6,1
NEWMAN,en,6,1
SCARED,en,6,1
ASYLUM,en,6,1
ROBBIE,en,6,1
POISON,en,6,1
COSTLY,en,6,1
STITCH,en,6,1
INLAND,en,6,1
RACISM,en,6,1
ACCORD,en,6,1
MODEST,en,6,1
GAMERS,en,6,1
UNUSED,en,6,1
INSURE,en,6,1
TREATS,en,6,1
MARINO,en,6,1
CARSON,en,6,1
GALLON,en,6,1
BITTER,en,6,1
BURNED,en,6,1
DEPART,en,6,1
VONAGE,en,6,1
MINDED,en,6,1
ALLIES,en,6,1
ALICIA,en,6,1
QUARTZ,en,6,1
EIGHTH,en,6,1
BUFFET,en,6,1
EROTIK,en,6,1
MASSES,en,6,1
CANCUN,en,6,1
CHERYL,en,6,1
RADEON,en,6,1
GINGER,en,6,1
CRYING,en,6,1
ROTTEN,en,6,1
GARNET,en,6,1
HONOUR,en,6,1
PETERS,en,6,1
CLEVER,en,6,1
PRIMER,en,6,1
FRESNO,en,6,1
BYPASS,en,6,1
LOGOUT,en,6,1
ORGIES,en,6,1
PLATED,en,6,1
DRAWER,en,6,1
JUDITH,en,6,1
DAVIES,en,6,1
PILOTS,en,6,1
HUMOUR,en,6,1
ATHLON,en,6,1
CALLER,en,6,1
VIABLE,en,6,1
DEFECT,en,6,1
POORLY,en,6,1
ARGUES,en,6,1
ORGANS,en,6,1
BOLTON,en,6,1
REFILL,en,6,1
REAGAN,en,6,1
SAILOR,en,6,1
LINING,en,6,1
STATUE,en,6,1
HILARY,en,6,1
EQUALS,en,6,1
JUMPER,en,6,1
MAJORS,en,6,1
DELPHI,en,6,1
TROPHY,en,6,1
SIGHTS,en,6,1
LIQUOR,en,6,1
DEBBIE,en,6,1
TROJAN,en,6,1
SPINAL,en,6,1
SOONER,en,6,1
TENURE,en,6,1
SHIFTS,en,6,1
GREENS,en,6,1
NAMING,en,6,1
SLAVES,en,6,1
MICKEY,en,6,1
ALIENS,en,6,1
DOMINO,en,6,1
GAMBIA,en,6,1
ANGLES,en,6,1
FLAMES,en,6,1
TOLEDO,en,6,1
CLOSET,en,6,1
REEBOK,en,6,1
UNFAIR,en,6,1
SAHARA,en,6,1
VACANT,en,6,1
FIXING,en,6,1
HIDING,en,6,1
HANNAH,en,6,1
INSECT,en,6,1
NOVELL,en,6,1
BREEZE,en,6,1
YANKEE,en,6,1
SNACKS,en,6,1
SADDLE,en,6,1
FEDORA,en,6,1
CAPITA,en,6,1
WHOLLY,en,6,1
MANILA,en,6,1
PURELY,en,6,1
ENROLL,en,6,1
DAEMON,en,6,1
ALARMS,en,6,1
STAIRS,en,6,1
KONICA,en,6,1
FALCON,en,6,1
CRITIC,en,6,1
AVALON,en,6,1
BUCKET,en,6,1
SUBSET,en,6,1
SUTTON,en,6,1
CHENEY,en,6,1
ZOMBIE,en,6,1
MUTANT,en,6,1
BOUNCE,en,6,1
SPIRAL,en,6,1
JACOBS,en,6,1
IRVINE,en,6,1
NICELY,en,6,1
LAUREL,en,6,1
TRADED,en,6,1
SHRIMP,en,6,1
JENSEN,en,6,1
CHORDS,en,6,1
MCGRAW,en,6,1
CRACKS,en,6,1
LOTION,en,6,1
BEATEN,en,6,1
TUCKER,en,6,1
CHIEFS,en,6,1
FEMDOM,en,6,1
LODGES,en,6,1
SCREAM,en,6,1
BIKING,en,6,1
PIRATE,en,6,1
SENSES,en,6,1
WILLIE,en,6,1
SLOWER,en,6,1
PENTAX,en,6,1
VANITY,en,6,1
CUTTER,en,6,1
MELODY,en,6,1
COUSIN,en,6,1
TORQUE,en,6,1
BURIAL,en,6,1
WILLIS,en,6,1
CAMDEN,en,6,1
EMERGE,en,6,1
CLUTCH,en,6,1
CARRIE,en,6,1
TOWELS,en,6,1
REDHAT,en,6,1
BARBER,en,6,1
CLAUDE,en,6,1
BARTON,en,6,1
OLIVIA,en,6,1
STRAPS,en,6,1
ROMANS,en,6,1
SHORES,en,6,1
THAMES,en,6,1
CAICOS,en,6,1
COSMIC,en,6,1
DAWSON,en,6,1
BEACON,en,6,1
HOOVER,en,6,1
FIRING,en,6,1
DENISE,en,6,1
GLORIA,en,6,1
ECARDS,en,6,1
MAGGIE,en,6,1
CANTON,en,6,1
BONNIE,en,6,1
LAYING,en,6,1
STRIVE,en,6,1
SHELLS,en,6,1
COOKER,en,6,1
DIGITS,en,6,1
BANKER,en,6,1
BORROW,en,6,1
BAMBOO,en,6,1
INSANE,en,6,1
BUDDHA,en,6,1
VOYAGE,en,6,1
MOZART,en,6,1
SKETCH,en,6,1
DANCER,en,6,1
FIRMLY,en,6,1
WASHED,en,6,1
STAIND,en,6,1
MOSAIC,en,6,1
RHODES,en,6,1
FIESTA,en,6,1
BOEING,en,6,1
SIZING,en,6,1
OUTFIT,en,6,1
ABOARD,en,6,1
IRVING,en,6,1
JOINTS,en,6,1
BOUNDS,en,6,1
KOSOVO,en,6,1
DEVILS,en,6,1
EUROPA,en,6,1
ARRAYS,en,6,1
SPLASH,en,6,1
FENDER,en,6,1
VIOLET,en,6,1
HITLER,en,6,1
PEARLS,en,6,1
APPLES,en,6,1
ADVENT,en,6,1
SCREWS,en,6,1
ENJOYS,en,6,1
STRIPE,en,6,1
LOCKER,en,6,1
SQUASH,en,6,1
TUMORS,en,6,1
BOOKED,en,6,1
LUMBER,en,6,1
ASLEEP,en,6,1
BISSAU,en,6,1
SUBWAY,en,6,1
LIFTED,en,6,1
CITRUS,en,6,1
ERNEST,en,6,1
BAKERY,en,6,1
ORCHID,en,6,1
WIDGET,en,6,1
ATKINS,en,6,1
WAITED,en,6,1
STEFAN,en,6,1
DIAPER,en,6,1
OUNCES,en,6,1
INTACT,en,6,1
NOTING,en,6,1
MOINES,en,6,1
DUPLEX,en,6,1
HERMAN,en,6,1
REFUGE,en,6,1
WALTON,en,6,1
CARVED,en,6,1
JASPER,en,6,1
DEPLOY,en,6,1
REGINA,en,6,1
AUTISM,en,6,1
FULLER,en,6,1
KEEPER,en,6,1
SPELLS,en,6,1
ROOKIE,en,6,1
BIRTHS,en,6,1
RITUAL,en,6,1
MIGUEL,en,6,1
KERALA,en,6,1
PARSER,en,6,1
PLAQUE,en,6,1
WEEZER,en,6,1
DRYING,en,6,1
USENET,en,6,1
PROVES,en,6,1
BROOKE,en,6,1
MARLEY,en,6,1
CYGWIN,en,6,1
MORTON,en,6,1
DEBRIS,en,6,1
BENSON,en,6,1
ALISON,en,6,1
AUDITS,en,6,1
ASHLEE,en,6,1
GRAINS,en,6,1
ORBITZ,en,6,1
NEXTAG,en,6,1
JUMPED,en,6,1
NARNIA,en,6,1
RENAME,en,6,1
MARKUP,en,6,1
COPIER,en,6,1
BEWARE,en,6,1
GIFTED,en,6,1
ESTEEM,en,6,1
SHELBY,en,6,1
LANDED,en,6,1
SCOUTS,en,6,1
WARSAW,en,6,1
PCMCIA,en,6,1
REGRET,en,6,1
STAKES,en,6,1
LITTER,en,6,1
RUGGED,en,6,1
HUMBLE,en,6,1
PETROL,en,6,1
MIDWAY,en,6,1
FLYERS,en,6,1
TACOMA,en,6,1
WHITES,en,6,1
LOCALS,en,6,1
FRINGE,en,6,1
MANUEL,en,6,1
STEELE,en,6,1
CITING,en,6,1
HASSLE,en,6,1
EXETER,en,6,1
DOCKET,en,6,1
NORDIC,en,6,1
PRIVAT,en,6,1
THIRDS,en,6,1
INTERN,en,6,1
OPPOSE,en,6,1
SPARKS,en,6,1
MADDEN,en,6,1
LIVELY,en,6,1
TRIPOD,en,6,1
LAGUNA,en,6,1
PAINTS,en,6,1
TASTES,en,6,1
STORMS,en,6,1
SMILED,en,6,1
ELAINE,en,6,1
BIBTEX,en,6,1
EXPOSE,en,6,1
ARISES,en,6,1
LISBON,en,6,1
HOBART,en,6,1
DORSET,en,6,1
BUENOS,en,6,1
MYSTIC,en,6,1
DARREN,en,6,1
AFGHAN,en,6,1
OAKLEY,en,6,1
DIDREX,en,6,1
BRENDA,en,6,1
WASTED,en,6,1
PURDUE,en,6,1
FOOTER,en,6,1
GRAVES,en,6,1
GHETTO,en,6,1
MEADOW,en,6,1
FEEDER,en,6,1
MERCER,en,6,1
BECKER,en,6,1
HANSON,en,6,1
WASTES,en,6,1
TELNET,en,6,1
PARKED,en,6,1
CASTRO,en,6,1
PEANUT,en,6,1
HOLDEN,en,6,1
KAISER,en,6,1
WALLIS,en,6,1
RETIRE,en,6,1
RUMORS,en,6,1
CONRAD,en,6,1
WISHED,en,6,1
KICKED,en,6,1
GADGET,en,6,1
TICKER,en,6,1
BRASIL,en,6,1
THRUST,en,6,1
NOVICE,en,6,1
HEWITT,en,6,1
TRACES,en,6,1
WESTON,en,6,1
ONSITE,en,6,1
FIGHTS,en,6,1
PADDED,en,6,1
APPLET,en,6,1
REVISE,en,6,1
DAEWOO,en,6,1
WEAVER,en,6,1
MACROS,en,6,1
TERESA,en,6,1
AUSSIE,en,6,1
PEWTER,en,6,1
TREVOR,en,6,1
OCEANS,en,6,1
IVOIRE,en,6,1
ARROWS,en,6,1
EUREKA,en,6,1
ESTHER,en,6,1
LAURIE,en,6,1
ZODIAC,en,6,1
TUBING,en,6,1
KELLER,en,6,1
ARTERY,en,6,1
FLUIDS,en,6,1
MIDDOT,en,6,1
CANOPY,en,6,1
FIBERS,en,6,1
BRAINS,en,6,1
INDIGO,en,6,1
KELLEY,en,6,1
TUVALU,en,6,1
EXCITE,en,6,1
REBELS,en,6,1
PSEUDO,en,6,1
VERLAG,en,6,1
THRONE,en,6,1
PAGINA,en,6,1
SLOPES,en,6,1
SEIZED,en,6,1
LEASES,en,6,1
EXPIRE,en,6,1
METHYL,en,6,1
RAMADA,en,6,1
MARVIN,en,6,1
USABLE,en,6,1
CONWAY,en,6,1
DENOTE,en,6,1
SLAYER,en,6,1
TESTER,en,6,1
RELIES,en,6,1
RODNEY,en,6,1
FULTON,en,6,1
ZURICH,en,6,1
SPARES,en,6,1
SALONS,en,6,1
HELPER,en,6,1
RANCHO,en,6,1
SKINNY,en,6,1
SEWAGE,en,6,1
SONOMA,en,6,1
IRAQIS,en,6,1
WRETCH,en,6,1
RACIST,en,6,1
CONVEY,en,6,1
GOVERN,en,6,1
REBOOT,en,6,1
BLINDS,en,6,1
TRAITS,en,6,1
GRADED,en,6,1
PHUKET,en,6,1
GUIANA,en,6,1
ABUSED,en,6,1
BILLED,en,6,1
SMILES,en,6,1
MERGED,en,6,1
RELIED,en,6,1
KINDLY,en,6,1
SHARKS,en,6,1
MINORS,en,6,1
DANCES,en,6,1
MAPPED,en,6,1
DECREE,en,6,1
PRINTF,en,6,1
JEROME,en,6,1
GAMBLE,en,6,1
GRAVEL,en,6,1
JUDGED,en,6,1
ASSERT,en,6,1
THRICE,en,6,1
EDISON,en,6,1
SEQUEL,en,6,1
WOLVES,en,6,1
HERPES,en,6,1
UPWARD,en,6,1
DUNDEE,en,6,1
STREAK,en,6,1
TRAGIC,en,6,1
MILANO,en,6,1
HOOKED,en,6,1
SHRINK,en,6,1
TAIPEI,en,6,1
UNESCO,en,6,1
STANCE,en,6,1
BEADED,en,6,1
EXODUS,en,6,1
GEMINI,en,6,1
DERIVE,en,6,1
NETBSD,en,6,1
LOWELL,en,6,1
ELLIOT,en,6,1
OPENER,en,6,1
JIGSAW,en,6,1
UNREAL,en,6,1
WOUNDS,en,6,1
PROBES,en,6,1
SWIVEL,en,6,1
MEDALS,en,6,1
PROTON,en,6,1
LISTER,en,6,1
KAPLAN,en,6,1
CABINS,en,6,1
LINENS,en,6,1
BEETLE,en,6,1
HUMMER,en,6,1
HATRED,en,6,1
BEHAVE,en,6,1
CARMEL,en,6,1
ENCORE,en,6,1
UNSURE,en,6,1
MERITS,en,6,1
SIDNEY,en,6,1
TAWNEE,en,6,1
SHEILA,en,6,1
RIPPER,en,6,1
BENTON,en,6,1
MCAFEE,en,6,1
BURGER,en,6,1
SYRIAN,en,6,1
LINKIN,en,6,1
ABBOTT,en,6,1
TAILOR,en,6,1
PASCAL,en,6,1
FAULTS,en,6,1
GREASE,en,6,1
DIABLO,en,6,1
CAIRNS,en,6,1
SEATED,en,6,1
SIRIUS,en,6,1
REPLAY,en,6,1
SMOKED,en,6,1
BALTIC,en,6,1
FOWLER,en,6,1
WARMTH,en,6,1
VERSES,en,6,1
TOGGLE,en,6,1
BARKER,en,6,1
SOLIDS,en,6,1
DEMONS,en,6,1
COPING,en,6,1
BAXTER,en,6,1
CURVED,en,6,1
AMAZED,en,6,1
SHOCKS,en,6,1
LASERS,en,6,1
CANDID,en,6,1
CAESAR,en,6,1
SAVERS,en,6,1
SOPHIE,en,6,1
DOESNT,en,6,1
DECKER,en,6,1
EXTERN,en,6,1
BADGES,en,6,1
KITTEN,en,6,1
BRIDES,en,6,1
GLOSSY,en,6,1
HAIRED,en,6,1
LETHAL,en,6,1
CAVITY,en,6,1
MOLDED,en,6,1
DECALS,en,6,1
TOWING,en,6,1
SUBURB,en,6,1
COHORT,en,6,1
LINEUP,en,6,1
PUEBLO,en,6,1
NYLONS,en,6,1
MISSES,en,6,1
PURITY,en,6,1
CELLAR,en,6,1
ONIONS,en,6,1
ISSUER,en,6,1
SYLVIA,en,6,1
EASTON,en,6,1
NORRIS,en,6,1
SWORDS,en,6,1
EVOLVE,en,6,1
LEASED,en,6,1
BERGEN,en,6,1
SIZEOF,en,6,1
SWEETS,en,6,1
ASHTON,en,6,1
SALOON,en,6,1
UNISEX,en,6,1
FOLDED,en,6,1
CONSTR,en,6,1
MANSON,en,6,1
UNPAID,en,6,1
GHOSTS,en,6,1
DOUBTS,en,6,1
INSIST,en,6,1
SNYDER,en,6,1
RESALE,en,6,1
HOWELL,en,6,1
SCALAR,en,6,1
SESAME,en,6,1
JOANNE,en,6,1
YACHTS,en,6,1
JOOMLA,en,6,1
MISUSE,en,6,1
COSMOS,en,6,1
LEGION,en,6,1
ISAIAH,en,6,1
ADDICT,en,6,1
PISTOL,en,6,1
RUNWAY,en,6,1
ADMITS,en,6,1
BOMBAY,en,6,1
BUCKLE,en,6,1
DIVERS,en,6,1
UPSIDE,en,6,1
PATRON,en,6,1
BOILER,en,6,1
INDUCE,en,6,1
DEBTOR,en,6,1
MORTAL,en,6,1
STELLA,en,6,1
XTREME,en,6,1
CEREAL,en,6,1
MELLON,en,6,1
DRILLS,en,6,1
RENTED,en,6,1
OPENLY,en,6,1
CHANEL,en,6,1
JABBER,en,6,1
ROTATE,en,6,1
BEHOLD,en,6,1
LEDGER,en,6,1
LAUGHS,en,6,1
CONNIE,en,6,1
DEPTHS,en,6,1
SPICES,en,6,1
LOADER,en,6,1
THEMED,en,6,1
FELONY,en,6,1
GENTOO,en,6,1
STRAIT,en,6,1
DONKEY,en,6,1
BOASTS,en,6,1
RADIAL,en,6,1
ARMOUR,en,6,1
CELINE,en,6,1
TONNES,en,6,1
CORONA,en,6,1
LETRAS,en,6,1
BYLAWS,en,6,1
BILDER,en,6,1
RESIDE,en,6,1
SAMSON,en,6,1
SELDOM,en,6,1
MORROW,en,6,1
LASTED,en,6,1
AWHILE,en,6,1
WINERY,en,6,1
SCALED,en,6,1
PHOTON,en,6,1
PHARMA,en,6,1
URBANA,en,6,1
FRANCO,en,6,1
COARSE,en,6,1
ARCHER,en,6,1
WARMER,en,6,1
DRYERS,en,6,1
ASIANS,en,6,1
ORIENT,en,6,1
CONTRA,en,6,1
MCLEAN,en,6,1
CIGARS,en,6,1
MAROON,en,6,1
DRAFTS,en,6,1
MARROW,en,6,1
TAVERN,en,6,1
CLONES,en,6,1
GERARD,en,6,1
RUNOFF,en,6,1
GARNER,en,6,1
BUSTER,en,6,1
NASSAU,en,6,1
KARATE,en,6,1
MARCOS,en,6,1
SORROW,en,6,1
CANNED,en,6,1
DUPONT,en,6,1
CELEXA,en,6,1
SUPPER,en,6,1
HOODED,en,6,1
SONATA,en,6,1
STOOLS,en,6,1
XAVIER,en,6,1
STACKS,en,6,1
OWNING,en,6,1
ARMANI,en,6,1
SERMON,en,6,1
THRILL,en,6,1
LAGOON,en,6,1
RAMSEY,en,6,1
README,en,6,1
PIGEON,en,6,1
RIVALS,en,6,1
BINDER,en,6,1
XEMACS,en,6,1
PARROT,en,6,1
MAGNUM,en,6,1
ANGELO,en,6,1
ATTAIN,en,6,1
FUTUNA,en,6,1
INSEST,en,6,1
SULFUR,en,6,1
PUTNAM,en,6,1
CORPSE,en,6,1
SPEEDY,en,6,1
WERNER,en,6,1
STILLS,en,6,1
BIASED,en,6,1
BREWER,en,6,1
CHIANG,en,6,1
ADHERE,en,6,1
RAFAEL,en,6,1
WHALES,en,6,1
PARITY,en,6,1
KEYGEN,en,6,1
GRAPES,en,6,1
RIPPED,en,6,1
COBALT,en,6,1
UBUNTU,en,6,1
ASPIRE,en,6,1
JEWELS,en,6,1
QUINCY,en,6,1
BONDED,en,6,1
DUDLEY,en,6,1
CANARY,en,6,1
CLERGY,en,6,1
OYSTER,en,6,1
STURDY,en,6,1
TOKENS,en,6,1
PIPING,en,6,1
ELDERS,en,6,1
HEROIN,en,6,1
OLDIES,en,6,1
TORRES,en,6,1
BERGER,en,6,1
PAROLE,en,6,1
NINETY,en,6,1
KISSES,en,6,1
GALWAY,en,6,1
LEARNS,en,6,1
SLICES,en,6,1
LAWSON,en,6,1
DAMNED,en,6,1
FIERCE,en,6,1
BLENDS,en,6,1
WINAMP,en,6,1
WINNIE,en,6,1
GRILLS,en,6,1
JEEVES,en,6,1
ESCROW,en,6,1
LUMPUR,en,6,1
DENTON,en,6,1
ANTHEM,en,6,1
ABUSES,en,6,1
JOCKEY,en,6,1
ITHACA,en,6,1
EDMUND,en,6,1
PEORIA,en,6,1
SUDOKU,en,6,1
HOUSED,en,6,1
HAVANA,en,6,1
RANGED,en,6,1
SPRUCE,en,6,1
JEANNE,en,6,1
CORTEX,en,6,1
MIXERS,en,6,1
BRAVES,en,6,1
SHOOTS,en,6,1
CLOVER,en,6,1
DULUTH,en,6,1
SNAKES,en,6,1
LESTER,en,6,1
TRUTHS,en,6,1
ENAMEL,en,6,1
BOMBER,en,6,1
REEVES,en,6,1
SHANIA,en,6,1
SPENDS,en,6,1
ALMOND,en,6,1
ALEXIS,en,6,1
PUPPET,en,6,1
PILLAR,en,6,1
MIRAGE,en,6,1
LENNON,en,6,1
PIRACY,en,6,1
ROWING,en,6,1
SIDING,en,6,1
BLANCA,en,6,1
JOHANN,en,6,1
ALBEIT,en,6,1
FREAKS,en,6,1
TENDED,en,6,1
CACTUS,en,6,1
JANICE,en,6,1
SUCKED,en,6,1
REGENT,en,6,1
EVELYN,en,6,1
MISERY,en,6,1
MAILER,en,6,1
LINERS,en,6,1
UNREAD,en,6,1
QUINTA,en,6,1
FORGED,en,6,1
BISTRO,en,6,1
VOODOO,en,6,1
RUSTIC,en,6,1
DILLON,en,6,1
RUSHED,en,6,1
WEIGHS,en,6,1
DEXTER,en,6,1
RINGER,en,6,1
ZIPPER,en,6,1
CENTRO,en,6,1
CROWDS,en,6,1
UPTAKE,en,6,1
GEARED,en,6,1
IDEALS,en,6,1
TYCOON,en,6,1
MAXTOR,en,6,1
LAWFUL,en,6,1
CROSBY,en,6,1
WESTIN,en,6,1
TANDEM,en,6,1
GAGGED,en,6,1
BARLEY,en,6,1
POTENT,en,6,1
LEVINE,en,6,1
NERVES,en,6,1
SHOPPY,en,6,1
ATREYU,en,6,1
DOCUME,en,6,1
SHERRY,en,6,1
INDIES,en,6,1
MADAME,en,6,1
DALTON,en,6,1
TIVOLI,en,6,1
RONNIE,en,6,1
DENIES,en,6,1
DRAPER,en,6,1
BAYLOR,en,6,1
BOWMAN,en,6,1
SPIRES,en,6,1
BARNEY,en,6,1
CHAMPS,en,6,1
SALADS,en,6,1
EIGHTY,en,6,1
SCARCE,en,6,1
TORINO,en,6,1
PLAGUE,en,6,1
CANINE,en,6,1
GLADLY,en,6,1
JULIUS,en,6,1
CANNES,en,6,1
PISTON,en,6,1
TOPPED,en,6,1
ABSORB,en,6,1
FEARED,en,6,1
OVERLY,en,6,1
CHALET,en,6,1
HOPPER,en,6,1
LUDWIG,en,6,1
FILLER,en,6,1
SMILEY,en,6,1
ZENITH,en,6,1
BROWNS,en,6,1
SOFTLY,en,6,1
OCCUPY,en,6,1
AUDREY,en,6,1
MERLIN,en,6,1
AIMING,en,6,1
BEANIE,en,6,1
TRICKY,en,6,1
SPACED,en,6,1
ALBION,en,6,1
PSYCHO,en,6,1
TUTORS,en,6,1
KETTLE,en,6,1
CHAVEZ,en,6,1
SERENA,en,6,1
SATIRE,en,6,1
HUMANE,en,6,1
NORTEL,en,6,1
HTDOCS,en,6,1
RAIDER,en,6,1
TIMERS,en,6,1
MINERS,en,6,1
ROCKER,en,6,1
SAWYER,en,6,1
COOLED,en,6,1
LARSON,en,6,1
INVOKE,en,6,1
PADDLE,en,6,1
ROOTED,en,6,1
FINALE,en,6,1
WEAKER,en,6,1
NAUSEA,en,6,1
FLOODS,en,6,1
MALAGA,en,6,1
SLEEPY,en,6,1
RUPERT,en,6,1
SHRINE,en,6,1
MALIBU,en,6,1
MEMOIR,en,6,1
CLIFFS,en,6,1
HAYDEN,en,6,1
SMELLS,en,6,1
WAKING,en,6,1
REFLEX,en,6,1
DRUPAL,en,6,1
CARERS,en,6,1
KRAMER,en,6,1
KEYPAD,en,6,1
BIBLES,en,6,1
JOANNA,en,6,1
HORTON,en,6,1
SAUCES,en,6,1
CREOLE,en,6,1
TRENDY,en,6,1
BADGER,en,6,1
QUILTS,en,6,1
AGEING,en,6,1
SPLITS,en,6,1
KEYNES,en,6,1
TOMCAT,en,6,1
CLERKS,en,6,1
PISSED,en,6,1
SPONGE,en,6,1
SNATCH,en,6,1
KISSED,en,6,1
PSALMS,en,6,1
HAMLET,en,6,1
MATLAB,en,6,1
GRANGE,en,6,1
BRANDY,en,6,1
SWINGS,en,6,1
VORTEX,en,6,1
PURSES,en,6,1
BODILY,en,6,1
EQUINE,en,6,1
LIZARD,en,6,1
TEHRAN,en,6,1
ENCODE,en,6,1
ADMINS,en,6,1
SLICED,en,6,1
DURBAN,en,6,1
LEARNT,en,6,1
GAUGES,en,6,1
MCCAIN,en,6,1
BRIGGS,en,6,1
MUSICA,en,6,1
STEVIE,en,6,1
SPYING,en,6,1
RIVERA,en,6,1
TALBOT,en,6,1
KOSHER,en,6,1
MANTLE,en,6,1
PARFUM,en,6,1
ARMIES,en,6,1
SANTOS,en,6,1
CAMPER,en,6,1
CEASED,en,6,1
SOPHIA,en,6,1
PASTRY,en,6,1
REPEAL,en,6,1
EILEEN,en,6,1
CYCLIC,en,6,1
CONDOM,en,6,1
ADMIRE,en,6,1
POURED,en,6,1
SUFFIX,en,6,1
GANDHI,en,6,1
MISTER,en,6,1
ATIVAN,en,6,1
CREAMY,en,6,1
CITRIX,en,6,1
MAYHEM,en,6,1
OCTAVE,en,6,1
STRUTS,en,6,1
JOPLIN,en,6,1
DIALUP,en,6,1
PROOFS,en,6,1
ALLOYS,en,6,1
JESSIE,en,6,1
TRUMAN,en,6,1
POLITE,en,6,1
PAVING,en,6,1
BOOGIE,en,6,1
LESBOS,en,6,1
BRICKS,en,6,1
JINGLE,en,6,1
BOUNTY,en,6,1
FISHES,en,6,1
TAURUS,en,6,1
ABSURD,en,6,1
STOVES,en,6,1
EMBRYO,en,6,1
UNSAFE,en,6,1
RICHIE,en,6,1
SHEIKH,en,6,1
TRUSTE,en,6,1
APPEND,en,6,1
MOTIVE,en,6,1
BETHEL,en,6,1
DWIGHT,en,6,1
LORTAB,en,6,1
STOKES,en,6,1
LAKERS,en,6,1
HARLEM,en,6,1
RESETS,en,6,1
FAULTY,en,6,1
CROWNE,en,6,1
BRUNCH,en,6,1
PUNDIT,en,6,1
EXPIRY,en,6,1
INNING,en,6,1
SYBASE,en,6,1
MONIES,en,6,1
POINTE,en,6,1
MARCEL,en,6,1
FLORES,en,6,1
STACEY,en,6,1
CAMINO,en,6,1
STOREY,en,6,1
SCOTCH,en,6,1
PHILLY,en,6,1
JULIET,en,6,1
GALORE,en,6,1
BANGOR,en,6,1
PERSIA,en,6,1
THEIRS,en,6,1
TODAYS,en,6,1
EMBLEM,en,6,1
VAUGHN,en,6,1
MEDINA,en,6,1
SNIPER,en,6,1
SCOPES,en,6,1
BRACES,en,6,1
SKATES,en,6,1
CRISES,en,6,1
NGUYEN,en,6,1
DARKER,en,6,1
GLOBES,en,6,1
SCOOBY,en,6,1
CHORAL,en,6,1
EDIBLE,en,6,1
BEIRUT,en,6,1
EVENLY,en,6,1
LIONEL,en,6,1
RHYMES,en,6,1
MALONE,en,6,1
COYOTE,en,6,1
POLLEN,en,6,1
SHRUBS,en,6,1
BARROW,en,6,1
RIFLES,en,6,1
EXCISE,en,6,1
POETIC,en,6,1
MORTAR,en,6,1
BLAMED,en,6,1
INMATE,en,6,1
SEPTIC,en,6,1
ARMADA,en,6,1
WRENCH,en,6,1
AMELIA,en,6,1
FLAWED,en,6,1
IRIVER,en,6,1
FENCES,en,6,1
UNICEF,en,6,1
CARTON,en,6,1
OUTLAW,en,6,1
BOVINE,en,6,1
TIGHTS,en,6,1
MOTLEY,en,6,1
VERONA,en,6,1
PUNISH,en,6,1
CAUSAL,en,6,1
HACKED,en,6,1
ARAFAT,en,6,1
CLASSY,en,6,1
ACXIOM,en,6,1
KBYTES,en,6,1
SALINE,en,6,1
ISABEL,en,6,1
BOTANY,en,6,1
THERES,en,6,1
DREAMY,en,6,1
BENGAL,en,6,1
GASKET,en,6,1
LASTLY,en,6,1
WANDER,en,6,1
MICRON,en,6,1
PANTIE,en,6,1
COVERT,en,6,1
CRATER,en,6,1
MARKUS,en,6,1
THENCE,en,6,1
GOBLET,en,6,1
SIMONE,en,6,1
FRONTS,en,6,1
NODDED,en,6,1
BOUVET,en,6,1
UTMOST,en,6,1
CHEEKS,en,6,1
BEASTS,en,6,1
PLANAR,en,6,1
IOMEGA,en,6,1
QUORUM,en,6,1
FAQFAQ,en,6,1
MULLER,en,6,1
MOSQUE,en,6,1
VESTED,en,6,1
CLANCY,en,6,1
SANDER,en,6,1
OLDHAM,en,6,1
CLIMAX,en,6,1
PARDON,en,6,1
SEDONA,en,6,1
TELLER,en,6,1
BIOPSY,en,6,1
QUARRY,en,6,1
SENECA,en,6,1
INGRAM,en,6,1
INSULT,en,6,1
SCRAPS,en,6,1
WAIVED,en,6,1
KENNEL,en,6,1
ROYALS,en,6,1
PASTEL,en,6,1
MCGILL,en,6,1
ROYALE,en,6,1
CARROT,en,6,1
OPAQUE,en,6,1
MARIAN,en,6,1
HURLEY,en,6,1
PEDALS,en,6,1
BITMAP,en,6,1
SHAKER,en,6,1
ATHENA,en,6,1
TIONAL,en,6,1
RELAYS,en,6,1
FADING,en,6,1
ENDURE,en,6,1
CURSED,en,6,1
OPENGL,en,6,1
YOUTHS,en,6,1
MASSEY,en,6,1
TUMBLE,en,6,1
HELIUM,en,6,1
BERNIE,en,6,1
FINELY,en,6,1
FILMED,en,6,1
STATEN,en,6,1
CAROLE,en,6,1
SMOKER,en,6,1
BENIGN,en,6,1
SLUDGE,en,6,1
CRYPTO,en,6,1
TANNED,en,6,1
BUNKER,en,6,1
MORMON,en,6,1
ANDERS,en,6,1
BLANKS,en,6,1
ANNALS,en,6,1
LOSERS,en,6,1
FUCKIN,en,6,1
BARRED,en,6,1
URGING,en,6,1
MELTED,en,6,1
WHORES,en,6,1
STAPLE,en,6,1
RULERS,en,6,1
GRILLE,en,6,1
PUSHES,en,6,1
TOPEKA,en,6,1
ULSTER,en,6,1
GUNDAM,en,6,1
TAILED,en,6,1
PUNJAB,en,6,1
WINGED,en,6,1
RUINED,en,6,1
SANITY,en,6,1
HAYNES,en,6,1
RUMBLE,en,6,1
HEROIC,en,6,1
MACKAY,en,6,1
BONSAI,en,6,1
TOMTOM,en,6,1
ODESSA,en,6,1
FAUCET,en,6,1
MIDGET,en,6,1
BOILED,en,6,1
ANEMIA,en,6,1
BITING,en,6,1
IDIOTS,en,6,1
PAGING,en,6,1
SPIKES,en,6,1
LATENT,en,6,1
MARCIA,en,6,1
CASPER,en,6,1
HECTOR,en,6,1
XPRESS,en,6,1
WICKER,en,6,1
BROWNE,en,6,1
NEPHEW,en,6,1
JARVIS,en,6,1
TRACED,en,6,1
MYRIAD,en,6,1
STAINS,en,6,1
SANDAL,en,6,1
HANGER,en,6,1
ECHOES,en,6,1
BLAZER,en,6,1
LINDEN,en,6,1
DUMPED,en,6,1
CONVEX,en,6,1
RICHER,en,6,1
SOLEIL,en,6,1
PATTON,en,6,1
SURFER,en,6,1
CONNOR,en,6,1
PAIRED,en,6,1
STDERR,en,6,1
VAULTS,en,6,1
YOGURT,en,6,1
TOSSED,en,6,1
CAUCUS,en,6,1
SALUTE,en,6,1
SHOPPE,en,6,1
PARODY,en,6,1
LACKED,en,6,1
BOSSES,en,6,1
CATION,en,6,1
THRIVE,en,6,1
DEWALT,en,6,1
BRUINS,en,6,1
CLAMPS,en,6,1
PLURAL,en,6,1
SERGIO,en,6,1
SHADED,en,6,1
HOODIE,en,6,1
HOODIA,en,6,1
PAYOUT,en,6,1
FRENZY,en,6,1
JARGON,en,6,1
BAZAAR,en,6,1
GREEDY,en,6,1
TERMED,en,6,1
FRAUEN,en,6,1
REILLY,en,6,1
BASQUE,en,6,1
ASTROS,en,6,1
DORADO,en,6,1
DARING,en,6,1
REALMS,en,6,1
FIDDLE,en,6,1
CRUNCH,en,6,1
ROCKIN,en,6,1
STYLED,en,6,1
CARDIO,en,6,1
LOGGER,en,6,1
BARRIE,en,6,1
MIRIAM,en,6,1
PUMPED,en,6,1
GROWER,en,6,1
LITRES,en,6,1
RAGING,en,6,1
ASSAYS,en,6,1
OCCULT,en,6,1
HOOKER,en,6,1
LILIES,en,6,1
VGROUP,en,6,1
FULFIL,en,6,1
DUNLOP,en,6,1
LUCENT,en,6,1
WILKES,en,6,1
SICILY,en,6,1
MARLIN,en,6,1
PULSES,en,6,1
THESES,en,6,1
WILTON,en,6,1
IRONIC,en,6,1
ULTIMA,en,6,1
STAGED,en,6,1
HUSTLE,en,6,1
CAPPED,en,6,1
LIKING,en,6,1
BLOWER,en,6,1
DUBBED,en,6,1
GICLEE,en,6,1
GROOVY,en,6,1
SPARSE,en,6,1
DIMAGE,en,6,1
REMAKE,en,6,1
HARMAN,en,6,1
CLEARS,en,6,1
LARSEN,en,6,1
DUSTIN,en,6,1
BLOOMS,en,6,1
SLOGAN,en,6,1
ELIJAH,en,6,1
BILOXI,en,6,1
MENACE,en,6,1
NABBLE,en,6,1
DRAMAS,en,6,1
GEISHA,en,6,1
UNSEEN,en,6,1
SILICA,en,6,1
WIDEST,en,6,1
MEDLEY,en,6,1
TEMPER,en,6,1
YORKER,en,6,1
YAKIMA,en,6,1
TAHITI,en,6,1
TRACEY,en,6,1
DARFUR,en,6,1
WEBMIN,en,6,1
JUICES,en,6,1
MORALE,en,6,1
SOLDER,en,6,1
TRENCH,en,6,1
HOTTIE,en,6,1
LODGED,en,6,1
REVOLT,en,6,1
SHINES,en,6,1
REGAIN,en,6,1
RESIZE,en,6,1
POPPED,en,6,1
BUSTED,en,6,1
BASINS,en,6,1
TUNERS,en,6,1
UTOPIA,en,6,1
SLIDER,en,6,1
MANURE,en,6,1
SAVIOR,en,6,1
HINGES,en,6,1
CREEPY,en,6,1
FILTHY,en,6,1
PIAZZA,en,6,1
BLANCO,en,6,1
STROLL,en,6,1
THIGHS,en,6,1
INFECT,en,6,1
DOTTED,en,6,1
DOOMED,en,6,1
FRANCS,en,6,1
BALLAD,en,6,1
BILLIE,en,6,1
RAVENS,en,6,1
UPTIME,en,6,1
DOOYOO,en,6,1
NUCLEI,en,6,1
SLOWED,en,6,1
OUTING,en,6,1
WILCOX,en,6,1
FERRIS,en,6,1
AFFIRM,en,6,1
PHELPS,en,6,1
PADRES,en,6,1
WHISKY,en,6,1
UPTOWN,en,6,1
BATTER,en,6,1
RECTAL,en,6,1
VIVIAN,en,6,1
SHAKES,en,6,1
PALLET,en,6,1
TANNER,en,6,1
MELVIN,en,6,1
STEALS,en,6,1
VELCRO,en,6,1
LOYOLA,en,6,1
PLUNGE,en,6,1
PEARCE,en,6,1
CHASER,en,6,1
TEXANS,en,6,1
EXPASY,en,6,1
CROSSE,en,6,1
RIPLEY,en,6,1
SPADES,en,6,1
COFFIN,en,6,1
NAVAJO,en,6,1
RECESS,en,6,1
DAMIEN,en,6,1
STARED,en,6,1
OPENID,en,6,1
COWARD,en,6,1
TEAMED,en,6,1
PRESET,en,6,1
RICHES,en,6,1
RESIGN,en,6,1
POISED,en,6,1
WALDEN,en,6,1
TARGUS,en,6,1
TACTIC,en,6,1
TAPPED,en,6,1
WISELY,en,6,1
BREMEN,en,6,1
STEAKS,en,6,1
TOXINS,en,6,1
CAMARO,en,6,1
AVOIDS,en,6,1
LARVAE,en,6,1
BARRON,en,6,1
FUNGAL,en,6,1
LIGAND,en,6,1
RIDDLE,en,6,1
PFIZER,en,6,1
NOZZLE,en,6,1
DINERS,en,6,1
GREEKS,en,6,1
CHILDS,en,6,1
BIZKIT,en,6,1
MINNIE,en,6,1
HANDEL,en,6,1
SLATER,en,6,1
ORPHAN,en,6,1
LINKER,en,6,1
TETRIS,en,6,1
CARVER,en,6,1
SHOUTS,en,6,1
STALLS,en,6,1
INWARD,en,6,1
STARCH,en,6,1
ANTONY,en,6,1
FLUFFY,en,6,1
BENDER,en,6,1
HASBRO,en,6,1
GAELIC,en,6,1
POLSKI,en,6,1
GLAZED,en,6,1
DASHED,en,6,1
LIBYAN,en,6,1
LEHIGH,en,6,1
WILDER,en,6,1
CRAMER,en,6,1
ROUTED,en,6,1