ALARM,de,5,1
ARMUT,de,5,1
ATMEN,de,5,1
AUTOR,de,5,1
BEVOR,de,5,1
BIENE,de,5,1
BLOSS,de,5,1
BOESE,de,5,1
BRAND,de,5,1
BRITE,de,5,1
BUCHT,de,5,1
COUCH,de,5,1
DAHER,de,5,1
DARIN,de,5,1
DARUM,de,5,1
DATEI,de,5,1
DATEN,de,5,1
DAVOR,de,5,1
DIAET,de,5,1
DICHT,de,5,1
DRUCK,de,5,1
EINEN,de,5,1
ERNST,de,5,1
ERSTE,de,5,1
ERSTE,de,5,1
ETAGE,de,5,1
ETWAS,de,5,1
ETWAS,de,5,1
FALLS,de,5,1
FEIER,de,5,1
FEIND,de,5,1
FERNE,de,5,1
FEUER,de,5,1
FLACH,de,5,1
FLECK,de,5,1
FOEHN,de,5,1
FRECH,de,5,1
GEGEN,de,5,1
GENRE,de,5,1
GESTE,de,5,1
GRIFF,de,5,1
GRIFF,de,5,1
GRUND,de,5,1
HAARE,de,5,1
HALLE,de,5,1
HEBEN,de,5,1
HONIG,de,5,1
HUMOR,de,5,1
IDEAL,de,5,1
IDIOT,de,5,1
IMMER,de,5,1
INDEM,de,5,1
INNEN,de,5,1
KAKAO,de,5,1
KAMIN,de,5,1
KEINE,de,5,1
KERZE,de,5,1
KLIMA,de,5,1
KLOSS,de,5,1
KNAPP,de,5,1
KOHLE,de,5,1
KOPIE,de,5,1
KRAFT,de,5,1
KREUZ,de,5,1
KRIEG,de,5,1
KRIEG,de,5,1
BUSSI,de,5,1
LABOR,de,5,1
LADEN,de,5,1
LAGER,de,5,1
LAUNE,de,5,1
LEBER,de,5,1
LEDER,de,5,1
LIPPE,de,5,1
LOBEN,de,5,1
LOEWE,de,5,1
LUNGE,de,5,1
MACHT,de,5,1
MAGER,de,5,1
MARKE,de,5,1
MARKT,de,5,1
MARKT,de,5,1
MAUER,de,5,1
MENSA,de,5,1
MOBIL,de,5,1
MUEHE,de,5,1
MUTIG,de,5,1
NADEL,de,5,1
NAGEL,de,5,1
NAEHE,de,5,1
NEFFE,de,5,1
OFFEN,de,5,1
OZEAN,de,5,1
PESTO,de,5,1
RATEN,de,5,1
RECHT,de,5,1
RENTE,de,5,1
ROLLE,de,5,1
ROMAN,de,5,1
RUFEN,de,5,1
SALAT,de,5,1
SALBE,de,5,1
SORGE,de,5,1
SPECK,de,5,1
STAAT,de,5,1
STAHL,de,5,1
START,de,5,1
STATT,de,5,1
STAUB,de,5,1
STEIL,de,5,1
STIRN,de,5,1
STOLZ,de,5,1
STUMM,de,5,1
STURZ,de,5,1
SUMME,de,5,1
SUESS,de,5,1
TAFEL,de,5,1
TANTE,de,5,1
TEMPO,de,5,1
TITEL,de,5,1
TORTE,de,5,1
TREND,de,5,1
TRICK,de,5,1
TROTZ,de,5,1
VISUM,de,5,1
WAGEN,de,5,1
WEDER,de,5,1
WEGEN,de,5,1
WIESE,de,5,1
WILLE,de,5,1
WUNDE,de,5,1
ZELLE,de,5,1
ZEUGE,de,5,1
ZWECK,de,5,1
ABGASE,de,6,1
ACHTEN,de,6,1
ANLAGE,de,6,1
ANSAGE,de,6,1
ANWALT,de,6,1
ARBEIT,de,6,1
AUSSEN,de,6,1
BACKEN,de,6,1
BEAMTE,de,6,1
BECHER,de,6,1
BEDARF,de,6,1
BEGINN,de,6,1
BEQUEM,de,6,1
BEREIT,de,6,1
BERGAB,de,6,1
BETRAG,de,6,1
BETRUG,de,6,1
BEWEGT,de,6,1
BEWEIS,de,6,1
BILDEN,de,6,1
BISHER,de,6,1
BRATEN,de,6,1
BREMSE,de,6,1
BUFFET,de,6,1
BUEHNE,de,6,1
DAFUER,de,6,1
DESIGN,de,6,1
DIENEN,de,6,1
DIENST,de,6,1
DIKTAT,de,6,1
DOMBAU,de,6,1
EBENSO,de,6,1
EIGNEN,de,6,1
EINSAM,de,6,1
EPOCHE,de,6,1
ERFOLG,de,6,1
ERSATZ,de,6,1
FAEHRE,de,6,1
FANGEN,de,6,1
FARBIG,de,6,1
FASSEN,de,6,1
FEUCHT,de,6,1
FLIEGE,de,6,1
FLUCHT,de,6,1
FOLGEN,de,6,1
FORMEN,de,6,1
FREMDE,de,6,1
FREUDE,de,6,1
FRISUR,de,6,1
FRUCHT,de,6,1
FURCHT,de,6,1
GEBIET,de,6,1
GEDULD,de,6,1
GEGEND,de,6,1
GEGNER,de,6,1
GEHEIM,de,6,1
GEHIRN,de,6,1
GELTEN,de,6,1
GERING,de,6,1
GERUCH,de,6,1
GESAMT,de,6,1
GESETZ,de,6,1
GEWALT,de,6,1
GEWINN,de,6,1
GIFTIG,de,6,1
GLAUBE,de,6,1
GLEICH,de,6,1
GLEICH,de,6,1
GLOBAL,de,6,1
GLOCKE,de,6,1
GRAFIK,de,6,1
HAMMER,de,6,1
HANDEL,de,6,1
HASSEN,de,6,1
HOCKER,de,6,1
HUEGEL,de,6,1
INHALT,de,6,1
INSEKT,de,6,1
IRONIE,de,6,1
IRRTUM,de,6,1
JEDOCH,de,6,1
JOGGEN,de,6,1
JOGGER,de,6,1
JUGEND,de,6,1
KAISER,de,6,1
KANTON,de,6,1
KASTEN,de,6,1
KIRCHE,de,6,1
KLAGEN,de,6,1
KLASSE,de,6,1
KLEBEN,de,6,1
KLINIK,de,6,1
KOSTEN,de,6,1
KOSTEN,de,6,1
KREDIT,de,6,1
KRIPPE,de,6,1
KUESTE,de,6,1
LASTER,de,6,1
LECKER,de,6,1
LEIDEN,de,6,1
LEITEN,de,6,1
LEITER,de,6,1
LOCKER,de,6,1
LOCKIG,de,6,1
LOHNEN,de,6,1
MAILEN,de,6,1
MANGEL,de,6,1
MELDEN,de,6,1
MESSER,de,6,1
MUENZE,de,6,1
MUSKEL,de,6,1
MUESLI,de,6,1
MUSTER,de,6,1
NAEHEN,de,6,1
NICHTE,de,6,1
NICHTS,de,6,1
NICKEN,de,6,1
NICKEN,de,6,1
NUTZEN,de,6,1
ORDNEN,de,6,1
ORDNER,de,6,1
PARTEI,de,6,1
PASSIV,de,6,1
PFANNE,de,6,1
PHYSIK,de,6,1
PIEFKE,de,6,1
PLAKAT,de,6,1
PLATTE,de,6,1
POSTER,de,6,1
PRESSE,de,6,1
PUSZTA,de,6,1
REFORM,de,6,1
REGELN,de,6,1
REGION,de,6,1
REITEN,de,6,1
REZEPT,de,6,1
RIESIG,de,6,1
ROLLEN,de,6,1
ROUTER,de,6,1
SAFARI,de,6,1
SCHERE,de,6,1
SCHICK,de,6,1
SCHLAF,de,6,1
SCHLAG,de,6,1
SCHMAL,de,6,1
SCHULD,de,6,1
SCHULD,de,6,1
SCHUSS,de,6,1
SIEGEN,de,6,1
SOBALD,de,6,1
SOEBEN,de,6,1
SORGEN,de,6,1
SOWOHL,de,6,1
SPAREN,de,6,1
SPRUNG,de,6,1
STELLE,de,6,1
STEUER,de,6,1
STRAFE,de,6,1
STREIK,de,6,1
STREIT,de,6,1
STRENG,de,6,1
STUDIE,de,6,1
SUDOKU,de,6,1
SYMBOL,de,6,1
TABLET,de,6,1
TALENT,de,6,1
TAETIG,de,6,1
TEILEN,de,6,1
TEILEN,de,6,1
TIPPEN,de,6,1
TIPPEN,de,6,1
TOETEN,de,6,1
UEBRIG,de,6,1
UNFAIR,de,6,1
UNGARN,de,6,1
UNKLAR,de,6,1
UNTREU,de,6,1
URTEIL,de,6,1
VEREIN,de,6,1
VERLAG,de,6,1
VOLLER,de,6,1
VORAUS,de,6,1
VORHER,de,6,1
VORORT,de,6,1
WECKER,de,6,1
WEHTUN,de,6,1
WEINEN,de,6,1
WEIZEN,de,6,1
WENDEN,de,6,1
WERBEN,de,6,1
WERBEN,de,6,1
WERFEN,de,6,1
WINKEN,de,6,1
WIRKEN,de,6,1
WISSEN,de,6,1
WUNDER,de,6,1
ZELTEN,de,6,1
ZINSEN,de,6,1
ZORNIG,de,6,1
ZWEITE,de,6,1