AAIEN,nl,5,1
AALST,nl,5,1
AANGA,nl,5,1
AAPJE,nl,5,1
AARDE,nl,5,1
AARDS,nl,5,1
AARLE,nl,5,1
ABDIS,nl,5,1
ABTEN,nl,5,1
ACHEL,nl,5,1
ACRYL,nl,5,1
ACTIE,nl,5,1
ACUTE,nl,5,1
ACUUT,nl,5,1
ADDER,nl,5,1
ADEMT,nl,5,1
ADIEU,nl,5,1
ADIGE,nl,5,1
ADIOS,nl,5,1
ADORP,nl,5,1
ADREM,nl,5,1
ADRES,nl,5,1
AEGUM,nl,5,1
AERDT,nl,5,1
AFDAK,nl,5,1
AFDEK,nl,5,1
AFKAP,nl,5,1
AFLAS,nl,5,1
AFLOS,nl,5,1
AFNAM,nl,5,1
AFREM,nl,5,1
AFRIT,nl,5,1
AFRUK,nl,5,1
AFSTA,nl,5,1
AFTAP,nl,5,1
AFVAL,nl,5,1
AFWAS,nl,5,1
AFWIJK,nl,5,1
AFZET,nl,5,1
AGENT,nl,5,1
AGOGE,nl,5,1
AGOOG,nl,5,1
AHORN,nl,5,1
AIRES,nl,5,1
AKKER,nl,5,1
AKTEN,nl,5,1
AKTES,nl,5,1
ALARM,nl,5,1
ALBUM,nl,5,1
ALDRA,nl,5,1
ALDUS,nl,5,1
ALERT,nl,5,1
ALGEN,nl,5,1
ALIAS,nl,5,1
ALIBI,nl,5,1
ALLAH,nl,5,1
ALLEN,nl,5,1
ALLER,nl,5,1
ALLES,nl,5,1
ALMEN,nl,5,1
ALO,nl,5,1
ALPEN,nl,5,1
ALRAS,nl,5,1
ALSOF,nl,5,1
ALTEN,nl,5,1
ALTER,nl,5,1
ALTIJD,nl,5,1
ALUIN,nl,5,1
AMBON,nl,5,1
AMORF,nl,5,1
AMPEL,nl,5,1
AMPER,nl,5,1
ANAAL,nl,5,1
ANALE,nl,5,1
ANDER,nl,5,1
ANDIJK,nl,5,1
ANGEL,nl,5,1
ANGST,nl,5,1
ANIMO,nl,5,1
ANJER,nl,5,1
ANJUM,nl,5,1
ANKER,nl,5,1
ANKUM,nl,5,1
ANLOO,nl,5,1
ANNEN,nl,5,1
ANNEX,nl,5,1
ANOUK,nl,5,1
ANTON,nl,5,1
AORTA,nl,5,1
APART,nl,5,1
APPEL,nl,5,1
APPEN,nl,5,1
APRIL,nl,5,1
APSIS,nl,5,1
ARCEN,nl,5,1
ARENA,nl,5,1
AREND,nl,5,1
ARGON,nl,5,1
ARGOT,nl,5,1
ARIEL,nl,5,1
ARKEL,nl,5,1
ARKUM,nl,5,1
ARMEE,nl,5,1
ARMEN,nl,5,1
ARMER,nl,5,1
ARMOE,nl,5,1
AROMA,nl,5,1
ARTIS,nl,5,1
ARUBA,nl,5,1
ASBAK,nl,5,1
ASCII,nl,5,1
ASIEL,nl,5,1
ASMAN,nl,5,1
ASPIS,nl,5,1
ASSEL,nl,5,1
ASSEN,nl,5,1
ASSUM,nl,5,1
ASTEN,nl,5,1
ASTMA,nl,5,1
ATLAS,nl,5,1
ATOOM,nl,5,1
AUDIO,nl,5,1
AVOND,nl,5,1
AXWIJK,nl,5,1
AZELO,nl,5,1
AZI,nl,5,1
AZUUR,nl,5,1
BAANT,nl,5,1
BAARD,nl,5,1
BAARN,nl,5,1
BAARS,nl,5,1
BAART,nl,5,1
BACIL,nl,5,1
BADEN,nl,5,1
BAFLO,nl,5,1
BAHNE,nl,5,1
BAHRU,nl,5,1
BAIJUM,nl,5,1
BAJES,nl,5,1
BAKEL,nl,5,1
BAKEN,nl,5,1
BAKJE,nl,5,1
BAKTE,nl,5,1
BALEN,nl,5,1
BALIE,nl,5,1
BANDS,nl,5,1
BANEN,nl,5,1
BANJO,nl,5,1
BARAK,nl,5,1
BAREN,nl,5,1
BARET,nl,5,1
BARLO,nl,5,1
BAROK,nl,5,1
BARON,nl,5,1
BARRE,nl,5,1
BARST,nl,5,1
BASES,nl,5,1
BASIC,nl,5,1
BASIS,nl,5,1
BASSE,nl,5,1
BATEN,nl,5,1
BAVEL,nl,5,1
BAZEL,nl,5,1
BAZIG,nl,5,1
BEAAM,nl,5,1
BEBOP,nl,5,1
BEDEK,nl,5,1
BEDJE,nl,5,1
BEDUM,nl,5,1
BEELD,nl,5,1
BEEMD,nl,5,1
BEERS,nl,5,1
BEESD,nl,5,1
BEEST,nl,5,1
BEETS,nl,5,1
BEGAF,nl,5,1
BEGIN,nl,5,1
BEGON,nl,5,1
BEIDE,nl,5,1
BEKEN,nl,5,1
BEKER,nl,5,1
BEKIJK,nl,5,1
BELDE,nl,5,1
BELEG,nl,5,1
BELET,nl,5,1
BENDE,nl,5,1
BENEN,nl,5,1
BENUL,nl,5,1
BENUT,nl,5,1
BEOOG,nl,5,1
BERGT,nl,5,1
BERIL,nl,5,1
BESEF,nl,5,1
BESTE,nl,5,1
BETER,nl,5,1
BETON,nl,5,1
BEUGT,nl,5,1
BEURS,nl,5,1
BEURT,nl,5,1
BEVAL,nl,5,1
BEVAT,nl,5,1
BEVEL,nl,5,1
BEVEN,nl,5,1
BEVER,nl,5,1
BEWIJS,nl,5,1
BEZAT,nl,5,1
BEZEM,nl,5,1
BEZET,nl,5,1
BEZIG,nl,5,1
BEZIN,nl,5,1
BEZIT,nl,5,1
BIDET,nl,5,1
BIEDT,nl,5,1
BIEST,nl,5,1
BIJBEL,nl,5,1
BIJDOE,nl,5,1
BIJEEN,nl,5,1
BIJKOM,nl,5,1
BIJLES,nl,5,1
BIJSTA,nl,5,1
BIJTEL,nl,5,1
BIJTEN,nl,5,1
BIJZIJN,nl,5,1
BIJZIN,nl,5,1
BIJZIT,nl,5,1
BINDT,nl,5,1
BINGO,nl,5,1
BIVAC,nl,5,1
BIVAK,nl,5,1
BIZAR,nl,5,1
BLAAM,nl,5,1
BLAAR,nl,5,1
BLAAS,nl,5,1
BLAFT,nl,5,1
BLANK,nl,5,1
BLASF,nl,5,1
BLAUW,nl,5,1
BLEEF,nl,5,1
BLEEK,nl,5,1
BLEKE,nl,5,1
BLIES,nl,5,1
BLIJDE,nl,5,1
BLIJFT,nl,5,1
BLIJKT,nl,5,1
BLIKT,nl,5,1
BLIND,nl,5,1
BLINK,nl,5,1
BLITS,nl,5,1
BLOED,nl,5,1
BLOEI,nl,5,1
BLOEM,nl,5,1
BLOES,nl,5,1
BLOND,nl,5,1
BLONK,nl,5,1
BLOOT,nl,5,1
BLOTE,nl,5,1
BLUES,nl,5,1
BLUFT,nl,5,1
BOARD,nl,5,1
BOBBY,nl,5,1
BOCHT,nl,5,1
BODEM,nl,5,1
BODEN,nl,5,1
BODES,nl,5,1
BOEIT,nl,5,1
BOEKT,nl,5,1
BOERS,nl,5,1
BOETE,nl,5,1
BOGEN,nl,5,1
BOMEN,nl,5,1
BONEN,nl,5,1
BONGO,nl,5,1
BONST,nl,5,1
BONTE,nl,5,1
BONUS,nl,5,1
BOORD,nl,5,1
BOREN,nl,5,1
BORNE,nl,5,1
BORST,nl,5,1
BOSJE,nl,5,1
BOSNA,nl,5,1
BOTEN,nl,5,1
BOTER,nl,5,1
BOTST,nl,5,1
BOTTE,nl,5,1
BOUWT,nl,5,1
BOVEN,nl,5,1
BOWLT,nl,5,1
BOZUM,nl,5,1
BRAAF,nl,5,1
BRAAI,nl,5,1
BRAAM,nl,5,1
BRAND,nl,5,1
BRAVE,nl,5,1
BRAVO,nl,5,1
BREDA,nl,5,1
BREDE,nl,5,1
BREED,nl,5,1
BREEK,nl,5,1
BREID,nl,5,1
BREIN,nl,5,1
BREIT,nl,5,1
BRENG,nl,5,1
BREUK,nl,5,1
BRIEF,nl,5,1
BRIES,nl,5,1
BROED,nl,5,1
BROEK,nl,5,1
BROER,nl,5,1
BRONS,nl,5,1
BROOD,nl,5,1
BROOS,nl,5,1
BROUW,nl,5,1
BROZE,nl,5,1
BRUID,nl,5,1
BRUIN,nl,5,1
BRUTO,nl,5,1
BRUUT,nl,5,1
BUDEL,nl,5,1
BUGGY,nl,5,1
BUIEN,nl,5,1
BUIGT,nl,5,1
BUIIG,nl,5,1
BUKTE,nl,5,1
BUNNE,nl,5,1
BUREN,nl,5,1
BURGH,nl,5,1
BURUM,nl,5,1
BUSJE,nl,5,1
BUURT,nl,5,1
BYTES,nl,5,1
CACAO,nl,5,1
CAFFS,nl,5,1
CAIRO,nl,5,1
CAJUN,nl,5,1
CAMEE,nl,5,1
CANON,nl,5,1
CANUM,nl,5,1
CARLA,nl,5,1
CARTE,nl,5,1
CASUS,nl,5,1
CEDER,nl,5,1
CELLO,nl,5,1
CENTI,nl,5,1
CHAAM,nl,5,1
CHAOS,nl,5,1
CHILI,nl,5,1
CHINA,nl,5,1
CHIPS,nl,5,1
CHRIS,nl,5,1
CIJFER,nl,5,1
CIRCA,nl,5,1
CITER,nl,5,1
CLAIM,nl,5,1
CLAUS,nl,5,1
CLEAN,nl,5,1
CLOWN,nl,5,1
CLUBS,nl,5,1
COACH,nl,5,1
COBOL,nl,5,1
COCON,nl,5,1
CODES,nl,5,1
COLLI,nl,5,1
COLLO,nl,5,1
COMTE,nl,5,1
CONUS,nl,5,1
CORPS,nl,5,1
CORSO,nl,5,1
COUPE,nl,5,1
COUPF,nl,5,1
CRASH,nl,5,1
CREDO,nl,5,1
CRICS,nl,5,1
CRYPT,nl,5,1
CURIE,nl,5,1
CYAAN,nl,5,1
CYCLI,nl,5,1
DAAGS,nl,5,1
DAAGT,nl,5,1
DAALT,nl,5,1
DACHT,nl,5,1
DADEL,nl,5,1
DADEN,nl,5,1
DADER,nl,5,1
DAGEN,nl,5,1
DAGJE,nl,5,1
DAKAR,nl,5,1
DAKEN,nl,5,1
DAKJE,nl,5,1
DALEM,nl,5,1
DALEN,nl,5,1
DAMDE,nl,5,1
DAMES,nl,5,1
DANDY,nl,5,1
DANST,nl,5,1
DARTS,nl,5,1
DATUM,nl,5,1
DAVID,nl,5,1
DEALT,nl,5,1
DEBAT,nl,5,1
DEBET,nl,5,1
DECOR,nl,5,1
DEDEN,nl,5,1
DEELS,nl,5,1
DEELT,nl,5,1
DEENS,nl,5,1
DEERN,nl,5,1
DEEST,nl,5,1
DEKEN,nl,5,1
DEKTE,nl,5,1
DELEN,nl,5,1
DELER,nl,5,1
DELFT,nl,5,1
DELHI,nl,5,1
DELTA,nl,5,1
DEMON,nl,5,1
DENKT,nl,5,1
DEPOT,nl,5,1
DERDE,nl,5,1
DEUCE,nl,5,1
DEUGD,nl,5,1
DEUGT,nl,5,1
DEZER,nl,5,1
DIANA,nl,5,1
DICHT,nl,5,1
DIDAM,nl,5,1
DIEET,nl,5,1
DIENS,nl,5,1
DIENT,nl,5,1
DIEPE,nl,5,1
DIJKEN,nl,5,1
DIJKER,nl,5,1
DIJKTE,nl,5,1
DIKKE,nl,5,1
DIKTE,nl,5,1
DILLE,nl,5,1
DINAR,nl,5,1
DINER,nl,5,1
DISCO,nl,5,1
DIVAN,nl,5,1
DODEN,nl,5,1
DOELT,nl,5,1
DOEMT,nl,5,1
DOFFE,nl,5,1
DOGMA,nl,5,1
DOKEN,nl,5,1
DOLDE,nl,5,1
DOLIK,nl,5,1
DOMME,nl,5,1
DONAU,nl,5,1
DONNA,nl,5,1
DONOR,nl,5,1
DOODS,nl,5,1
DOOFT,nl,5,1
DOOIE,nl,5,1
DOORN,nl,5,1
DOPEN,nl,5,1
DOPTE,nl,5,1
DORDT,nl,5,1
DORNE,nl,5,1
DORRE,nl,5,1
DORST,nl,5,1
DORTH,nl,5,1
DOSES,nl,5,1
DOSIS,nl,5,1
DOTJE,nl,5,1
DOVEN,nl,5,1
DOYEN,nl,5,1
DOZIJN,nl,5,1
DRAAD,nl,5,1
DRAAG,nl,5,1
DRAAI,nl,5,1
DRAAK,nl,5,1
DRAMA,nl,5,1
DRANG,nl,5,1
DRANK,nl,5,1
DREEF,nl,5,1
DREIG,nl,5,1
DREUN,nl,5,1
DRIEL,nl,5,1
DRIES,nl,5,1
DRIFT,nl,5,1
DRIJFT,nl,5,1
DRING,nl,5,1
DRINK,nl,5,1
DRIVE,nl,5,1
DROEG,nl,5,1
DROGE,nl,5,1
DRONG,nl,5,1
DRONK,nl,5,1
DROOG,nl,5,1
DROOM,nl,5,1
DROOP,nl,5,1
DROPT,nl,5,1
DROST,nl,5,1
DRUGS,nl,5,1
DRUIF,nl,5,1
DRUKT,nl,5,1
DUBIO,nl,5,1
DUELS,nl,5,1
DUIDT,nl,5,1
DUIKT,nl,5,1
DUITS,nl,5,1
DULDT,nl,5,1
DUNNE,nl,5,1
DUREN,nl,5,1
DURFT,nl,5,1
DUURS,nl,5,1
DUURT,nl,5,1
DUWDE,nl,5,1
DUWEN,nl,5,1
DWAAL,nl,5,1
DWAAS,nl,5,1
DWANG,nl,5,1
DWARS,nl,5,1
DWEIL,nl,5,1
DWERG,nl,5,1
DWING,nl,5,1
DWONG,nl,5,1
EBBEN,nl,5,1
ECHTE,nl,5,1
EDAMS,nl,5,1
EDELE,nl,5,1
EDICT,nl,5,1
EDOCH,nl,5,1
EDWIN,nl,5,1
EEFDE,nl,5,1
EERDE,nl,5,1
EERST,nl,5,1
EFFEN,nl,5,1
EGEDE,nl,5,1
EIGEN,nl,5,1
EIKEL,nl,5,1
EIKEN,nl,5,1
EINDE,nl,5,1
EISEN,nl,5,1
EISER,nl,5,1
EISTE,nl,5,1
EITJE,nl,5,1
EIWIT,nl,5,1
EKAMP,nl,5,1
ELDEN,nl,5,1
ELFDE,nl,5,1
ELFEN,nl,5,1
ELFJE,nl,5,1
ELITE,nl,5,1
ELLEN,nl,5,1
ELSEN,nl,5,1
ELSUM,nl,5,1
ELTEN,nl,5,1
ELZEN,nl,5,1
EMAIL,nl,5,1
EMDEN,nl,5,1
EMILY,nl,5,1
EMMEN,nl,5,1
EMMER,nl,5,1
EMPEL,nl,5,1
ENGEL,nl,5,1
ENGER,nl,5,1
ENGTE,nl,5,1
ENIGE,nl,5,1
ENKEL,nl,5,1
ENORM,nl,5,1
ENTEN,nl,5,1
ENTER,nl,5,1
ENZYM,nl,5,1
ERAAN,nl,5,1
ERFDE,nl,5,1
ERGER,nl,5,1
ERICA,nl,5,1
ERKER,nl,5,1
ERMEE,nl,5,1
ERNST,nl,5,1
ERTOE,nl,5,1
ERUIT,nl,5,1
ERVAN,nl,5,1
ERVEN,nl,5,1
ESCHE,nl,5,1
ESPEL,nl,5,1
ESPEN,nl,5,1
ESSAY,nl,5,1
ESSEN,nl,5,1
ETAGE,nl,5,1
ETERS,nl,5,1
ETHER,nl,5,1
ETSEN,nl,5,1
ETTEN,nl,5,1
ETTER,nl,5,1
EVERT,nl,5,1
EXACT,nl,5,1
EXLOO,nl,5,1
EXTRA,nl,5,1
EZELS,nl,5,1
FAALT,nl,5,1
FABEL,nl,5,1
FACET,nl,5,1
FAGOT,nl,5,1
FAKIR,nl,5,1
FALEN,nl,5,1
FARAD,nl,5,1
FARAO,nl,5,1
FASEN,nl,5,1
FASES,nl,5,1
FAUNA,nl,5,1
FAXEN,nl,5,1
FEEST,nl,5,1
FEITE,nl,5,1
FELLE,nl,5,1
FIBER,nl,5,1
FIELT,nl,5,1
FIETS,nl,5,1
FILES,nl,5,1
FILMS,nl,5,1
FILMT,nl,5,1
FINSE,nl,5,1
FIRMA,nl,5,1
FJORD,nl,5,1
FLAIR,nl,5,1
FLANK,nl,5,1
FLAPS,nl,5,1
FLARD,nl,5,1
FLATS,nl,5,1
FLAUW,nl,5,1
FLENS,nl,5,1
FLINK,nl,5,1
FLIRT,nl,5,1
FLITS,nl,5,1
FLOOT,nl,5,1
FLORA,nl,5,1
FLOUW,nl,5,1
FLUIM,nl,5,1
FLUIT,nl,5,1
FLUOR,nl,5,1
FOBIE,nl,5,1
FOKTE,nl,5,1
FOLIE,nl,5,1
FOLIO,nl,5,1
FONDS,nl,5,1
FORCE,nl,5,1
FOREL,nl,5,1
FORMA,nl,5,1
FORSE,nl,5,1
FORTE,nl,5,1
FORTO,nl,5,1
FORUM,nl,5,1
FOUTE,nl,5,1
FOXEL,nl,5,1
FRAAI,nl,5,1
FRAME,nl,5,1
FRANC,nl,5,1
FRANK,nl,5,1
FRANS,nl,5,1
FRANZ,nl,5,1
FRASE,nl,5,1
FREON,nl,5,1
FRIES,nl,5,1
FRITS,nl,5,1
FRONS,nl,5,1
FRONT,nl,5,1
FRUIT,nl,5,1
FUSIE,nl,5,1
FUTEN,nl,5,1
GAAND,nl,5,1
GAAPT,nl,5,1
GAAST,nl,5,1
GALEI,nl,5,1
GALMT,nl,5,1
GALOP,nl,5,1
GAMBA,nl,5,1
GAMEL,nl,5,1
GANSE,nl,5,1
GAPEN,nl,5,1
GARDE,nl,5,1
GAREN,nl,5,1
GARIJP,nl,5,1
GATEN,nl,5,1
GAVEN,nl,5,1
GAZON,nl,5,1
GEBAK,nl,5,1
GEBED,nl,5,1
GEBIT,nl,5,1
GEBOD,nl,5,1
GEDOE,nl,5,1
GEEFT,nl,5,1
GEEST,nl,5,1
GEEUW,nl,5,1
GEGIL,nl,5,1
GEHAD,nl,5,1
GEIJKT,nl,5,1
GEIJLD,nl,5,1
GEILT,nl,5,1
GEKKE,nl,5,1
GELAG,nl,5,1
GELDT,nl,5,1
GELEI,nl,5,1
GELET,nl,5,1
GELIJK,nl,5,1
GELUK,nl,5,1
GEMAK,nl,5,1
GEMIS,nl,5,1
GENAS,nl,5,1
GENDT,nl,5,1
GENER,nl,5,1
GENIE,nl,5,1
GENNE,nl,5,1
GENOT,nl,5,1
GENRE,nl,5,1
GENUA,nl,5,1
GENUS,nl,5,1
GEOFF,nl,5,1
GEPOT,nl,5,1
GEPUT,nl,5,1
GERED,nl,5,1
GEREI,nl,5,1
GEROT,nl,5,1
GERST,nl,5,1
GESIS,nl,5,1
GETAL,nl,5,1
GETTO,nl,5,1
GEUIT,nl,5,1
GEVAL,nl,5,1
GEVAT,nl,5,1
GEVEL,nl,5,1
GEVEN,nl,5,1
GEWAS,nl,5,1
GEWIJD,nl,5,1
GEWIN,nl,5,1
GEZAG,nl,5,1
GEZET,nl,5,1
GEZIJK,nl,5,1
GEZIN,nl,5,1
GHANA,nl,5,1
GIJZEL,nl,5,1
GILDE,nl,5,1
GILZE,nl,5,1
GINDS,nl,5,1
GISTE,nl,5,1
GLANE,nl,5,1
GLANS,nl,5,1
GLEED,nl,5,1
GLEUF,nl,5,1
GLIJDT,nl,5,1
GLIMP,nl,5,1
GLOBE,nl,5,1
GLOED,nl,5,1
GLOOR,nl,5,1
GLUUR,nl,5,1
GNOOM,nl,5,1
GNUIF,nl,5,1
GODEN,nl,5,1
GODIN,nl,5,1
GOEDE,nl,5,1
GOEDS,nl,5,1
GOEIE,nl,5,1
GOKJE,nl,5,1
GOKTE,nl,5,1
GOOIS,nl,5,1
GOOIT,nl,5,1
GOORN,nl,5,1
GOUDA,nl,5,1
GOUWE,nl,5,1
GRAAD,nl,5,1
GRAAF,nl,5,1
GRAAG,nl,5,1
GRAAN,nl,5,1
GRAES,nl,5,1
GRAFT,nl,5,1
GRAPT,nl,5,1
GRAUW,nl,5,1
GRAVE,nl,5,1
GREEP,nl,5,1
GRENS,nl,5,1
GREUP,nl,5,1
GRIEP,nl,5,1
GRIET,nl,5,1
GRIJNS,nl,5,1
GRIJPT,nl,5,1
GRIJZE,nl,5,1
GRILL,nl,5,1
GRIND,nl,5,1
GRINT,nl,5,1
GROEF,nl,5,1
GROEI,nl,5,1
GROEN,nl,5,1
GROEP,nl,5,1
GROET,nl,5,1
GROND,nl,5,1
GROOT,nl,5,1
GROTE,nl,5,1
GROUW,nl,5,1
GROVE,nl,5,1
GRUIS,nl,5,1
GUANO,nl,5,1
GULLE,nl,5,1
GUMMI,nl,5,1
GUNDE,nl,5,1
GUNST,nl,5,1
HAAKS,nl,5,1
HAALT,nl,5,1
HAARD,nl,5,1
HAAST,nl,5,1
HABIJT,nl,5,1
HADES,nl,5,1
HADJI,nl,5,1
HAGEL,nl,5,1
HAGEN,nl,5,1
HAIFA,nl,5,1
HAIJUM,nl,5,1
HAINK,nl,5,1
HAKEN,nl,5,1
HALEN,nl,5,1
HALER,nl,5,1
HALLE,nl,5,1
HALLO,nl,5,1
HALTE,nl,5,1
HALVE,nl,5,1
HAMER,nl,5,1
HANEN,nl,5,1
HANGT,nl,5,1
HANJA,nl,5,1
HAPJE,nl,5,1
HAPTE,nl,5,1
HARDE,nl,5,1
HAREM,nl,5,1
HAREN,nl,5,1
HARIG,nl,5,1
HARKT,nl,5,1
HARTE,nl,5,1
HATEN,nl,5,1
HAUEN,nl,5,1
HAULE,nl,5,1
HAVEN,nl,5,1
HAVER,nl,5,1
HAVIK,nl,5,1
HECHT,nl,5,1
HECTO,nl,5,1
HEDEL,nl,5,1
HEDEN,nl,5,1
HEEFT,nl,5,1
HEEGH,nl,5,1
HEERS,nl,5,1
HEEZE,nl,5,1
HEIDE,nl,5,1
HEIIG,nl,5,1
HEIJEN,nl,5,1
HEILS,nl,5,1
HEINO,nl,5,1
HEKEL,nl,5,1
HEKJE,nl,5,1
HELEN,nl,5,1
HELER,nl,5,1
HELFT,nl,5,1
HELLE,nl,5,1
HELPT,nl,5,1
HEMEL,nl,5,1
HENNA,nl,5,1
HENNY,nl,5,1
HENRY,nl,5,1
HEREN,nl,5,1
HERPT,nl,5,1
HERTZ,nl,5,1
HESJE,nl,5,1
HETEN,nl,5,1
HETZIJ,nl,5,1
HEULT,nl,5,1
HEURE,nl,5,1
HEVEL,nl,5,1
HEVIG,nl,5,1
HEXEL,nl,5,1
HIAAT,nl,5,1
HIELD,nl,5,1
HIELP,nl,5,1
HIJGEN,nl,5,1
HIJKEN,nl,5,1
HIJSEN,nl,5,1
HINDU,nl,5,1
HITTE,nl,5,1
HOBBY,nl,5,1
HOCUS,nl,5,1
HOEDE,nl,5,1
HOEFT,nl,5,1
HOERA,nl,5,1
HOEST,nl,5,1
HOEZO,nl,5,1
HOFJE,nl,5,1
HOFTE,nl,5,1
HOGER,nl,5,1
HOKJE,nl,5,1
HOLDE,nl,5,1
HOLST,nl,5,1
HOLTE,nl,5,1
HOMER,nl,5,1
HONEN,nl,5,1
HOOFD,nl,5,1
HOOPT,nl,5,1
HOORN,nl,5,1
HOORT,nl,5,1
HOPEL,nl,5,1
HOPEN,nl,5,1
HORDE,nl,5,1
HOREN,nl,5,1
HORST,nl,5,1
HOSTE,nl,5,1
HOTEL,nl,5,1
HOUDT,nl,5,1
HOVEN,nl,5,1
HUILT,nl,5,1
HUINS,nl,5,1
HULDE,nl,5,1
HULST,nl,5,1
HUMOR,nl,5,1
HUNNE,nl,5,1
HUREN,nl,5,1
HURKT,nl,5,1
HUTJE,nl,5,1
HUURT,nl,5,1
HUWEN,nl,5,1
HUZAR,nl,5,1
HYDRO,nl,5,1
HYMNE,nl,5,1
HYSOP,nl,5,1
ICOON,nl,5,1
IEDER,nl,5,1
IEPER,nl,5,1
IEREN,nl,5,1
IERSE,nl,5,1
IGREC,nl,5,1
IJDELE,nl,5,1
IJLDEN,nl,5,1
IJLEND,nl,5,1
IJMOND,nl,5,1
IJPELO,nl,5,1
IJSSEL,nl,5,1
IJSTIJD,nl,5,1
IJZIGE,nl,5,1
IMAGO,nl,5,1
INDEN,nl,5,1
INDEX,nl,5,1
INDIA,nl,5,1
INDIJK,nl,5,1
INEKE,nl,5,1
INERT,nl,5,1
INGEN,nl,5,1
INHAM,nl,5,1
INKIJK,nl,5,1
INLEG,nl,5,1
INNAM,nl,5,1
INNEN,nl,5,1
INNIG,nl,5,1
INPAK,nl,5,1
INRIT,nl,5,1
INSLA,nl,5,1
INTER,nl,5,1
INVAL,nl,5,1
INVUL,nl,5,1
INZAG,nl,5,1
INZET,nl,5,1
INZIE,nl,5,1
INZIT,nl,5,1
IONEN,nl,5,1
IRENE,nl,5,1
IRIAN,nl,5,1
ISLAM,nl,5,1
ISSUE,nl,5,1
ISTMI,nl,5,1
ITEMS,nl,5,1
IVOOR,nl,5,1
IZMIR,nl,5,1
JAAGT,nl,5,1
JAARS,nl,5,1
JABOT,nl,5,1
JACHT,nl,5,1
JACKS,nl,5,1
JAGEN,nl,5,1
JAGER,nl,5,1
JANKT,nl,5,1
JANNY,nl,5,1
JANUM,nl,5,1
JAPAN,nl,5,1
JAPON,nl,5,1
JAREN,nl,5,1
JARIG,nl,5,1
JASJE,nl,5,1
JEANS,nl,5,1
JEUGD,nl,5,1
JEZUS,nl,5,1
JICHT,nl,5,1
JODEN,nl,5,1
JOHAN,nl,5,1
JOINT,nl,5,1
JOKER,nl,5,1
JOLIG,nl,5,1
JONAS,nl,5,1
JONEN,nl,5,1
JONGE,nl,5,1
JONGS,nl,5,1
JOODS,nl,5,1
JOPPE,nl,5,1
JOULE,nl,5,1
JOURE,nl,5,1
JOUWE,nl,5,1
JUDAS,nl,5,1
JUIST,nl,5,1
JUNKS,nl,5,1
JUNNE,nl,5,1
JUNTA,nl,5,1
JUTEN,nl,5,1
KAAPS,nl,5,1
KAARS,nl,5,1
KAART,nl,5,1
KABEL,nl,5,1
KADEN,nl,5,1
KADER,nl,5,1
KADIJK,nl,5,1
KAFJE,nl,5,1
KAJAK,nl,5,1
KALLE,nl,5,1
KALLO,nl,5,1
KALME,nl,5,1
KALOO,nl,5,1
KAMER,nl,5,1
KAMPT,nl,5,1
KANDIJ,nl,5,1
KANIS,nl,5,1
KANON,nl,5,1
KAPEL,nl,5,1
KAPEN,nl,5,1
KAPER,nl,5,1
KAPJE,nl,5,1
KAPOT,nl,5,1
KAPTE,nl,5,1
KARAF,nl,5,1
KARIG,nl,5,1
KARMA,nl,5,1
KARWIJ,nl,5,1
KASJE,nl,5,1
KASSA,nl,5,1
KASTE,nl,5,1
KATER,nl,5,1
KAZEN,nl,5,1
KEENT,nl,5,1
KEERT,nl,5,1
KEGEL,nl,5,1
KEIEN,nl,5,1
KEKEN,nl,5,1
KEMEL,nl,5,1
KENDE,nl,5,1
KENYA,nl,5,1
KEPEN,nl,5,1
KEPER,nl,5,1
KEREL,nl,5,1
KEREN,nl,5,1
KERFT,nl,5,1
KERKS,nl,5,1
KERST,nl,5,1
KETEL,nl,5,1
KETEN,nl,5,1
KEURT,nl,5,1
KEUZE,nl,5,1
KEVER,nl,5,1
KICKT,nl,5,1
KIELE,nl,5,1
KIEMT,nl,5,1
KIENT,nl,5,1
KIEST,nl,5,1
KIJKEN,nl,5,1
KIJKER,nl,5,1
KIJKJE,nl,5,1
KIJVEN,nl,5,1
KILLE,nl,5,1
KILTE,nl,5,1
KINDS,nl,5,1
KIOSK,nl,5,1
KLAAG,nl,5,1
KLAAR,nl,5,1
KLAMP,nl,5,1
KLANK,nl,5,1
KLANT,nl,5,1
KLAPT,nl,5,1
KLARE,nl,5,1
KLEDIJ,nl,5,1
KLEED,nl,5,1
KLEEF,nl,5,1
KLEIN,nl,5,1
KLEIT,nl,5,1
KLEMT,nl,5,1
KLERK,nl,5,1
KLETS,nl,5,1
KLEUR,nl,5,1
KLEVE,nl,5,1
KLIEK,nl,5,1
KLIER,nl,5,1
KLIKT,nl,5,1
KLIMT,nl,5,1
KLING,nl,5,1
KLINK,nl,5,1
KLOEK,nl,5,1
KLOMP,nl,5,1
KLONK,nl,5,1
KLONT,nl,5,1
KLOOF,nl,5,1
KLOON,nl,5,1
KLOPT,nl,5,1
KLOTS,nl,5,1
KLUIF,nl,5,1
KLUIS,nl,5,1
KLUIT,nl,5,1
KLUST,nl,5,1
KLUTS,nl,5,1
KNAAK,nl,5,1
KNAAP,nl,5,1
KNALT,nl,5,1
KNAPT,nl,5,1
KNARS,nl,5,1
KNAUW,nl,5,1
KNEEP,nl,5,1
KNELT,nl,5,1
KNEUS,nl,5,1
KNIJPT,nl,5,1
KNIKT,nl,5,1
KNIPT,nl,5,1
KNOEI,nl,5,1
KNOKT,nl,5,1
KNOOP,nl,5,1
KNOTS,nl,5,1
KOALA,nl,5,1
KOCHT,nl,5,1
KOELE,nl,5,1
KOELT,nl,5,1
KOERD,nl,5,1
KOERS,nl,5,1
KOEST,nl,5,1
KOETS,nl,5,1
KOGEL,nl,5,1
KOKEN,nl,5,1
KOKER,nl,5,1
KOKET,nl,5,1
KOKOS,nl,5,1
KOLEN,nl,5,1
KOLOM,nl,5,1
KOMAF,nl,5,1
KOMEN,nl,5,1
KOMIJN,nl,5,1
KOMMA,nl,5,1
KOMST,nl,5,1
KONEN,nl,5,1
KONGO,nl,5,1
KONIJN,nl,5,1
KOOKT,nl,5,1
KOOPT,nl,5,1
KOORD,nl,5,1
KOPEN,nl,5,1
KOPER,nl,5,1
KOPIE,nl,5,1
KOPJE,nl,5,1
KOPPE,nl,5,1
KORAN,nl,5,1
KOREA,nl,5,1
KOREN,nl,5,1
KORPS,nl,5,1
KORST,nl,5,1
KORTE,nl,5,1
KOSTE,nl,5,1
KOTEM,nl,5,1
KOTEN,nl,5,1
KOTER,nl,5,1
KOTST,nl,5,1
KOUDE,nl,5,1
KOUWE,nl,5,1
KOZAK,nl,5,1
KOZEN,nl,5,1
KRAAG,nl,5,1
KRAAI,nl,5,1
KRAAL,nl,5,1
KRAAM,nl,5,1
KRAAN,nl,5,1
KRABT,nl,5,1
KRAMP,nl,5,1
KRANS,nl,5,1
KRANT,nl,5,1
KREEG,nl,5,1
KREEK,nl,5,1
KREET,nl,5,1
KREIJL,nl,5,1
KREIL,nl,5,1
KRENG,nl,5,1
KREUK,nl,5,1
KRIJGT,nl,5,1
KRIMP,nl,5,1
KRING,nl,5,1
KROEG,nl,5,1
KROES,nl,5,1
KROMP,nl,5,1
KROON,nl,5,1
KROOP,nl,5,1
KROOS,nl,5,1
KRUID,nl,5,1
KRUIK,nl,5,1
KRUIN,nl,5,1
KRUIP,nl,5,1
KRUIS,nl,5,1
KRUIT,nl,5,1
KUALA,nl,5,1
KUDDE,nl,5,1
KUNDE,nl,5,1
KUNNE,nl,5,1
KUNST,nl,5,1
KUSJE,nl,5,1
KUSTE,nl,5,1
KWAAD,nl,5,1
KWAAL,nl,5,1
KWADE,nl,5,1
KWARK,nl,5,1
KWART,nl,5,1
KWAST,nl,5,1
KWEEK,nl,5,1
KWELT,nl,5,1
KWIEK,nl,5,1
KWIJLT,nl,5,1
KYOTO,nl,5,1
LAADT,nl,5,1
LAARS,nl,5,1
LABEL,nl,5,1
LACHT,nl,5,1
LADEN,nl,5,1
LAFFE,nl,5,1
LAGEN,nl,5,1
LAGER,nl,5,1
LAGOS,nl,5,1
LAKEI,nl,5,1
LAKEN,nl,5,1
LANCE,nl,5,1
LANDT,nl,5,1
LANGE,nl,5,1
LANGS,nl,5,1
LAPJE,nl,5,1
LAPTE,nl,5,1
LAREN,nl,5,1
LARIE,nl,5,1
LARUM,nl,5,1
LASER,nl,5,1
LASSO,nl,5,1
LASTE,nl,5,1
LATEN,nl,5,1
LATER,nl,5,1
LATEX,nl,5,1
LATIJN,nl,5,1
LATJE,nl,5,1
LAUDE,nl,5,1
LAVAS,nl,5,1
LAZEN,nl,5,1
LEDEN,nl,5,1
LEDER,nl,5,1
LEDIG,nl,5,1
LEEDS,nl,5,1
LEEFT,nl,5,1
LEEGT,nl,5,1
LEENS,nl,5,1
LEENT,nl,5,1
LEERT,nl,5,1
LEEST,nl,5,1
LEEUW,nl,5,1
LEGDE,nl,5,1
LEGEN,nl,5,1
LEGER,nl,5,1
LEGIO,nl,5,1
LEIDS,nl,5,1
LEIDT,nl,5,1
LEIEN,nl,5,1
LEIJEN,nl,5,1
LEKEN,nl,5,1
LEKKE,nl,5,1
LELIE,nl,5,1
LELIJK,nl,5,1
LEMKE,nl,5,1
LEMMA,nl,5,1
LENEN,nl,5,1
LENER,nl,5,1
LENTE,nl,5,1
LEPEL,nl,5,1
LEREN,nl,5,1
LETHE,nl,5,1
LEUKE,nl,5,1
LEUKS,nl,5,1
LEUTH,nl,5,1
LEVEN,nl,5,1
LEVER,nl,5,1
LEZEN,nl,5,1
LEZER,nl,5,1
LIAAN,nl,5,1
LICHT,nl,5,1
LIEFS,nl,5,1
LIEVE,nl,5,1
LIJDEN,nl,5,1
LIJDER,nl,5,1
LIJFJE,nl,5,1
LIJKEN,nl,5,1
LIJMEN,nl,5,1
LIJNEN,nl,5,1
LIJVEN,nl,5,1
LIJVIG,nl,5,1
LIKJE,nl,5,1
LIKTE,nl,5,1
LILLE,nl,5,1
LILLO,nl,5,1
LINDE,nl,5,1
LINKS,nl,5,1
LINNE,nl,5,1
LIONS,nl,5,1
LISSE,nl,5,1
LITER,nl,5,1
LIXHE,nl,5,1
LOBBY,nl,5,1
LOCHT,nl,5,1
LODEN,nl,5,1
LOERT,nl,5,1
LOETE,nl,5,1
LOGEN,nl,5,1
LOIRE,nl,5,1
LOKET,nl,5,1
LOKTE,nl,5,1
LOLLI,nl,5,1
LONEN,nl,5,1
LOODS,nl,5,1
LOONT,nl,5,1
LOOPT,nl,5,1
LOPEN,nl,5,1
LOPER,nl,5,1
LOPIK,nl,5,1
LOSSE,nl,5,1
LOSTE,nl,5,1
LOTEN,nl,5,1
LOTTO,nl,5,1
LOTUS,nl,5,1
LOVEN,nl,5,1
LOVER,nl,5,1
LOZEN,nl,5,1
LUCAS,nl,5,1
LUCHT,nl,5,1
LUIDT,nl,5,1
LUIER,nl,5,1
LUKTE,nl,5,1
LUMEN,nl,5,1
LUNCH,nl,5,1
LUNEN,nl,5,1
LUTTE,nl,5,1
LUWTE,nl,5,1
LYMFE,nl,5,1
MAAGD,nl,5,1
MAAIT,nl,5,1
MAAKT,nl,5,1
MAALT,nl,5,1
MAAND,nl,5,1
MAARN,nl,5,1
MAART,nl,5,1
MACHO,nl,5,1
MACHT,nl,5,1
MACRO,nl,5,1
MADAM,nl,5,1
MADEN,nl,5,1
MAFFE,nl,5,1
MAGER,nl,5,1
MAGIE,nl,5,1
MAKEN,nl,5,1
MAKER,nl,5,1
MAKRO,nl,5,1
MALEN,nl,5,1
MALSE,nl,5,1
MALTA,nl,5,1
MALUS,nl,5,1
MANCO,nl,5,1
MANEN,nl,5,1
MANGO,nl,5,1
MANIE,nl,5,1
MANNA,nl,5,1
MAORI,nl,5,1
MAPJE,nl,5,1
MARCO,nl,5,1
MARGE,nl,5,1
MARIA,nl,5,1
MARIS,nl,5,1
MARKT,nl,5,1
MARLE,nl,5,1
MARNE,nl,5,1
MARUM,nl,5,1
MASSA,nl,5,1
MATEN,nl,5,1
MATER,nl,5,1
MATIG,nl,5,1
MATJE,nl,5,1
MATTE,nl,5,1
MAUVE,nl,5,1
MAXET,nl,5,1
MECCA,nl,5,1
MEDAN,nl,5,1
MEDDO,nl,5,1
MEDEN,nl,5,1
MEDIA,nl,5,1
MEEGA,nl,5,1
MEELE,nl,5,1
MEENT,nl,5,1
MEEST,nl,5,1
MEEUW,nl,5,1
MEGEN,nl,5,1
MEIJEL,nl,5,1
MEKKA,nl,5,1
MELDT,nl,5,1
MENEN,nl,5,1
MENGT,nl,5,1
MENIE,nl,5,1
MENIG,nl,5,1
MENNO,nl,5,1
MENSA,nl,5,1
MEPTE,nl,5,1
MEREL,nl,5,1
MEREN,nl,5,1
MERKT,nl,5,1
MERUM,nl,5,1
MESCH,nl,5,1
MESJE,nl,5,1
METEN,nl,5,1
METER,nl,5,1
METRO,nl,5,1
MEZZO,nl,5,1
MHEER,nl,5,1
MIAMI,nl,5,1
MICRO,nl,5,1
MIJDEN,nl,5,1
MIJMER,nl,5,1
MIJNDE,nl,5,1
MIJNEN,nl,5,1
MIJTER,nl,5,1
MILLE,nl,5,1
MILLI,nl,5,1
MINSK,nl,5,1
MINST,nl,5,1
MINUS,nl,5,1
MIRNS,nl,5,1
MIRRE,nl,5,1
MISGA,nl,5,1
MISTE,nl,5,1
MIXEN,nl,5,1
MOCHT,nl,5,1
MODEL,nl,5,1
MODEM,nl,5,1
MODUS,nl,5,1
MOERT,nl,5,1
MOEST,nl,5,1
MOGEN,nl,5,1
MOKKA,nl,5,1
MOKTE,nl,5,1
MOKUM,nl,5,1
MOLEN,nl,5,1
MONDE,nl,5,1
MOOIE,nl,5,1
MOOIS,nl,5,1
MOORD,nl,5,1
MORES,nl,5,1
MORRA,nl,5,1
MORSE,nl,5,1
MOSIK,nl,5,1
MOTEN,nl,5,1
MOTIE,nl,5,1
MOTOR,nl,5,1
MOTTO,nl,5,1
MUFFE,nl,5,1
MULTI,nl,5,1
MUNTE,nl,5,1
MUREN,nl,5,1
MUSEA,nl,5,1
MUZAK,nl,5,1
MYTHE,nl,5,1
NAAKT,nl,5,1
NAALD,nl,5,1
NAARS,nl,5,1
NAAST,nl,5,1
NABIJE,nl,5,1
NACHT,nl,5,1
NADAT,nl,5,1
NADEN,nl,5,1
NADER,nl,5,1
NADIR,nl,5,1
NADOE,nl,5,1
NAGEL,nl,5,1
NAKIE,nl,5,1
NAKOM,nl,5,1
NAMEN,nl,5,1
NASLA,nl,5,1
NATAL,nl,5,1
NATIE,nl,5,1
NATTE,nl,5,1
NAUWE,nl,5,1
NAVEL,nl,5,1
NAVUL,nl,5,1
NAWIJS,nl,5,1
NEEDE,nl,5,1
NEEMT,nl,5,1
NEERD,nl,5,1
NEGEN,nl,5,1
NEGER,nl,5,1
NEGEV,nl,5,1
NEIGT,nl,5,1
NEMEN,nl,5,1
NERTS,nl,5,1
NERUM,nl,5,1
NETEL,nl,5,1
NETTO,nl,5,1
NEUKT,nl,5,1
NEVEL,nl,5,1
NICHT,nl,5,1
NIETS,nl,5,1
NIEUW,nl,5,1
NIGER,nl,5,1
NIHIL,nl,5,1
NIJDAS,nl,5,1
NIJDIG,nl,5,1
NIJEGA,nl,5,1
NIJKEN,nl,5,1
NIJLAN,nl,5,1
NIJLZN,nl,5,1
NIJLEN,nl,5,1
NIJVER,nl,5,1
NIMES,nl,5,1
NIPTE,nl,5,1
NISSE,nl,5,1
NOACH,nl,5,1
NOBEL,nl,5,1
NODEN,nl,5,1
NODIG,nl,5,1
NOEMT,nl,5,1
NOGAL,nl,5,1
NOLDE,nl,5,1
NOOIT,nl,5,1
NOORD,nl,5,1
NOORS,nl,5,1
NOTEN,nl,5,1
NOTIE,nl,5,1
NULDE,nl,5,1
NUROP,nl,5,1
OBDAM,nl,5,1
OCTET,nl,5,1
ODEON,nl,5,1
ODIUM,nl,5,1
OEHOE,nl,5,1
OEKEL,nl,5,1
OEKEN,nl,5,1
OEKRA,nl,5,1
OERLE,nl,5,1
OEVEL,nl,5,1
OEVER,nl,5,1
OFFER,nl,5,1
OFWEL,nl,5,1
OGIEF,nl,5,1
OIRLO,nl,5,1
OKAPI,nl,5,1
OKIDO,nl,5,1
OKSEL,nl,5,1
OLING,nl,5,1
OLMEN,nl,5,1
OMDAT,nl,5,1
OMMEL,nl,5,1
OMMEN,nl,5,1
OMSLA,nl,5,1
OMVAL,nl,5,1
OMVAT,nl,5,1
OMVER,nl,5,1
OMWEG,nl,5,1
OMZET,nl,5,1
ONDER,nl,5,1
ONEER,nl,5,1
ONGEL,nl,5,1
ONNEN,nl,5,1
ONNUT,nl,5,1
ONRIJP,nl,5,1
ONWIL,nl,5,1
ONZIN,nl,5,1
OOGJE,nl,5,1
OOGST,nl,5,1
OOIJEN,nl,5,1
OOLDE,nl,5,1
OOTJE,nl,5,1
OPAAL,nl,5,1
OPDAT,nl,5,1
OPDOE,nl,5,1
OPEET,nl,5,1
OPENT,nl,5,1
OPERA,nl,5,1
OPFOK,nl,5,1
OPHEF,nl,5,1
OPIUM,nl,5,1
OPLET,nl,5,1
OPLOO,nl,5,1
OPLOS,nl,5,1
OPNAM,nl,5,1
OPPAS,nl,5,1
OPPER,nl,5,1
OPPOT,nl,5,1
OPRIT,nl,5,1
OPSLA,nl,5,1
OPSOM,nl,5,1
OPSTA,nl,5,1
OPTEL,nl,5,1
OPTIE,nl,5,1
OPTIL,nl,5,1
OPVAT,nl,5,1
OPZEG,nl,5,1
OPZEI,nl,5,1
OPZET,nl,5,1
ORAAL,nl,5,1
ORALE,nl,5,1
ORDER,nl,5,1
ORGEL,nl,5,1
ORGIE,nl,5,1
ORION,nl,5,1
OSAKA,nl,5,1
OSPEL,nl,5,1
OTTER,nl,5,1
OUDEN,nl,5,1
OUDER,nl,5,1
OUDIJK,nl,5,1
OUZOU,nl,5,1
OVAAL,nl,5,1
OVALE,nl,5,1
OVENS,nl,5,1
OVERA,nl,5,1
OXYDE,nl,5,1
PAARD,nl,5,1
PAARS,nl,5,1
PACHT,nl,5,1
PADEN,nl,5,1
PAKJE,nl,5,1
PAKTE,nl,5,1
PALET,nl,5,1
PAMPA,nl,5,1
PANEL,nl,5,1
PANNE,nl,5,1
PANTY,nl,5,1
PAPER,nl,5,1
PAREL,nl,5,1
PAREN,nl,5,1
PARIA,nl,5,1
PARIJS,nl,5,1
PARTIJ,nl,5,1
PASEN,nl,5,1
PASJE,nl,5,1
PASOP,nl,5,1
PASSE,nl,5,1
PASTA,nl,5,1
PASTE,nl,5,1
PATER,nl,5,1
PAUZE,nl,5,1
PEDEL,nl,5,1
PEELO,nl,5,1
PEEST,nl,5,1
PEILT,nl,5,1
PEINS,nl,5,1
PEIZE,nl,5,1
PEKEL,nl,5,1
PENDE,nl,5,1
PENIS,nl,5,1
PEPER,nl,5,1
PEREN,nl,5,1
PERKT,nl,5,1
PERSE,nl,5,1
PERST,nl,5,1
PESSE,nl,5,1
PETER,nl,5,1
PETJE,nl,5,1
PETRO,nl,5,1
PETTO,nl,5,1
PIANO,nl,5,1
PIEPT,nl,5,1
PIJLEN,nl,5,1
PIJLER,nl,5,1
PIJPEN,nl,5,1
PIJPER,nl,5,1
PINCE,nl,5,1
PINDA,nl,5,1
PINUP,nl,5,1
PISTE,nl,5,1
PITJE,nl,5,1
PIXEL,nl,5,1
PIZZA,nl,5,1
PLAAG,nl,5,1
PLAAM,nl,5,1
PLAAT,nl,5,1
PLAID,nl,5,1
PLAKT,nl,5,1
PLANK,nl,5,1
PLANT,nl,5,1
PLEEG,nl,5,1
PLEIN,nl,5,1
PLEIT,nl,5,1
PLINT,nl,5,1
PLOEG,nl,5,1
PLOMP,nl,5,1
PLONS,nl,5,1
PLOOI,nl,5,1
PLOOS,nl,5,1
PLOTS,nl,5,1
PLUIM,nl,5,1
PLUIS,nl,5,1
PLUKT,nl,5,1
PLUTO,nl,5,1
POCUS,nl,5,1
POETS,nl,5,1
POGEN,nl,5,1
POGUM,nl,5,1
POLEN,nl,5,1
POLIS,nl,5,1
POLLE,nl,5,1
POMPT,nl,5,1
POOGT,nl,5,1
POOLS,nl,5,1
POORT,nl,5,1
POPJE,nl,5,1
PORIE,nl,5,1
PORNO,nl,5,1
PORTI,nl,5,1
PORTO,nl,5,1
POTEN,nl,5,1
POTIG,nl,5,1
POTJE,nl,5,1
POULE,nl,5,1
POVER,nl,5,1
PRAAG,nl,5,1
PRAAT,nl,5,1
PRAKT,nl,5,1
PREEK,nl,5,1
PREES,nl,5,1
PRENT,nl,5,1
PRIEM,nl,5,1
PRIJKT,nl,5,1
PRIJST,nl,5,1
PRIKT,nl,5,1
PRIMA,nl,5,1
PRIME,nl,5,1
PRINS,nl,5,1
PRINT,nl,5,1
PRIOR,nl,5,1
PRIVF,nl,5,1
PROEF,nl,5,1
PROOI,nl,5,1
PROZA,nl,5,1
PSALM,nl,5,1
PUBER,nl,5,1
PUIST,nl,5,1
PULLE,nl,5,1
PUPIL,nl,5,1
PUREE,nl,5,1
PUSAN,nl,5,1
PUTJE,nl,5,1
PUTTE,nl,5,1
QUASI,nl,5,1
QUEUE,nl,5,1
RAADT,nl,5,1
RAAKT,nl,5,1
RAAMT,nl,5,1
RAAPT,nl,5,1
RAARD,nl,5,1
RAAST,nl,5,1
RAATH,nl,5,1
RABAT,nl,5,1
RABBI,nl,5,1
RACES,nl,5,1
RADEN,nl,5,1
RADIJS,nl,5,1
RADIO,nl,5,1
RADJA,nl,5,1
RADON,nl,5,1
RAFEL,nl,5,1
RAILS,nl,5,1
RAKEL,nl,5,1
RAKEN,nl,5,1
RAKET,nl,5,1
RALLY,nl,5,1
RAMDE,nl,5,1
RAMEN,nl,5,1
RAMSJ,nl,5,1
RANDE,nl,5,1
RANGE,nl,5,1
RANUM,nl,5,1
RAPEN,nl,5,1
RATEL,nl,5,1
RATIO,nl,5,1
RATUM,nl,5,1
RAUWE,nl,5,1
RAVEN,nl,5,1
RAVIJN,nl,5,1
RAYEN,nl,5,1
RAZEN,nl,5,1
REBEL,nl,5,1
REBUS,nl,5,1
RECES,nl,5,1
RECHT,nl,5,1
REˆU,nl,5,1
REDDE,nl,5,1
REDEN,nl,5,1
REEDS,nl,5,1
REEKS,nl,5,1
REETH,nl,5,1
REGEL,nl,5,1
REGEN,nl,5,1
REGIE,nl,5,1
REGIO,nl,5,1
REIEN,nl,5,1
REIKT,nl,5,1
REILT,nl,5,1
REIST,nl,5,1
REKEM,nl,5,1
REKEN,nl,5,1
REKJE,nl,5,1
REKTE,nl,5,1
REMDE,nl,5,1
RENDE,nl,5,1
RENDS,nl,5,1
RENET,nl,5,1
RENTE,nl,5,1
RETIE,nl,5,1
REUTH,nl,5,1
REUZE,nl,5,1
REVEN,nl,5,1
REVUE,nl,5,1
RHAAN,nl,5,1
RHOON,nl,5,1
RIAGG,nl,5,1
RIANT,nl,5,1
RICHT,nl,5,1
RIJDEN,nl,5,1
RIJKEN,nl,5,1
RIJKER,nl,5,1
RIJMEN,nl,5,1
RIJPEN,nl,5,1
RIJPER,nl,5,1
RIJPTE,nl,5,1
RIJTEN,nl,5,1
RIJTJE,nl,5,1
RIJWEG,nl,5,1
RIJZEN,nl,5,1
RIJZIG,nl,5,1
RILDE,nl,5,1
RIOOL,nl,5,1
RITME,nl,5,1
RIYAL,nl,5,1
ROBIJN,nl,5,1
ROBOT,nl,5,1
RODEN,nl,5,1
ROEDE,nl,5,1
ROEMT,nl,5,1
ROEPT,nl,5,1
ROERT,nl,5,1
ROEST,nl,5,1
ROGAT,nl,5,1
ROGGE,nl,5,1
ROHEL,nl,5,1
ROKEN,nl,5,1
ROKER,nl,5,1
ROLAF,nl,5,1
ROLDE,nl,5,1
ROMAN,nl,5,1
ROMEO,nl,5,1
RONDE,nl,5,1
RONDT,nl,5,1
ROOIT,nl,5,1
ROOKT,nl,5,1
ROOMS,nl,5,1
ROOTH,nl,5,1
ROPTA,nl,5,1
ROTEM,nl,5,1
ROTJE,nl,5,1
ROTTE,nl,5,1
ROUGE,nl,5,1
ROUTE,nl,5,1
ROVEN,nl,5,1
ROVER,nl,5,1
ROZEN,nl,5,1
ROZET,nl,5,1
RUGBY,nl,5,1
RUIEN,nl,5,1
RUIGE,nl,5,1
RUIKT,nl,5,1
RUILT,nl,5,1
RUIME,nl,5,1
RUIMT,nl,5,1
RUKTE,nl,5,1
RULLE,nl,5,1
RUMBA,nl,5,1
RUMPT,nl,5,1
RUNDE,nl,5,1
RUSTE,nl,5,1
RUWEN,nl,5,1
RUZIE,nl,5,1
RYSUM,nl,5,1
SAAIE,nl,5,1
SABEL,nl,5,1
SALDI,nl,5,1
SALDO,nl,5,1
SALIE,nl,5,1
SALON,nl,5,1
SALTO,nl,5,1
SALVO,nl,5,1
SAMBA,nl,5,1
SAMEN,nl,5,1
SAMOS,nl,5,1
SATAN,nl,5,1
SATER,nl,5,1
SATIJN,nl,5,1
SATYR,nl,5,1
SAUNA,nl,5,1
SCALA,nl,5,1
SCALP,nl,5,1
SCENE,nl,5,1
SCHAF,nl,5,1
SCHAP,nl,5,1
SCHAT,nl,5,1
SCHEI,nl,5,1
SCHEL,nl,5,1
SCHEP,nl,5,1
SCHIJF,nl,5,1
SCHIJN,nl,5,1
SCHIJT,nl,5,1
SCHIL,nl,5,1
SCHIM,nl,5,1
SCHIP,nl,5,1
SCHOK,nl,5,1
SCHOP,nl,5,1
SCHOR,nl,5,1
SCHOT,nl,5,1
SCHUB,nl,5,1
SCHUT,nl,5,1
SCOOR,nl,5,1
SCORE,nl,5,1
SEINE,nl,5,1
SEKSE,nl,5,1
SEKTE,nl,5,1
SEOUL,nl,5,1
SEPIA,nl,5,1
SERIE,nl,5,1
SERRE,nl,5,1
SERUM,nl,5,1
SETJE,nl,5,1
SFEER,nl,5,1
SFINX,nl,5,1
SHIFT,nl,5,1
SIBBE,nl,5,1
SIERT,nl,5,1
SIFON,nl,5,1
SIKHS,nl,5,1
SINDS,nl,5,1
SINTS,nl,5,1
SJAAL,nl,5,1
SJEIK,nl,5,1
SJERP,nl,5,1
SJOEL,nl,5,1
SKATE,nl,5,1
SKIFF,nl,5,1
SLAAF,nl,5,1
SLAAG,nl,5,1
SLAAN,nl,5,1
SLAAP,nl,5,1
SLAAT,nl,5,1
SLANG,nl,5,1
SLANK,nl,5,1
SLEDE,nl,5,1
SLEEN,nl,5,1
SLEET,nl,5,1
SLEUF,nl,5,1
SLEUR,nl,5,1
SLIEP,nl,5,1
SLIKT,nl,5,1
SLOEG,nl,5,1
SLOEP,nl,5,1
SLOOF,nl,5,1
SLOOM,nl,5,1
SLOOP,nl,5,1
SLOOT,nl,5,1
SLUIP,nl,5,1
SLUIS,nl,5,1
SLUIT,nl,5,1
SMAAD,nl,5,1
SMAAK,nl,5,1
SMAKT,nl,5,1
SMART,nl,5,1
SMEED,nl,5,1
SMEER,nl,5,1
SMEET,nl,5,1
SMELT,nl,5,1
SMERP,nl,5,1
SMIDE,nl,5,1
SMOES,nl,5,1
SMOLT,nl,5,1
SMOOR,nl,5,1
SMULT,nl,5,1
SNAAR,nl,5,1
SNACK,nl,5,1
SNAKT,nl,5,1
SNAPT,nl,5,1
SNEDE,nl,5,1
SNEED,nl,5,1
SNEEK,nl,5,1
SNERT,nl,5,1
SNODE,nl,5,1
SNOEI,nl,5,1
SNOEK,nl,5,1
SNOEP,nl,5,1
SNOER,nl,5,1
SNOES,nl,5,1
SNOOD,nl,5,1
SNOOF,nl,5,1
SNOOT,nl,5,1
SNUIF,nl,5,1
SNUIT,nl,5,1
SNURK,nl,5,1
SOBER,nl,5,1
SOERS,nl,5,1
SOEST,nl,5,1
SOFIA,nl,5,1
SOLDE,nl,5,1
SOMDE,nl,5,1
SOMMA,nl,5,1
SONDE,nl,5,1
SOORT,nl,5,1
SORES,nl,5,1
SORRY,nl,5,1
SOTTO,nl,5,1
SPAAK,nl,5,1
SPAAN,nl,5,1
SPAAR,nl,5,1
SPANG,nl,5,1
SPANT,nl,5,1
SPEEL,nl,5,1
SPEEN,nl,5,1
SPEER,nl,5,1
SPEKT,nl,5,1
SPELD,nl,5,1
SPELT,nl,5,1
SPEUR,nl,5,1
SPIER,nl,5,1
SPIES,nl,5,1
SPINT,nl,5,1
SPION,nl,5,1
SPITS,nl,5,1
SPLIJT,nl,5,1
SPLIT,nl,5,1
SPOED,nl,5,1
SPOEL,nl,5,1
SPONS,nl,5,1
SPOOK,nl,5,1
SPOOR,nl,5,1
SPOOT,nl,5,1
SPORT,nl,5,1
SPRAK,nl,5,1
SPREI,nl,5,1
SPREU,nl,5,1
SPUIT,nl,5,1
SPUUG,nl,5,1
STAAF,nl,5,1
STAAK,nl,5,1
STAAL,nl,5,1
STAAN,nl,5,1
STAAR,nl,5,1
STAAT,nl,5,1
STADS,nl,5,1
STAGE,nl,5,1
STALT,nl,5,1
STAMP,nl,5,1
STAND,nl,5,1
STANG,nl,5,1
STANK,nl,5,1
STAPT,nl,5,1
START,nl,5,1
STEAK,nl,5,1
STEDE,nl,5,1
STEEG,nl,5,1
STEEK,nl,5,1
STEEL,nl,5,1
STEEN,nl,5,1
STEIL,nl,5,1
STEIN,nl,5,1
STEKT,nl,5,1
STELT,nl,5,1
STEMT,nl,5,1
STERE,nl,5,1
STERF,nl,5,1
STERK,nl,5,1
STERN,nl,5,1
STEUN,nl,5,1
STIEF,nl,5,1
STIEM,nl,5,1
STIER,nl,5,1
STIFT,nl,5,1
STIJGT,nl,5,1
STIJVE,nl,5,1
STIKT,nl,5,1
STINS,nl,5,1
STIPT,nl,5,1
STOCK,nl,5,1
STOEI,nl,5,1
STOEL,nl,5,1
STOEP,nl,5,1
STOER,nl,5,1
STOET,nl,5,1
STOKS,nl,5,1
STOKT,nl,5,1
STOLP,nl,5,1
STOLT,nl,5,1
STOMP,nl,5,1
STOMS,nl,5,1
STOND,nl,5,1
STOOF,nl,5,1
STOOK,nl,5,1
STOOM,nl,5,1
STOOT,nl,5,1
STOPT,nl,5,1
STORM,nl,5,1
STORT,nl,5,1
STOUT,nl,5,1
STRAF,nl,5,1
STRAK,nl,5,1
STRAM,nl,5,1
STRIJD,nl,5,1
STRIJK,nl,5,1
STRIJP,nl,5,1
STRIK,nl,5,1
STRIP,nl,5,1
STROE,nl,5,1
STROP,nl,5,1
STROT,nl,5,1
STUIP,nl,5,1
STUIT,nl,5,1
STUKS,nl,5,1
STULP,nl,5,1
STUNT,nl,5,1
STUUR,nl,5,1
SUEDE,nl,5,1
SUFTE,nl,5,1
SUJET,nl,5,1
SULKY,nl,5,1
SUPER,nl,5,1
SUSTE,nl,5,1
SVELD,nl,5,1
SWIER,nl,5,1
SWING,nl,5,1
TAAIE,nl,5,1
TAART,nl,5,1
TABAK,nl,5,1
TABEL,nl,5,1
TABOE,nl,5,1
TAFEL,nl,5,1
TAKEL,nl,5,1
TAKEN,nl,5,1
TAKJE,nl,5,1
TALEN,nl,5,1
TALIG,nl,5,1
TALUD,nl,5,1
TAMME,nl,5,1
TANGE,nl,5,1
TANGO,nl,5,1
TANIG,nl,5,1
TANKS,nl,5,1
TANKT,nl,5,1
TANTE,nl,5,1
TAPIJT,nl,5,1
TAPIR,nl,5,1
TAPTE,nl,5,1
TARWE,nl,5,1
TASJE,nl,5,1
TAUPE,nl,5,1
TEAMS,nl,5,1
TEASE,nl,5,1
TEDDY,nl,5,1
TEDER,nl,5,1
TEELT,nl,5,1
TEERD,nl,5,1
TEERT,nl,5,1
TEGEL,nl,5,1
TEGEN,nl,5,1
TEIGT,nl,5,1
TEINT,nl,5,1
TEKEN,nl,5,1
TEKST,nl,5,1
TELDE,nl,5,1
TELEN,nl,5,1
TELEX,nl,5,1
TEMDE,nl,5,1
TEMEN,nl,5,1
TEMPO,nl,5,1
TENEN,nl,5,1
TENOR,nl,5,1
TENUE,nl,5,1
TENZIJ,nl,5,1
TEPEL,nl,5,1
TEREN,nl,5,1
TERLO,nl,5,1
TERTS,nl,5,1
TERUG,nl,5,1
TESLA,nl,5,1
TESTS,nl,5,1
TEUGE,nl,5,1
TEURS,nl,5,1
TEXEL,nl,5,1
THAIS,nl,5,1
THANS,nl,5,1
THEMA,nl,5,1
THORA,nl,5,1
THORN,nl,5,1
THUIS,nl,5,1
THULL,nl,5,1
TIARA,nl,5,1
TIBER,nl,5,1
TIBET,nl,5,1
TIBMA,nl,5,1
TIJDEN,nl,5,1
TIJDIG,nl,5,1
TIJDJE,nl,5,1
TIJGER,nl,5,1
TIJNJE,nl,5,1
TIKJE,nl,5,1
TIKTE,nl,5,1
TILDE,nl,5,1
TINGA,nl,5,1
TINTE,nl,5,1
TIPJE,nl,5,1
TIRAN,nl,5,1
TIRNS,nl,5,1
TITEL,nl,5,1
TJALK,nl,5,1
TOBBE,nl,5,1
TOBDE,nl,5,1
TOCHT,nl,5,1
TODDE,nl,5,1
TOEGE,nl,5,1
TOETS,nl,5,1
TOIEN,nl,5,1
TOKYO,nl,5,1
TOLKE,nl,5,1
TONEN,nl,5,1
TONIC,nl,5,1
TONIJN,nl,5,1
TOONT,nl,5,1
TOORN,nl,5,1
TOOST,nl,5,1
TOPJE,nl,5,1
TOREN,nl,5,1
TOSTI,nl,5,1
TOVEN,nl,5,1
TRAAG,nl,5,1
TRACF,nl,5,1
TRAGE,nl,5,1
TRAGI,nl,5,1
TRAMS,nl,5,1
TRANT,nl,5,1
TRAPT,nl,5,1
TREDE,nl,5,1
TREED,nl,5,1
TREEM,nl,5,1
TREFT,nl,5,1
TREIN,nl,5,1
TREKT,nl,5,1
TREMA,nl,5,1
TREND,nl,5,1
TRILT,nl,5,1
TROEF,nl,5,1
TROEP,nl,5,1
TRONK,nl,5,1
TROON,nl,5,1
TROTS,nl,5,1
TROUW,nl,5,1
TRUCK,nl,5,1
TRUCS,nl,5,1
TSAAR,nl,5,1
TUCHT,nl,5,1
TUMOR,nl,5,1
TUNIS,nl,5,1
TUREN,nl,5,1
TURIJN,nl,5,1
TURKS,nl,5,1
TURNT,nl,5,1
TUURT,nl,5,1
TWISK,nl,5,1
TWIST,nl,5,1
TYFUS,nl,5,1
TYPEN,nl,5,1
TYPES,nl,5,1
TYPTE,nl,5,1
UDDEL,nl,5,1
UEDUM,nl,5,1
UILEN,nl,5,1
UITEN,nl,5,1
UITJE,nl,5,1
UITTE,nl,5,1
ULRUM,nl,5,1
ULSDA,nl,5,1
ULTRA,nl,5,1
UNIEK,nl,5,1
UNITS,nl,5,1
UPPIE,nl,5,1
URINE,nl,5,1
URMEN,nl,5,1
URSEM,nl,5,1
UTTUM,nl,5,1
UZELF,nl,5,1
VAALS,nl,5,1
VAART,nl,5,1
VACHT,nl,5,1
VADEM,nl,5,1
VADER,nl,5,1
VAGER,nl,5,1
VAKER,nl,5,1
VALOM,nl,5,1
VALSE,nl,5,1
VANAF,nl,5,1
VANGT,nl,5,1
VAREN,nl,5,1
VARIK,nl,5,1
VARNA,nl,5,1
VASSE,nl,5,1
VASTE,nl,5,1
VATEN,nl,5,1
VATTE,nl,5,1
VAZEN,nl,5,1
VECHT,nl,5,1
VEDEL,nl,5,1
VEDER,nl,5,1
VEEGT,nl,5,1
VEELE,nl,5,1
VEERE,nl,5,1
VEGEN,nl,5,1
VEGER,nl,5,1
VELDE,nl,5,1
VELEN,nl,5,1
VENIJN,nl,5,1
VENLO,nl,5,1
VENUS,nl,5,1
VERAF,nl,5,1
VEREN,nl,5,1
VERFT,nl,5,1
VERGT,nl,5,1
VERRE,nl,5,1
VERSA,nl,5,1
VERSE,nl,5,1
VERSO,nl,5,1
VERTE,nl,5,1
VERVE,nl,5,1
VESTA,nl,5,1
VETER,nl,5,1
VETTE,nl,5,1
VEZEL,nl,5,1
VIDEO,nl,5,1
VIERT,nl,5,1
VIJAND,nl,5,1
VIJFDE,nl,5,1
VIJGEN,nl,5,1
VIJLEN,nl,5,1
VIJVER,nl,5,1
VILLA,nl,5,1
VINDT,nl,5,1
VIOOL,nl,5,1
VIRUS,nl,5,1
VISIE,nl,5,1
VISJE,nl,5,1
VISTE,nl,5,1
VITAE,nl,5,1
VLAAG,nl,5,1
VLAAS,nl,5,1
VLAKE,nl,5,1
VLAMT,nl,5,1
VLEES,nl,5,1
VLEET,nl,5,1
VLIEG,nl,5,1
VLIER,nl,5,1
VLIES,nl,5,1
VLIST,nl,5,1
VLOED,nl,5,1
VLOEK,nl,5,1
VLOER,nl,5,1
VLOOG,nl,5,1
VLOOT,nl,5,1
VOCHT,nl,5,1
VOEDT,nl,5,1
VOEGT,nl,5,1
VOELT,nl,5,1
VOERT,nl,5,1
VOGEL,nl,5,1
VOLGT,nl,5,1
VOLKS,nl,5,1
VOLLE,nl,5,1
VOLOP,nl,5,1
VOOGD,nl,5,1
VOORD,nl,5,1
VOORS,nl,5,1
VOORT,nl,5,1
VOREN,nl,5,1
VORIG,nl,5,1
VORMT,nl,5,1
VORST,nl,5,1
VRAAG,nl,5,1
VRANK,nl,5,1
VREDE,nl,5,1
VREES,nl,5,1
VRIES,nl,5,1
VRIJAF,nl,5,1
VRIJEN,nl,5,1
VRIJER,nl,5,1
VROEG,nl,5,1
VROOM,nl,5,1
VROOR,nl,5,1
VROUW,nl,5,1
VUCHT,nl,5,1
VUGHT,nl,5,1
VUIGE,nl,5,1
VUILE,nl,5,1
VUIST,nl,5,1
VULDE,nl,5,1
VUREN,nl,5,1
VURIG,nl,5,1
VUURT,nl,5,1
WAAGT,nl,5,1
WAAIT,nl,5,1
WAAKT,nl,5,1
WAARD,nl,5,1
WACHT,nl,5,1
WADEN,nl,5,1
WAFEL,nl,5,1
WAGEN,nl,5,1
WALEM,nl,5,1
WALEN,nl,5,1
WALIK,nl,5,1
WAMEL,nl,5,1
WANEN,nl,5,1
WAPEN,nl,5,1
WAPSE,nl,5,1
WAREN,nl,5,1
WARGA,nl,5,1
WARME,nl,5,1
WARNS,nl,5,1
WASTE,nl,5,1
WATER,nl,5,1
WAVER,nl,5,1
WAZIG,nl,5,1
WEBER,nl,5,1
WEDDE,nl,5,1
WEEFT,nl,5,1
WEEGS,nl,5,1
WEEGT,nl,5,1
WEEKT,nl,5,1
WEERD,nl,5,1
WEERT,nl,5,1
WEESP,nl,5,1
WEEZE,nl,5,1
WEGEN,nl,5,1
WEIDE,nl,5,1
WEITE,nl,5,1
WEKEN,nl,5,1
WEKTE,nl,5,1
WELKE,nl,5,1
WELNU,nl,5,1
WEMEL,nl,5,1
WENDE,nl,5,1
WENDT,nl,5,1
WENEN,nl,5,1
WENST,nl,5,1
WENUM,nl,5,1
WEPER,nl,5,1
WEREN,nl,5,1
WERKT,nl,5,1
WERPT,nl,5,1
WERTH,nl,5,1
WETEN,nl,5,1
WEURT,nl,5,1
WEVEN,nl,5,1
WEZEL,nl,5,1
WEZEN,nl,5,1
WEZEP,nl,5,1
WEZUP,nl,5,1
WIENE,nl,5,1
WIENS,nl,5,1
WIERP,nl,5,1
WIJDDE,nl,5,1
WIJDEN,nl,5,1
WIJDER,nl,5,1
WIJDTE,nl,5,1
WIJFJE,nl,5,1
WIJKEN,nl,5,1
WIJLEN,nl,5,1
WIJLRE,nl,5,1
WIJNEN,nl,5,1
WIJSJE,nl,5,1
WIJTEN,nl,5,1
WIJZEN,nl,5,1
WIJZER,nl,5,1
WIJZIG,nl,5,1
WILDE,nl,5,1
WILLE,nl,5,1
WINDE,nl,5,1
WINDT,nl,5,1
WINST,nl,5,1
WIPTE,nl,5,1
WISKE,nl,5,1
WITTE,nl,5,1
WOEDE,nl,5,1
WOERD,nl,5,1
WOEST,nl,5,1
WOGEN,nl,5,1
WOLKT,nl,5,1
WONCK,nl,5,1
WONEN,nl,5,1
WOOLD,nl,5,1
WOONT,nl,5,1
WOORD,nl,5,1
WORDT,nl,5,1
WORST,nl,5,1
WOUDE,nl,5,1
WRAAK,nl,5,1
WRAKE,nl,5,1
WRANG,nl,5,1
WREED,nl,5,1
WREEF,nl,5,1
WRIJFT,nl,5,1
WULPS,nl,5,1
WURGT,nl,5,1
WYLER,nl,5,1
YUCCA,nl,5,1
ZAAGT,nl,5,1
ZAAIT,nl,5,1
ZACHT,nl,5,1
ZADEL,nl,5,1
ZADEN,nl,5,1
ZAGEN,nl,5,1
ZAKEN,nl,5,1
ZAKJE,nl,5,1
ZAKTE,nl,5,1
ZALEN,nl,5,1
ZALIG,nl,5,1
ZALNF,nl,5,1
ZAMEL,nl,5,1
ZATEN,nl,5,1
ZEBRA,nl,5,1
ZEDDE,nl,5,1
ZEDIG,nl,5,1
ZEEFT,nl,5,1
ZEELT,nl,5,1
ZEGEL,nl,5,1
ZEGGE,nl,5,1
ZEILT,nl,5,1
ZEIST,nl,5,1
ZEKER,nl,5,1
ZELEN,nl,5,1
ZELFS,nl,5,1
ZEMEN,nl,5,1
ZENDT,nl,5,1
ZENIT,nl,5,1
ZESDE,nl,5,1
ZETEL,nl,5,1
ZETJE,nl,5,1
ZETTE,nl,5,1
ZEURT,nl,5,1
ZEVEN,nl,5,1
ZEVER,nl,5,1
ZEYEN,nl,5,1
ZICHT,nl,5,1
ZIEKE,nl,5,1
ZIELE,nl,5,1
ZIENS,nl,5,1
ZIEZO,nl,5,1
ZIJDEN,nl,5,1
ZIJLIJN,nl,5,1
ZIJNDE,nl,5,1
ZIJNER,nl,5,1
ZIJNIS,nl,5,1
ZIJPAD,nl,5,1
ZIJTAK,nl,5,1
ZINKT,nl,5,1
ZOALS,nl,5,1
ZOCHT,nl,5,1
ZODAT,nl,5,1
ZODEN,nl,5,1
ZODRA,nl,5,1
ZOEFT,nl,5,1
ZOEKT,nl,5,1
ZOENT,nl,5,1
ZOETE,nl,5,1
ZOLEN,nl,5,1
ZOMER,nl,5,1
ZOMIN,nl,5,1
ZONDE,nl,5,1
ZONEN,nl,5,1
ZONES,nl,5,1
ZOONS,nl,5,1
ZORGT,nl,5,1
ZOUDT,nl,5,1
ZOUTE,nl,5,1
ZOVER,nl,5,1
ZOWAT,nl,5,1
ZOWEL,nl,5,1
ZUCHT,nl,5,1
ZULKE,nl,5,1
ZULKS,nl,5,1
ZUREN,nl,5,1
ZUSJE,nl,5,1
ZWAAG,nl,5,1
ZWAAN,nl,5,1
ZWAAR,nl,5,1
ZWANG,nl,5,1
ZWARE,nl,5,1
ZWART,nl,5,1
ZWEEG,nl,5,1
ZWEER,nl,5,1
ZWEET,nl,5,1
ZWELT,nl,5,1
ZWEMT,nl,5,1
ZWERF,nl,5,1
ZWERM,nl,5,1
ZWIEP,nl,5,1
ZWIER,nl,5,1
ZWIJGT,nl,5,1
ZWOEG,nl,5,1
ZWOEL,nl,5,1
ZWOOR,nl,5,1