KLEDEN,nl,6,1
VERVAL,nl,6,1
UITHAM,nl,6,1
DANKEN,nl,6,1
KRONEN,nl,6,1
STEDEN,nl,6,1
SLAKEN,nl,6,1
BLADEN,nl,6,1
HAASJE,nl,6,1
TIETEN,nl,6,1
ZOUTJE,nl,6,1
GIEREN,nl,6,1
LAFBEK,nl,6,1
KOSTEN,nl,6,1
NEPPEN,nl,6,1
PRIKJE,nl,6,1
LEKKER,nl,6,1
DIKZAK,nl,6,1
PASTEL,nl,6,1
KISTEN,nl,6,1
GONDEL,nl,6,1
BALLON,nl,6,1
DWAZEN,nl,6,1
PISSEN,nl,6,1
KIEMEN,nl,6,1
BELEID,nl,6,1
ABSENT,nl,6,1
LAAGTE,nl,6,1
SABELS,nl,6,1
HEUPEN,nl,6,1
POESJE,nl,6,1
STAPJE,nl,6,1
ZEUGEN,nl,6,1
FOUTJE,nl,6,1
GEHARD,nl,6,1
ROTSEN,nl,6,1
LONTEN,nl,6,1
DULDEN,nl,6,1
RESTJE,nl,6,1
INVOER,nl,6,1
MUZIEK,nl,6,1
KIEZEN,nl,6,1
ORDERS,nl,6,1
VAKKEN,nl,6,1
UITBAL,nl,6,1
PRAKJE,nl,6,1
STEEDS,nl,6,1
ENTREE,nl,6,1
KADERS,nl,6,1
BEDRAG,nl,6,1
PREUTS,nl,6,1
VENTEN,nl,6,1
PETTEN,nl,6,1
OORDEN,nl,6,1
WISSER,nl,6,1
SPUWEN,nl,6,1
ESKIMO,nl,6,1
GANZEN,nl,6,1
VRIJDAG,nl,6,1
DEKSEL,nl,6,1
HOEVEN,nl,6,1
STUREN,nl,6,1
KATERS,nl,6,1
TELGEN,nl,6,1
BENDEN,nl,6,1
DAAROP,nl,6,1
POEIER,nl,6,1
STOTEN,nl,6,1
KELNER,nl,6,1
SLEPEN,nl,6,1
SCHRAM,nl,6,1
VOELEN,nl,6,1
ZUSTER,nl,6,1
SURFEN,nl,6,1
GRANEN,nl,6,1
WERPEN,nl,6,1
HINKEN,nl,6,1
ROSSIG,nl,6,1
JURIST,nl,6,1
NASPEL,nl,6,1
ROKKEN,nl,6,1
JARIGE,nl,6,1
BOEVEN,nl,6,1
ELKAAR,nl,6,1
METING,nl,6,1
PUMMEL,nl,6,1
RAMMEN,nl,6,1
STEKEN,nl,6,1
BANKJE,nl,6,1
KEUTEL,nl,6,1
ZITJES,nl,6,1
GESPEN,nl,6,1
CONTRA,nl,6,1
TENNIS,nl,6,1
BERAAD,nl,6,1
ELFTAL,nl,6,1
ORATIE,nl,6,1
SOEZEN,nl,6,1
BEZOEK,nl,6,1
AFGAAN,nl,6,1
DISTEL,nl,6,1
LADDER,nl,6,1
LENING,nl,6,1
BULKEN,nl,6,1
TUSSEN,nl,6,1
LAPJES,nl,6,1
ARTSEN,nl,6,1
GERUST,nl,6,1
SEDERT,nl,6,1
BORDJE,nl,6,1
DIENST,nl,6,1
PANDJE,nl,6,1
IEMAND,nl,6,1
ROOIEN,nl,6,1
KRUKJE,nl,6,1
MANDJE,nl,6,1
STUDIE,nl,6,1
GEZWEL,nl,6,1
KERKEN,nl,6,1
DORPEN,nl,6,1
BIEDER,nl,6,1
NEKVEL,nl,6,1
LIEFJE,nl,6,1
NOMADE,nl,6,1
ROEMEN,nl,6,1
SPANEN,nl,6,1
KLOPJE,nl,6,1
POSTEN,nl,6,1
HOEZEN,nl,6,1
GRAZEN,nl,6,1
KALKEN,nl,6,1
KISTJE,nl,6,1
UITVAL,nl,6,1
PAKKEN,nl,6,1
RUITEN,nl,6,1
DUIVEN,nl,6,1
NETELS,nl,6,1
OPGAAN,nl,6,1
KURKEN,nl,6,1
KRAKER,nl,6,1
ZWEPEN,nl,6,1
PILLEN,nl,6,1
BLATEN,nl,6,1
ZOEMER,nl,6,1
VILLEN,nl,6,1
CLAIMS,nl,6,1
HOTSEN,nl,6,1
NATURA,nl,6,1
LOEDER,nl,6,1
KRUIER,nl,6,1
HUIZEN,nl,6,1
SMEREN,nl,6,1
PERKJE,nl,6,1
HOUDER,nl,6,1
EERVOL,nl,6,1
JONGEN,nl,6,1
FINAAL,nl,6,1
SLAGER,nl,6,1
MUITER,nl,6,1
ERKERS,nl,6,1
MISSEN,nl,6,1
BRAKEN,nl,6,1
VERLOF,nl,6,1
GEREED,nl,6,1
RUIKER,nl,6,1
TEMPEL,nl,6,1
WAGENS,nl,6,1
KEIZER,nl,6,1
SENIOR,nl,6,1
SCHOEN,nl,6,1
HOTELS,nl,6,1
IJSBERG,nl,6,1
ROVERS,nl,6,1
VETTEN,nl,6,1
KOPPEN,nl,6,1
BINDEN,nl,6,1
VERGEN,nl,6,1
BINKEN,nl,6,1
BEKEND,nl,6,1
KRANIG,nl,6,1
WERELD,nl,6,1
ORAKEL,nl,6,1
VERBOD,nl,6,1
PONSEN,nl,6,1
VOEDER,nl,6,1
VOLGEN,nl,6,1
VOORAL,nl,6,1
BEZEMS,nl,6,1
ROKERS,nl,6,1
SINTEL,nl,6,1
GOOIEN,nl,6,1
KWEKEN,nl,6,1
LINKER,nl,6,1
LETSEL,nl,6,1
HAVENS,nl,6,1
IDEAAL,nl,6,1
MOEITE,nl,6,1
KINDJE,nl,6,1
ARBEID,nl,6,1
LEZERS,nl,6,1
SPAREN,nl,6,1
KOMIEK,nl,6,1
KAPPEN,nl,6,1
HONGER,nl,6,1
KANTEN,nl,6,1
MOKKEL,nl,6,1
HEFTIG,nl,6,1
VORSEN,nl,6,1
KUITEN,nl,6,1
WIEKEN,nl,6,1
BOUTJE,nl,6,1
LAWINE,nl,6,1
DECORS,nl,6,1
SNEEUW,nl,6,1
BUIKEN,nl,6,1
GRAVER,nl,6,1
INLOOP,nl,6,1
IMPULS,nl,6,1
TOORTS,nl,6,1
ANTIEK,nl,6,1
JOELEN,nl,6,1
BEVERS,nl,6,1
BLOZEN,nl,6,1
DONZEN,nl,6,1
STILTE,nl,6,1
MOREEL,nl,6,1
STADJE,nl,6,1
LAKKEN,nl,6,1
WURGEN,nl,6,1
SPAKEN,nl,6,1
WARMTE,nl,6,1
DAARNA,nl,6,1
ERVOOR,nl,6,1
AKKERS,nl,6,1
KANTJE,nl,6,1
EROSIE,nl,6,1
MATRAS,nl,6,1
GEMAAL,nl,6,1
MENTOR,nl,6,1
KERNEN,nl,6,1
LANDJE,nl,6,1
GRETIG,nl,6,1
TANGEN,nl,6,1
DEUGEN,nl,6,1
INHOUD,nl,6,1
TASTEN,nl,6,1
BOLLEN,nl,6,1
TEMMEN,nl,6,1
WESPEN,nl,6,1
KWAKEN,nl,6,1
BLIKJE,nl,6,1
GOKKEN,nl,6,1
BAKENS,nl,6,1
SEINEN,nl,6,1
PLICHT,nl,6,1
WALLEN,nl,6,1
DEMPER,nl,6,1
TANDJE,nl,6,1
CELLEN,nl,6,1
RELLEN,nl,6,1
BEREIK,nl,6,1
GETEUT,nl,6,1
SCHOFT,nl,6,1
ZWAARD,nl,6,1
GINDER,nl,6,1
RUKKEN,nl,6,1
KOUSJE,nl,6,1
GARAGE,nl,6,1
NUTTIG,nl,6,1
VINKEN,nl,6,1
OPSTAL,nl,6,1
LIFTER,nl,6,1
NAADJE,nl,6,1
GEISER,nl,6,1
PITTIG,nl,6,1
PINNEN,nl,6,1
RONDES,nl,6,1
PELSEN,nl,6,1
HAAIEN,nl,6,1
TONEEL,nl,6,1
WANGEN,nl,6,1
KUIPJE,nl,6,1
HONKEN,nl,6,1
OPSTEL,nl,6,1
MEPPEN,nl,6,1
VAASJE,nl,6,1
BORREL,nl,6,1
LENGEN,nl,6,1
TERPEN,nl,6,1
BOTTER,nl,6,1
LIEFDE,nl,6,1
FORENS,nl,6,1
BAAIEN,nl,6,1
VADERS,nl,6,1
REKELS,nl,6,1
KORVEN,nl,6,1
WESTEN,nl,6,1
TOTAAL,nl,6,1
TIENEN,nl,6,1
NEEFJE,nl,6,1
WORPEN,nl,6,1
VLEGEL,nl,6,1
HANDIG,nl,6,1
PARFUM,nl,6,1
BIJTJES,nl,6,1
OPSLAG,nl,6,1
VISSER,nl,6,1
CRISIS,nl,6,1
ZWAKTE,nl,6,1
KAVELS,nl,6,1
GEMEEN,nl,6,1
STRIEM,nl,6,1
PLAGEN,nl,6,1
NAGAAN,nl,6,1
LAAIEN,nl,6,1
NETBAL,nl,6,1
NADOEN,nl,6,1
NETJES,nl,6,1
KATTEN,nl,6,1
ROTJES,nl,6,1
LIPJES,nl,6,1
AFTREK,nl,6,1
LEUNEN,nl,6,1
BERMEN,nl,6,1
STELEN,nl,6,1
KNOPJE,nl,6,1
BOEDEL,nl,6,1
OMGAAN,nl,6,1
AFTRAP,nl,6,1
MOSSEL,nl,6,1
HANDJE,nl,6,1
KARWEI,nl,6,1
TANTES,nl,6,1
LAMPJE,nl,6,1
HONDEN,nl,6,1
RECHTS,nl,6,1
SMAKEN,nl,6,1
MAPJES,nl,6,1
GORDEL,nl,6,1
PLAATS,nl,6,1
GEKLAP,nl,6,1
MESTEN,nl,6,1
VLECHT,nl,6,1
SENIEL,nl,6,1
RECEPT,nl,6,1
ANKERS,nl,6,1
PAKKET,nl,6,1
JOGGER,nl,6,1
DRAVER,nl,6,1
STOMEN,nl,6,1
SALADE,nl,6,1
METERS,nl,6,1
NATUUR,nl,6,1
ZENDER,nl,6,1
HELPEN,nl,6,1
GALGEN,nl,6,1
IJSKOUD,nl,6,1
BLAKEN,nl,6,1
BESTEK,nl,6,1
ROTZAK,nl,6,1
KOLDER,nl,6,1
LOEIEN,nl,6,1
PITJES,nl,6,1
HUTJES,nl,6,1
OMHEEN,nl,6,1
TOMAAT,nl,6,1
KNOPEN,nl,6,1
WELVEN,nl,6,1
WONING,nl,6,1
HEIBEL,nl,6,1
BLONDE,nl,6,1
BONZEN,nl,6,1
ZIELIG,nl,6,1
SOEPEN,nl,6,1
SLOVEN,nl,6,1
KUDDES,nl,6,1
SNAREN,nl,6,1
TOLKEN,nl,6,1
DADERS,nl,6,1
DELING,nl,6,1
DEVIES,nl,6,1
PATERS,nl,6,1
BUIZEN,nl,6,1
WITLOF,nl,6,1
KREKEL,nl,6,1
ONVAST,nl,6,1
ADEMEN,nl,6,1
LETTEN,nl,6,1
NAASTE,nl,6,1
HORDEN,nl,6,1
ZOUTEN,nl,6,1
BEFFEN,nl,6,1
BAKJES,nl,6,1
SARREN,nl,6,1
WERKER,nl,6,1
KASTEN,nl,6,1
WERVEN,nl,6,1
RILLEN,nl,6,1
RIVAAL,nl,6,1
ATLEET,nl,6,1
HARPEN,nl,6,1
HINDER,nl,6,1
DIEPTE,nl,6,1
PASSER,nl,6,1
ZORGEN,nl,6,1
POKKEN,nl,6,1
VOEDEN,nl,6,1
VELDEN,nl,6,1
GOOTJE,nl,6,1
GIPSEN,nl,6,1
PIEPJE,nl,6,1
PUNTER,nl,6,1
LATJES,nl,6,1
TOETJE,nl,6,1
BROKJE,nl,6,1
ZONDEN,nl,6,1
KOTTER,nl,6,1
ZOEMEN,nl,6,1
TOSSEN,nl,6,1
MAPPEN,nl,6,1
TOEVAL,nl,6,1
DEUKJE,nl,6,1
DECAAN,nl,6,1
DRAVEN,nl,6,1
ERHEEN,nl,6,1
GEPAST,nl,6,1
VLAKTE,nl,6,1
BUIKJE,nl,6,1
INSTAP,nl,6,1
HOEKJE,nl,6,1
WIKKEN,nl,6,1
CURVEN,nl,6,1
GRAPJE,nl,6,1
ZUIPEN,nl,6,1
RUMOER,nl,6,1
GEUREN,nl,6,1
LEUZEN,nl,6,1
GEBAAR,nl,6,1
KUNDIG,nl,6,1
KAPPER,nl,6,1
CLOWNS,nl,6,1
GARANT,nl,6,1
DOOIER,nl,6,1
BONDEN,nl,6,1
EINDJE,nl,6,1
JANKEN,nl,6,1
TREDEN,nl,6,1
GIFTEN,nl,6,1
NUKKIG,nl,6,1
ZANDEN,nl,6,1
FRATER,nl,6,1
AANLEG,nl,6,1
KAMPEN,nl,6,1
PIKKEN,nl,6,1
GULZIG,nl,6,1
SCHOOL,nl,6,1
KRIJGEN,nl,6,1
TOKKEL,nl,6,1
BIEZEN,nl,6,1
PEDDEL,nl,6,1
GENADE,nl,6,1
WILLEN,nl,6,1
TARIEF,nl,6,1
WIJFJES,nl,6,1
LURVEN,nl,6,1
HARTJE,nl,6,1
MORAAL,nl,6,1
OPENEN,nl,6,1
GEHOOR,nl,6,1
MOTORS,nl,6,1
MOTIEF,nl,6,1
DOPPEN,nl,6,1
HEUVEL,nl,6,1
BOSBES,nl,6,1
CIVIEL,nl,6,1
SENAAT,nl,6,1
OMTREK,nl,6,1
REIKEN,nl,6,1
PIEPER,nl,6,1
OPGAAF,nl,6,1
SMERIS,nl,6,1
MODERN,nl,6,1
AKELIG,nl,6,1
KAAKJE,nl,6,1
KETELS,nl,6,1
KREEFT,nl,6,1
KERELS,nl,6,1
JOGGEN,nl,6,1
OORPIJN,nl,6,1
SADIST,nl,6,1
ONFRIS,nl,6,1
ASTERS,nl,6,1
OPKOOP,nl,6,1
KANKER,nl,6,1
ROOSJE,nl,6,1
FLATER,nl,6,1
FOKKEN,nl,6,1
ORKAAN,nl,6,1
HIERNA,nl,6,1
SIMPEL,nl,6,1
DAPPER,nl,6,1
BUISJE,nl,6,1
MERGEL,nl,6,1
DUIKEN,nl,6,1
OERDOM,nl,6,1
ROSSEN,nl,6,1
DUKAAT,nl,6,1
CORNER,nl,6,1
FLANEL,nl,6,1
TEPELS,nl,6,1
MAAIER,nl,6,1
PENNEN,nl,6,1
PEULEN,nl,6,1
CAMERA,nl,6,1
FATAAL,nl,6,1
SOPPEN,nl,6,1
ZWANEN,nl,6,1
BEKAKT,nl,6,1
VRUCHT,nl,6,1
PIEPEN,nl,6,1
HELAAS,nl,6,1
KAFTEN,nl,6,1
KOOIEN,nl,6,1
BULTEN,nl,6,1
MONDIG,nl,6,1
OPDRUK,nl,6,1
BEULEN,nl,6,1
RIVIER,nl,6,1
EDITIE,nl,6,1
DRAKEN,nl,6,1
WILDEN,nl,6,1
LOZING,nl,6,1
HITSIG,nl,6,1
VANGEN,nl,6,1
SOMMEN,nl,6,1
VESTJE,nl,6,1
SPECHT,nl,6,1
ZEILER,nl,6,1
TRANEN,nl,6,1
KRAMEN,nl,6,1
BEROEP,nl,6,1
TUITEN,nl,6,1
NAZIEN,nl,6,1
KROPJE,nl,6,1
WETTEN,nl,6,1
DOKKEN,nl,6,1
ERNAAR,nl,6,1
SCHEDE,nl,6,1
VENTJE,nl,6,1
BEROUW,nl,6,1
AGENDA,nl,6,1
BONKEN,nl,6,1
BOSPAD,nl,6,1
MATSEN,nl,6,1
NADRUK,nl,6,1
BEMIND,nl,6,1
CIPIER,nl,6,1
SCHRIL,nl,6,1
TRAPJE,nl,6,1
SPATEL,nl,6,1
LONGEN,nl,6,1
BANKEN,nl,6,1
POTVIS,nl,6,1
GOSPEL,nl,6,1
HASPEL,nl,6,1
TRIPJE,nl,6,1
STAVEN,nl,6,1
GIERIG,nl,6,1
BERKEN,nl,6,1
STROOK,nl,6,1
CIJFERS,nl,6,1
WINTER,nl,6,1
MORGEN,nl,6,1
VLAGJE,nl,6,1
RIDDER,nl,6,1
CAMPER,nl,6,1
JEUKEN,nl,6,1
HOEDJE,nl,6,1
REILEN,nl,6,1
DELICT,nl,6,1
TANDEN,nl,6,1
EENDEN,nl,6,1
GEWAAD,nl,6,1
OPGAVE,nl,6,1
ZENDEN,nl,6,1
DUINEN,nl,6,1
BISDOM,nl,6,1
BOKKEN,nl,6,1
ZOEKEN,nl,6,1
LETTER,nl,6,1
DIMMEN,nl,6,1
MAATJE,nl,6,1
KUIVEN,nl,6,1
LEUTER,nl,6,1
SATIRE,nl,6,1
GALMEN,nl,6,1
PUBERS,nl,6,1
OPDOEN,nl,6,1
ZILVER,nl,6,1
REDDEN,nl,6,1
PLEKJE,nl,6,1
BUMPER,nl,6,1
VIEREN,nl,6,1
KUSJES,nl,6,1
KAKKEN,nl,6,1
ZOETEN,nl,6,1
DAKJES,nl,6,1
ANGELS,nl,6,1
ZAAIEN,nl,6,1
EERLIJK,nl,6,1
ZAKMES,nl,6,1
EIKELS,nl,6,1
ROGGEN,nl,6,1
SEKTEN,nl,6,1
HAKKEN,nl,6,1
PARELS,nl,6,1
MOKKEN,nl,6,1
RIJDERS,nl,6,1
KUILEN,nl,6,1
PADDEN,nl,6,1
LASTIG,nl,6,1
GROEVE,nl,6,1
GEHEEL,nl,6,1
TOMBES,nl,6,1
PODIUM,nl,6,1
MOLENS,nl,6,1
LINTEN,nl,6,1
ZOVEEL,nl,6,1
LENDEN,nl,6,1
ECHTER,nl,6,1
KAMERS,nl,6,1
STRAND,nl,6,1
ZONDER,nl,6,1
KERMEN,nl,6,1
BOKSER,nl,6,1
BUKKEN,nl,6,1
PANEEL,nl,6,1
HARNAS,nl,6,1
KAPERS,nl,6,1
TOLLEN,nl,6,1
TROPEN,nl,6,1
TAKJES,nl,6,1
KASJES,nl,6,1
GELUID,nl,6,1
RANDJE,nl,6,1
FLESJE,nl,6,1
GALANT,nl,6,1
ZALVEN,nl,6,1
POMPEN,nl,6,1
ERELID,nl,6,1
GOLFEN,nl,6,1
WASHOK,nl,6,1
INGANG,nl,6,1
RIETEN,nl,6,1
NADIEN,nl,6,1
BELANG,nl,6,1
SPRONG,nl,6,1
OPTIES,nl,6,1
GRACHT,nl,6,1
ETMAAL,nl,6,1
KERKER,nl,6,1
PASSEN,nl,6,1
DRAGER,nl,6,1
PARKET,nl,6,1
KERMIS,nl,6,1
PARTEN,nl,6,1
STREEP,nl,6,1
PANTER,nl,6,1
WAARIN,nl,6,1
KUDDEN,nl,6,1
VEILIG,nl,6,1
PALMEN,nl,6,1
PUFFEN,nl,6,1
MAKKER,nl,6,1
DENKER,nl,6,1
HANGEN,nl,6,1
GEINIG,nl,6,1
GERUIS,nl,6,1
HELDEN,nl,6,1
SCHAAK,nl,6,1
HANDEL,nl,6,1
SPEKJE,nl,6,1
DARMEN,nl,6,1
DEMPEN,nl,6,1
KOUSEN,nl,6,1
GRADEN,nl,6,1
KNEVEL,nl,6,1
KOEKEN,nl,6,1
SCHERM,nl,6,1
FILMEN,nl,6,1
BAKSEL,nl,6,1
SCHUIM,nl,6,1
ONTZAG,nl,6,1
TEVEEL,nl,6,1
KIEREN,nl,6,1
TINNEN,nl,6,1
BEUKEN,nl,6,1
KRETEN,nl,6,1
MOBIEL,nl,6,1
GEZOND,nl,6,1
JUMPER,nl,6,1
ONRAAD,nl,6,1
WOLVEN,nl,6,1
OOSTEN,nl,6,1
KNOTJE,nl,6,1
TIKKEN,nl,6,1
GOEDJE,nl,6,1
REPPEN,nl,6,1
KIENEN,nl,6,1
BLIJVEN,nl,6,1
RUZIES,nl,6,1
MAJOOR,nl,6,1
LOKAAL,nl,6,1
MESSEN,nl,6,1
EROVER,nl,6,1
STAART,nl,6,1
SIGAAR,nl,6,1
STRUIK,nl,6,1
GEVELS,nl,6,1
ORANJE,nl,6,1
OMROEP,nl,6,1
KELKEN,nl,6,1
NAMENS,nl,6,1
GIETER,nl,6,1
REKKEN,nl,6,1
MERELS,nl,6,1
INZAGE,nl,6,1
NIPPEN,nl,6,1
STOVEN,nl,6,1
HORZEL,nl,6,1
KIJKERS,nl,6,1
PAAIEN,nl,6,1
BOUTEN,nl,6,1
BLEKEN,nl,6,1
WATJES,nl,6,1
IJSBAAN,nl,6,1
ZANGER,nl,6,1
DUIMEN,nl,6,1
INZIEN,nl,6,1
KRAKEN,nl,6,1
JOKERS,nl,6,1
WEDDEN,nl,6,1
ZAADJE,nl,6,1
JAMPOT,nl,6,1
TORNEN,nl,6,1
SLIJMEN,nl,6,1
LOTING,nl,6,1
KORREL,nl,6,1
BEGAAN,nl,6,1
OFFERS,nl,6,1
MUSSEN,nl,6,1
SMEKEN,nl,6,1
OMELET,nl,6,1
TELLEN,nl,6,1
KRANEN,nl,6,1
ZEGGEN,nl,6,1
DEKENS,nl,6,1
LAPPEN,nl,6,1
EERDER,nl,6,1
SCHUIN,nl,6,1
FUSIES,nl,6,1
SAPPIG,nl,6,1
TOBBEN,nl,6,1
HEKSEN,nl,6,1
MIKKEN,nl,6,1
KETENS,nl,6,1
AANTAL,nl,6,1
VALKEN,nl,6,1
GEULEN,nl,6,1
ORKEST,nl,6,1
ROUWIG,nl,6,1
KENNIS,nl,6,1
MANIER,nl,6,1
GRIJPEN,nl,6,1
OPHAAL,nl,6,1
NOPPEN,nl,6,1
TORTEL,nl,6,1
LIFTEN,nl,6,1
KUSSEN,nl,6,1
NUMERO,nl,6,1
PONDJE,nl,6,1
RIBBEN,nl,6,1
PERKEN,nl,6,1
FEILEN,nl,6,1
WIJNREK,nl,6,1
TOEVEN,nl,6,1
BURCHT,nl,6,1
FITTER,nl,6,1
ACTIES,nl,6,1
LEIDEN,nl,6,1
ZINKEN,nl,6,1
FALSET,nl,6,1
VIZIER,nl,6,1
TRONIE,nl,6,1
CABINE,nl,6,1
MUILEN,nl,6,1
ROLLER,nl,6,1
PEUKJE,nl,6,1
LESSEN,nl,6,1
ZOMERS,nl,6,1
LOEREN,nl,6,1
SCHAAP,nl,6,1
FIKKEN,nl,6,1
SCHULD,nl,6,1
TAMPON,nl,6,1
PIESEN,nl,6,1
KONING,nl,6,1
LIEDEN,nl,6,1
WENDEN,nl,6,1
VERING,nl,6,1
SKIHUT,nl,6,1
STRAAT,nl,6,1
BEDRIJF,nl,6,1
CINEMA,nl,6,1
RITJES,nl,6,1
KOEREN,nl,6,1
GEZEUR,nl,6,1
WIPPEN,nl,6,1
VREZEN,nl,6,1
KUSTEN,nl,6,1
VULPEN,nl,6,1
FINISH,nl,6,1
ZINGEN,nl,6,1
PRATER,nl,6,1
VARENS,nl,6,1
BAGAGE,nl,6,1
TURNEN,nl,6,1
KERKJE,nl,6,1
TEUGEL,nl,6,1
BUNDEL,nl,6,1
BOEMEL,nl,6,1
LERING,nl,6,1
ZOLDER,nl,6,1
PASTOR,nl,6,1
SOLIST,nl,6,1
MINDER,nl,6,1
HOFJES,nl,6,1
HUIGEN,nl,6,1
SUIZEN,nl,6,1
MASKER,nl,6,1
PILSJE,nl,6,1
OCEAAN,nl,6,1
KNEDEN,nl,6,1
DUTTEN,nl,6,1
BLAREN,nl,6,1
HOEDEN,nl,6,1
LAGUNE,nl,6,1
OMLOOP,nl,6,1
POSTER,nl,6,1
STUKJE,nl,6,1
PORTIE,nl,6,1
MOUWEN,nl,6,1
AFDRUK,nl,6,1
EKSTER,nl,6,1
KALVEN,nl,6,1
BIJLAGE,nl,6,1
GRATEN,nl,6,1
ZIEKEN,nl,6,1
SLAVEN,nl,6,1
SIEREN,nl,6,1
PEUKEN,nl,6,1
LASSER,nl,6,1
KANSJE,nl,6,1
RUILEN,nl,6,1
KNAKEN,nl,6,1
TIJGERS,nl,6,1
WELKEN,nl,6,1
TONNEN,nl,6,1
TROOST,nl,6,1
MOERAS,nl,6,1
TIKKER,nl,6,1
RENTES,nl,6,1
WISSEL,nl,6,1
VRAGEN,nl,6,1
DERVEN,nl,6,1
BAKVIS,nl,6,1
ONHEUS,nl,6,1
MOETEN,nl,6,1
PULKEN,nl,6,1
UITING,nl,6,1
HENDEL,nl,6,1
BUNKER,nl,6,1
SAMBAL,nl,6,1
TELERS,nl,6,1
SURFER,nl,6,1
ERDOOR,nl,6,1
MALING,nl,6,1
RONKEN,nl,6,1
GERAAS,nl,6,1
WAKKEN,nl,6,1
KEFFEN,nl,6,1
ZOWAAR,nl,6,1
VERSJE,nl,6,1
OMSLAG,nl,6,1
KAUWEN,nl,6,1
KIEZEL,nl,6,1
LEVENS,nl,6,1
SLOFJE,nl,6,1
MORSEN,nl,6,1
LOOPJE,nl,6,1
RANDEN,nl,6,1
ZONNIG,nl,6,1
ROEDEL,nl,6,1
TELLER,nl,6,1
DOLKEN,nl,6,1
MATTEN,nl,6,1
MONDJE,nl,6,1
WREVEL,nl,6,1
BEWIND,nl,6,1
KOLVEN,nl,6,1
STIJGEN,nl,6,1
MANTEL,nl,6,1
ZUIVEL,nl,6,1
SCORES,nl,6,1
GEVAAR,nl,6,1
RUIKEN,nl,6,1
GEREMD,nl,6,1
OMVANG,nl,6,1
HOUTJE,nl,6,1
WATTEN,nl,6,1
EILAND,nl,6,1
ROMPEN,nl,6,1
JASJES,nl,6,1
BEREID,nl,6,1
GEDRAG,nl,6,1
SEKTES,nl,6,1
OVALEN,nl,6,1
SPOKEN,nl,6,1
SPENEN,nl,6,1
KASTJE,nl,6,1
RIKSEN,nl,6,1
CENTEN,nl,6,1
KRUIEN,nl,6,1
KORSET,nl,6,1
REUZEL,nl,6,1
RETOUR,nl,6,1
OOGLID,nl,6,1
BLIJKEN,nl,6,1
REIZEN,nl,6,1
VANGST,nl,6,1
VISNET,nl,6,1
FRAUDE,nl,6,1
WEINIG,nl,6,1
BEZIEN,nl,6,1
PERSEN,nl,6,1
SUKKEL,nl,6,1
GEITEN,nl,6,1
KRACHT,nl,6,1
TENTEN,nl,6,1
ENKELS,nl,6,1
SPIJKER,nl,6,1
NIKKEL,nl,6,1
TORENS,nl,6,1
GOLVEN,nl,6,1
GOUDEN,nl,6,1
MANNEN,nl,6,1
GORTIG,nl,6,1
TASSEN,nl,6,1
APPELS,nl,6,1
LASTEN,nl,6,1
RIEDEL,nl,6,1
VERTEN,nl,6,1
AANHEF,nl,6,1
SAUZEN,nl,6,1
REGELS,nl,6,1
PLATEN,nl,6,1
SMERIG,nl,6,1
HAPPIG,nl,6,1
LASSEN,nl,6,1
HUPSEN,nl,6,1
ROKJES,nl,6,1
RIETJE,nl,6,1
PUKKEL,nl,6,1
KOOPJE,nl,6,1
IMPORT,nl,6,1
KLEVEN,nl,6,1
DRIJVEN,nl,6,1
OMLAAG,nl,6,1
PLEGER,nl,6,1
KEVERS,nl,6,1
RELAAS,nl,6,1
VLOKJE,nl,6,1
KLAGER,nl,6,1
CHEMIE,nl,6,1
DOEKJE,nl,6,1
KOEPEL,nl,6,1
BIETEN,nl,6,1
BEIDEN,nl,6,1
GOKKER,nl,6,1
SEINER,nl,6,1
SLAPER,nl,6,1
VARKEN,nl,6,1
BRADEN,nl,6,1
OORLEL,nl,6,1
ADDERS,nl,6,1
CIRCUS,nl,6,1
BURGER,nl,6,1
BEDERF,nl,6,1
TAKELS,nl,6,1
SULTAN,nl,6,1
ROUWEN,nl,6,1
BRODEN,nl,6,1
WELPEN,nl,6,1
ONHEIL,nl,6,1
TABLET,nl,6,1
GILDEN,nl,6,1
HANDEN,nl,6,1
SCHANS,nl,6,1
VAATJE,nl,6,1
MUTSEN,nl,6,1
DUMPEN,nl,6,1
WINKEL,nl,6,1
KOPBAL,nl,6,1
NAAIEN,nl,6,1
KATJES,nl,6,1
RESTEN,nl,6,1
DWALEN,nl,6,1
LIEVER,nl,6,1
KLEPEL,nl,6,1
SLECHT,nl,6,1
VINGER,nl,6,1
PANNEN,nl,6,1
NIEREN,nl,6,1
DUITEN,nl,6,1
WEGENS,nl,6,1
PAKJES,nl,6,1
FILTER,nl,6,1
EXPERT,nl,6,1
LEZING,nl,6,1
MIDDAG,nl,6,1
HALSJE,nl,6,1
POTENT,nl,6,1
MOLLIG,nl,6,1
MUNTJE,nl,6,1
TULPEN,nl,6,1
GEBIED,nl,6,1
HARDEN,nl,6,1
EENTJE,nl,6,1
ZAKKEN,nl,6,1
KAMMEN,nl,6,1
PALEIS,nl,6,1
GEWOND,nl,6,1
METAAL,nl,6,1
TERMEN,nl,6,1
DEINEN,nl,6,1
GEZIEN,nl,6,1
KALFJE,nl,6,1
TOPPER,nl,6,1
BALANS,nl,6,1
ZONDAG,nl,6,1
DRALEN,nl,6,1
KATOEN,nl,6,1
PUTJES,nl,6,1
GAMMEL,nl,6,1
AFZIEN,nl,6,1
PLASJE,nl,6,1
ROBBEN,nl,6,1
ABSURD,nl,6,1
GEBOUW,nl,6,1
PIELEN,nl,6,1
EXPORT,nl,6,1
WETTIG,nl,6,1
PUNKER,nl,6,1
SORBET,nl,6,1
OPETEN,nl,6,1
GITAAR,nl,6,1
DINGEN,nl,6,1
AMULET,nl,6,1
TALENT,nl,6,1
SAPJES,nl,6,1
SOMBER,nl,6,1
WADDEN,nl,6,1
WOELEN,nl,6,1
VIJVERS,nl,6,1
TEVENS,nl,6,1
KEGELS,nl,6,1
COUPON,nl,6,1
PETSEN,nl,6,1
MOLLEN,nl,6,1
BIECHT,nl,6,1
PILAAR,nl,6,1
KUIPEN,nl,6,1
TINTEL,nl,6,1
GOKHAL,nl,6,1
SCHAAL,nl,6,1
BUITJE,nl,6,1
GISSEN,nl,6,1
PEUREN,nl,6,1
POOSJE,nl,6,1
RAMMEL,nl,6,1
KEUKEN,nl,6,1
WIKKEL,nl,6,1
FILMER,nl,6,1
PARDON,nl,6,1
NEIGEN,nl,6,1
ETSERS,nl,6,1
ROEBEL,nl,6,1
ZINNEN,nl,6,1
MOKERS,nl,6,1
HONING,nl,6,1
RANGEN,nl,6,1
TWAALF,nl,6,1
SCHILD,nl,6,1
BADPAK,nl,6,1
KWALEN,nl,6,1
SCHARE,nl,6,1
KLASSE,nl,6,1
WIELEN,nl,6,1
UITRIT,nl,6,1
OORLOG,nl,6,1
VIOLEN,nl,6,1
BETOOG,nl,6,1
PROPER,nl,6,1
KANSEL,nl,6,1
RAMING,nl,6,1
HOMMEL,nl,6,1
LOPERS,nl,6,1
PONDEN,nl,6,1
KASSEN,nl,6,1
GEKKER,nl,6,1
KLUSJE,nl,6,1
OPNAME,nl,6,1
VITAAL,nl,6,1
FICTIE,nl,6,1
ZEILEN,nl,6,1
LAAGJE,nl,6,1
RONDEN,nl,6,1
KOPERS,nl,6,1
INSLAG,nl,6,1
ONRUST,nl,6,1
VOEREN,nl,6,1
JURKEN,nl,6,1
WEKKEN,nl,6,1
LASTER,nl,6,1
DIJBEEN,nl,6,1
DOMEIN,nl,6,1
PRACHT,nl,6,1
FOLTER,nl,6,1
VEULEN,nl,6,1
BUIDEL,nl,6,1
LUIERS,nl,6,1
CADEAU,nl,6,1
KRASJE,nl,6,1
LUIFEL,nl,6,1
LEUGEN,nl,6,1
BELUST,nl,6,1
SUKADE,nl,6,1
BALKON,nl,6,1
ROEPEN,nl,6,1
NAGELS,nl,6,1
PRETJE,nl,6,1
SMEDEN,nl,6,1
KOEKJE,nl,6,1
EIEREN,nl,6,1
RIMPEL,nl,6,1
LANDEN,nl,6,1
GRAVIN,nl,6,1
HELMEN,nl,6,1
LUKKEN,nl,6,1
VREEMD,nl,6,1
BIEREN,nl,6,1
SCHOON,nl,6,1
DROGEN,nl,6,1
LINTJE,nl,6,1
TAFELS,nl,6,1
PEUTER,nl,6,1
FOUTEN,nl,6,1
NEGENS,nl,6,1
BANAAL,nl,6,1
MODDER,nl,6,1
ARREST,nl,6,1
FREGAT,nl,6,1
TOMBEN,nl,6,1
RUSTEN,nl,6,1
KANJER,nl,6,1
EZELEN,nl,6,1
POGING,nl,6,1
OLIJVEN,nl,6,1
PREMIE,nl,6,1
MASTEN,nl,6,1
DORPJE,nl,6,1
VEZELS,nl,6,1
MENSEN,nl,6,1
HARSEN,nl,6,1
PIRAAT,nl,6,1
POLSEN,nl,6,1
ONWEER,nl,6,1
DENKEN,nl,6,1
BANKET,nl,6,1
HOUDEN,nl,6,1
KENNER,nl,6,1
ZEGELS,nl,6,1
PUNTJE,nl,6,1
ACHTEN,nl,6,1
ZETTEN,nl,6,1
LEVERS,nl,6,1
DEFTIG,nl,6,1
LURKEN,nl,6,1
NADEEL,nl,6,1
KUIKEN,nl,6,1
WIMPER,nl,6,1
RIEMEN,nl,6,1
UITJES,nl,6,1
TOUWEN,nl,6,1
HENGEL,nl,6,1
VOORIN,nl,6,1
DEKKEN,nl,6,1
GILLEN,nl,6,1
POOTJE,nl,6,1
LIKJES,nl,6,1
KUIFJE,nl,6,1
LAKENS,nl,6,1
WENSEN,nl,6,1
NEUSJE,nl,6,1
LENZEN,nl,6,1
BIZONS,nl,6,1
NIEZEN,nl,6,1
STOKJE,nl,6,1
FIGUUR,nl,6,1
BONNEN,nl,6,1
BEKERS,nl,6,1
DOBBER,nl,6,1
PANIEK,nl,6,1
PALING,nl,6,1
SIRENE,nl,6,1
HARING,nl,6,1
VALNET,nl,6,1
BAMBOE,nl,6,1
RIJTJES,nl,6,1
RIEKEN,nl,6,1
ZEUREN,nl,6,1
KRIJSEN,nl,6,1
ZUIDEN,nl,6,1
AANZET,nl,6,1
TERING,nl,6,1
PANDEN,nl,6,1
VORKEN,nl,6,1
LADING,nl,6,1
DOKTER,nl,6,1
ZETELS,nl,6,1
ADVIES,nl,6,1
MELOEN,nl,6,1
DELVEN,nl,6,1
PENDEL,nl,6,1
HUIDEN,nl,6,1
GEVOLG,nl,6,1
GONZEN,nl,6,1
STEKEL,nl,6,1
KANNEN,nl,6,1
HOUWEN,nl,6,1
LEGAAL,nl,6,1
VRACHT,nl,6,1
WIEDEN,nl,6,1
INTREK,nl,6,1
RAGGEN,nl,6,1
MUNTEN,nl,6,1
AFROEP,nl,6,1
VESTEN,nl,6,1
VISJES,nl,6,1
NIESEN,nl,6,1
GEKLOP,nl,6,1
ALBUMS,nl,6,1
LEGGEN,nl,6,1
DEKBED,nl,6,1
ORGELS,nl,6,1
WIMPEL,nl,6,1
ZEULEN,nl,6,1
STATIE,nl,6,1
HALTER,nl,6,1
SISSER,nl,6,1
BIEDEN,nl,6,1
NULLEN,nl,6,1
OMHOOG,nl,6,1
KOFFER,nl,6,1
GEWOON,nl,6,1
JAGERS,nl,6,1
CASINO,nl,6,1
STREEK,nl,6,1
VORMEN,nl,6,1
SOLLEN,nl,6,1
NIETIG,nl,6,1
AANBOD,nl,6,1
RAKKER,nl,6,1
KWEKER,nl,6,1
REMMEN,nl,6,1
DAGJES,nl,6,1
PEILEN,nl,6,1
ROTTEN,nl,6,1
NIPPEL,nl,6,1
OPMAAK,nl,6,1
PERZIK,nl,6,1
ETIKET,nl,6,1
OPLAGE,nl,6,1
KALMTE,nl,6,1
WONDEN,nl,6,1
STUDIO,nl,6,1
LERAAR,nl,6,1
GEHEIM,nl,6,1
HERRIE,nl,6,1
VONKEN,nl,6,1
MEIDEN,nl,6,1
WAAIEN,nl,6,1
MELKEN,nl,6,1
TUNNEL,nl,6,1
SCHRIK,nl,6,1
DIEREN,nl,6,1
AFSTEL,nl,6,1
PANELS,nl,6,1
IJSKAST,nl,6,1
VLUCHT,nl,6,1
POPPEN,nl,6,1
PINTEN,nl,6,1
PERRON,nl,6,1
VAKJES,nl,6,1
DEUREN,nl,6,1
ZESTAL,nl,6,1
WORMEN,nl,6,1
UURTJE,nl,6,1
SPIJLEN,nl,6,1
INTENS,nl,6,1
RUITER,nl,6,1
WISSEN,nl,6,1
ZWEREN,nl,6,1
MIDDEN,nl,6,1
GLUREN,nl,6,1
POEDEL,nl,6,1
GADING,nl,6,1
STEREO,nl,6,1
BOTSEN,nl,6,1
RASPEN,nl,6,1
CACTUS,nl,6,1
STEPPE,nl,6,1
KLAVER,nl,6,1
JUISTE,nl,6,1
SCHADE,nl,6,1
SPROET,nl,6,1
KOEIEN,nl,6,1
PEDAAL,nl,6,1
GEVANG,nl,6,1
VOUWEN,nl,6,1
PASTEI,nl,6,1
BANNEN,nl,6,1
LEGERS,nl,6,1
DIEPER,nl,6,1
NESTJE,nl,6,1
BEDTIJD,nl,6,1
EENDER,nl,6,1
SLIJPEN,nl,6,1
OCTAAF,nl,6,1
LOOTJE,nl,6,1
WALVIS,nl,6,1
ZETPIL,nl,6,1
PATENT,nl,6,1
SPREUK,nl,6,1
TOPPEN,nl,6,1
BREKEN,nl,6,1
OPMARS,nl,6,1
HOKKEN,nl,6,1
EXPRES,nl,6,1
MONDEN,nl,6,1
VERVEN,nl,6,1
PETJES,nl,6,1
NOOTJE,nl,6,1
DOELEN,nl,6,1
RIJWIEL,nl,6,1
MESJES,nl,6,1
GANGEN,nl,6,1
PLEITE,nl,6,1
NOKKEN,nl,6,1
ALLURE,nl,6,1
PINKEN,nl,6,1
BADJAS,nl,6,1
GEVULD,nl,6,1
BILJET,nl,6,1
HELDIN,nl,6,1
BELAST,nl,6,1
LUIKEN,nl,6,1
MARKEN,nl,6,1
BUITEN,nl,6,1
SPIJTEN,nl,6,1
BRUGJE,nl,6,1
KENNEL,nl,6,1
KRATER,nl,6,1
CITAAT,nl,6,1
POOIER,nl,6,1
BOOTJE,nl,6,1
DUBBEN,nl,6,1
KROKUS,nl,6,1
RIJKDOM,nl,6,1
REIGER,nl,6,1
DOPING,nl,6,1
GLAZEN,nl,6,1
KIFTEN,nl,6,1
DANSER,nl,6,1
BOERIN,nl,6,1
WERING,nl,6,1
DONKER,nl,6,1
GUTSEN,nl,6,1
DIEFJE,nl,6,1
HOEPEL,nl,6,1
SCHUUR,nl,6,1
INTERN,nl,6,1
TUIGEN,nl,6,1
LISTEN,nl,6,1
IMKERS,nl,6,1
KIPPEN,nl,6,1
PAPIER,nl,6,1
SPELEN,nl,6,1
HARTIG,nl,6,1
ANJERS,nl,6,1
DIRECT,nl,6,1
PROEST,nl,6,1
BOEKJE,nl,6,1
GELAAT,nl,6,1
LATERE,nl,6,1
DURVEN,nl,6,1
VILTEN,nl,6,1
TUINEN,nl,6,1
DONDER,nl,6,1
JUTTER,nl,6,1
PRATEN,nl,6,1
MENING,nl,6,1
OVERIG,nl,6,1
GROOTS,nl,6,1
OPVANG,nl,6,1
HOEDER,nl,6,1
BENGEL,nl,6,1
KRAGEN,nl,6,1
VOETEN,nl,6,1
MOEDIG,nl,6,1
AFGANG,nl,6,1
SCHOTS,nl,6,1
KAJUIT,nl,6,1
STROOM,nl,6,1
HESPEN,nl,6,1
LIPPEN,nl,6,1
SLACHT,nl,6,1
SPIJTIG,nl,6,1
AFNAME,nl,6,1
LEUREN,nl,6,1
STAKER,nl,6,1
ZUILEN,nl,6,1
GEDULD,nl,6,1
ZUIGEN,nl,6,1
SERING,nl,6,1
SPUIEN,nl,6,1
MOTJES,nl,6,1
DAARIN,nl,6,1
LENGTE,nl,6,1
VONNIS,nl,6,1
INDRUK,nl,6,1
BOUWEN,nl,6,1
MISSIE,nl,6,1
BOEKET,nl,6,1
KLEREN,nl,6,1
KELDER,nl,6,1
NESTEN,nl,6,1
NAVELS,nl,6,1
DROPJE,nl,6,1
DRACHT,nl,6,1
WAFELS,nl,6,1
STEVIG,nl,6,1
RITSEN,nl,6,1
WEIDEN,nl,6,1
VASTEN,nl,6,1
EERSTE,nl,6,1
DARTEL,nl,6,1
LONKEN,nl,6,1
DIEVEN,nl,6,1
GRIJPER,nl,6,1
WILGEN,nl,6,1
PARAAF,nl,6,1
TERGEN,nl,6,1
OVERAL,nl,6,1
HOUTEN,nl,6,1
HEILIG,nl,6,1
OEVERS,nl,6,1
BIJNAAM,nl,6,1
VELLEN,nl,6,1
WAKKER,nl,6,1
FOOIEN,nl,6,1
LENERS,nl,6,1
SLEDEN,nl,6,1
EITJES,nl,6,1
TEKKEL,nl,6,1
HAAKJE,nl,6,1
JOEKEL,nl,6,1
PIEKEN,nl,6,1
TANKER,nl,6,1
ORDNER,nl,6,1
TIJDRIT,nl,6,1
TAPPEN,nl,6,1
CURSOR,nl,6,1
SPRIET,nl,6,1
KETTER,nl,6,1
HARKEN,nl,6,1
NERING,nl,6,1
KRIJTJE,nl,6,1
MISSER,nl,6,1
KINKEL,nl,6,1
DOEKEN,nl,6,1
ZWAVEL,nl,6,1
LIJSTEN,nl,6,1
RANZIG,nl,6,1
IJSPRET,nl,6,1
OKSELS,nl,6,1
LOKKEN,nl,6,1
STATEN,nl,6,1
POLDER,nl,6,1
FEITEN,nl,6,1
PAADJE,nl,6,1
DIVERS,nl,6,1
JONKER,nl,6,1
VERZET,nl,6,1
RECENT,nl,6,1
MARTER,nl,6,1
WONDER,nl,6,1
VULLEN,nl,6,1
ALSNOG,nl,6,1
OTTERS,nl,6,1
TALMEN,nl,6,1
OPBOUW,nl,6,1
DAMMEN,nl,6,1
FLORET,nl,6,1
KEUREN,nl,6,1
TORSEN,nl,6,1
WEKKER,nl,6,1
VLAGEN,nl,6,1
PEGELS,nl,6,1
AANPAK,nl,6,1
ATTENT,nl,6,1
LUIZEN,nl,6,1
ROFFEL,nl,6,1
AFVOER,nl,6,1
TIENER,nl,6,1
PORREN,nl,6,1
WIEGEN,nl,6,1
AFLOOP,nl,6,1
GIETEN,nl,6,1
REDDER,nl,6,1
CIRKEL,nl,6,1
OPGANG,nl,6,1
KACHEL,nl,6,1
SPELER,nl,6,1
JUTTEN,nl,6,1
VOEGEN,nl,6,1
MONTER,nl,6,1
BEDROG,nl,6,1
RUGGEN,nl,6,1
KANEEL,nl,6,1
SPLEET,nl,6,1
BOEREN,nl,6,1
DRADEN,nl,6,1
POTJES,nl,6,1
BITTER,nl,6,1
MUGGEN,nl,6,1
HOSSEN,nl,6,1
BENDES,nl,6,1
IMMERS,nl,6,1
BALKEN,nl,6,1
DUBBEL,nl,6,1
GEBREK,nl,6,1
ONDIEP,nl,6,1
WAAROP,nl,6,1
DOUCHE,nl,6,1
FOKKER,nl,6,1
KLEINE,nl,6,1
NEGERS,nl,6,1
VOEGER,nl,6,1
LARVEN,nl,6,1
ONEVEN,nl,6,1
KEMPEN,nl,6,1
RIVALE,nl,6,1
KEURIG,nl,6,1
TORREN,nl,6,1
STROEF,nl,6,1
REUZEN,nl,6,1
OORBEL,nl,6,1
KOLKEN,nl,6,1
ANDERS,nl,6,1
MOTELS,nl,6,1
ZUIGER,nl,6,1
BAGGER,nl,6,1
AAPJES,nl,6,1
REISJE,nl,6,1
BUFFEL,nl,6,1
RECTOR,nl,6,1
ONTBIJT,nl,6,1
OPENER,nl,6,1
VANGER,nl,6,1
RECORD,nl,6,1
RITTEN,nl,6,1
PARTJE,nl,6,1
PROPJE,nl,6,1
KLAGEN,nl,6,1
MEUBEL,nl,6,1
BRAMEN,nl,6,1
RATELS,nl,6,1
KERSEN,nl,6,1
SINGEL,nl,6,1
ONLUST,nl,6,1
OMHAAL,nl,6,1
DEPPEN,nl,6,1
PREKEN,nl,6,1
MASTJE,nl,6,1
MUIZEN,nl,6,1
BOEIEN,nl,6,1
STRONT,nl,6,1
NIEUWS,nl,6,1
CENSOR,nl,6,1
RUITJE,nl,6,1
SPADEN,nl,6,1
ZOOIEN,nl,6,1
DERTIG,nl,6,1
TOTDAT,nl,6,1
RIJTUIG,nl,6,1
FRATER,nl,6,1
MANGEL,nl,6,1
ROLLEN,nl,6,1
PULVER,nl,6,1
DUIDEN,nl,6,1
PELZEN,nl,6,1
VODDEN,nl,6,1
KOMPAS,nl,6,1
GAARNE,nl,6,1
BALLEN,nl,6,1
SKELET,nl,6,1
ROMMEL,nl,6,1
AUTEUR,nl,6,1
DUIVEL,nl,6,1
VOLKEN,nl,6,1
VROLIJK,nl,6,1
TARTEN,nl,6,1
RASTER,nl,6,1
SUFKOP,nl,6,1
JAMMER,nl,6,1
ALDOOR,nl,6,1
HONDJE,nl,6,1
ONWAAR,nl,6,1
KAPSEL,nl,6,1
EMMERS,nl,6,1
KOELEN,nl,6,1
ROMEIN,nl,6,1
PESTEN,nl,6,1
GASTEN,nl,6,1
PAUZES,nl,6,1
LITERS,nl,6,1
SCHERP,nl,6,1
ZIELEN,nl,6,1
MUTSJE,nl,6,1
PRIJKEN,nl,6,1
WORDEN,nl,6,1
BOKAAL,nl,6,1
PASJES,nl,6,1
WREKEN,nl,6,1
GIDSEN,nl,6,1
HELDER,nl,6,1
SCOREN,nl,6,1
KARTEL,nl,6,1
FACTOR,nl,6,1
VRIEND,nl,6,1
VOSSEN,nl,6,1
DAMPEN,nl,6,1
BOEZEM,nl,6,1
TAKKEN,nl,6,1
HUILEN,nl,6,1
GEHAKT,nl,6,1
VEGERS,nl,6,1
KORTEN,nl,6,1
STROOP,nl,6,1
RONDJE,nl,6,1
KABELS,nl,6,1
SONATE,nl,6,1
BORDEN,nl,6,1
WALSEN,nl,6,1
SCHORT,nl,6,1
GRATIS,nl,6,1
ZUSJES,nl,6,1
GELOOF,nl,6,1
PATSER,nl,6,1
POPJES,nl,6,1
NIETJE,nl,6,1
EENDJE,nl,6,1
DORSEN,nl,6,1
PLEGEN,nl,6,1
TRALIE,nl,6,1
EINDIG,nl,6,1
MODAAL,nl,6,1
RODDEL,nl,6,1
MENGEN,nl,6,1
DROGER,nl,6,1
UITEEN,nl,6,1
KOORTS,nl,6,1
ZIEKTE,nl,6,1
GEZANG,nl,6,1
LEPELS,nl,6,1
TRUIEN,nl,6,1
DOOSJE,nl,6,1
HOEKIG,nl,6,1
PUILEN,nl,6,1
ACTIEF,nl,6,1
FUIVEN,nl,6,1
SECTIE,nl,6,1
DUSTER,nl,6,1
DAAROM,nl,6,1
SLIJTEN,nl,6,1
RANKEN,nl,6,1
NEUZEN,nl,6,1
WAAIER,nl,6,1
NORMEN,nl,6,1
OOMPJE,nl,6,1
TENGEL,nl,6,1
CONSUL,nl,6,1
TERRAS,nl,6,1
NEUTJE,nl,6,1
ZUIVER,nl,6,1
MOEDER,nl,6,1
TIPPEN,nl,6,1
GEHAAT,nl,6,1
HAPJES,nl,6,1
SPOREN,nl,6,1
PREKER,nl,6,1
PARAAT,nl,6,1
WAAROM,nl,6,1
KETSEN,nl,6,1
BAKKEN,nl,6,1
STRONK,nl,6,1
VERTES,nl,6,1
BLANKE,nl,6,1
HAMERS,nl,6,1
KOFFIE,nl,6,1
STRENG,nl,6,1
HUISJE,nl,6,1
KLOKJE,nl,6,1
ZONNEN,nl,6,1
IJSBEER,nl,6,1
NUKKEN,nl,6,1
WINDEN,nl,6,1
POELEN,nl,6,1
SOEPEL,nl,6,1
PUTTEN,nl,6,1
HOKJES,nl,6,1
LOOIEN,nl,6,1
ENGERD,nl,6,1
BESLAG,nl,6,1
DUIKER,nl,6,1
DEBUUT,nl,6,1
DASSEN,nl,6,1
POEZEN,nl,6,1
NOPJES,nl,6,1
DERDEN,nl,6,1
HAPPEN,nl,6,1
STENEN,nl,6,1
SUIKER,nl,6,1
ELDERS,nl,6,1
VRAGER,nl,6,1
ROEREN,nl,6,1
KIEZER,nl,6,1
ZELDEN,nl,6,1
LIKKEN,nl,6,1
GRUWEN,nl,6,1
BOSJES,nl,6,1
VRETEN,nl,6,1
ACHTER,nl,6,1
BAKPAN,nl,6,1
KNAPEN,nl,6,1
ZESTIG,nl,6,1
KANAAL,nl,6,1
BREIEN,nl,6,1
BEUGEL,nl,6,1
MUSEUM,nl,6,1
WUIVEN,nl,6,1
ONTZET,nl,6,1
CORVEE,nl,6,1
HOEKEN,nl,6,1
RAZEND,nl,6,1
VERSIE,nl,6,1
BLAZEN,nl,6,1
VELGEN,nl,6,1
ALLEEN,nl,6,1
STOKEN,nl,6,1
OUDERS,nl,6,1
RUGZAK,nl,6,1
RAFELS,nl,6,1
DIKKEN,nl,6,1
GEWELD,nl,6,1
RANSEL,nl,6,1
MINUUT,nl,6,1
REGENT,nl,6,1
ALINEA,nl,6,1
VETERS,nl,6,1
SCHEEL,nl,6,1
BOENEN,nl,6,1
WANTEN,nl,6,1
VINDEN,nl,6,1
BEITEL,nl,6,1
DIENEN,nl,6,1
VERUIT,nl,6,1
TEGELS,nl,6,1
EMOTIE,nl,6,1
SCHURK,nl,6,1
TESTEN,nl,6,1
GEZANT,nl,6,1
STATIG,nl,6,1
TRONEN,nl,6,1
SCHAAR,nl,6,1
SLIJPER,nl,6,1
PROCES,nl,6,1
LENTES,nl,6,1
BEHEER,nl,6,1
BIJSLAG,nl,6,1
WIJSJES,nl,6,1
BILLEN,nl,6,1
VETPOT,nl,6,1
LACHEN,nl,6,1
ZESJES,nl,6,1
ASFALT,nl,6,1
BOETEN,nl,6,1
DADELS,nl,6,1
DOUANE,nl,6,1
STAKEN,nl,6,1
BLINDE,nl,6,1
VALLEI,nl,6,1
BAASJE,nl,6,1
INKOOP,nl,6,1
BUFFER,nl,6,1
AFSLAG,nl,6,1
GENOEG,nl,6,1
GELDEN,nl,6,1
OPEENS,nl,6,1
SLAPEN,nl,6,1
DOOIEN,nl,6,1
URGENT,nl,6,1
BONDIG,nl,6,1
DOLLEN,nl,6,1
SCHETS,nl,6,1
VOETJE,nl,6,1
PROOST,nl,6,1
NOEMER,nl,6,1
HURKEN,nl,6,1
FAZANT,nl,6,1
TRIEST,nl,6,1
AFWEER,nl,6,1
VOGELS,nl,6,1
KLOVEN,nl,6,1
BOEKEN,nl,6,1
SLOPEN,nl,6,1
HEKJES,nl,6,1
FOLDER,nl,6,1
HEELAL,nl,6,1
LEKKEN,nl,6,1
ZWETEN,nl,6,1
SOKKEL,nl,6,1
SPRUIT,nl,6,1
HIKKEN,nl,6,1
RIBBEL,nl,6,1
ACTIVA,nl,6,1
WENKEN,nl,6,1
BIJZAAK,nl,6,1
STAFJE,nl,6,1
SPIJZEN,nl,6,1
DUIFJE,nl,6,1
PARING,nl,6,1
LIEGEN,nl,6,1
LINDEN,nl,6,1
TOETER,nl,6,1
KINNEN,nl,6,1
ASPECT,nl,6,1
BOMMEN,nl,6,1
SPRINT,nl,6,1
SCHUIT,nl,6,1
PIKANT,nl,6,1
DAKPAN,nl,6,1
OVATIE,nl,6,1
PARKEN,nl,6,1
SCHEEF,nl,6,1
BEGRIP,nl,6,1
PUNTEN,nl,6,1
RUIZEN,nl,6,1
SIROOP,nl,6,1
GULDEN,nl,6,1
SCHELP,nl,6,1
PONTJE,nl,6,1
SCHEUT,nl,6,1
OMGANG,nl,6,1
LOTJES,nl,6,1
GERUIT,nl,6,1
PINGEL,nl,6,1
LIGGEN,nl,6,1
REKJES,nl,6,1
ZADELS,nl,6,1
CHLOOR,nl,6,1
STRIPS,nl,6,1
NETTEN,nl,6,1
JOKKEN,nl,6,1
LUIDEN,nl,6,1
RICHEL,nl,6,1
BEUREN,nl,6,1
KOTSEN,nl,6,1
ZWARTE,nl,6,1
OESTER,nl,6,1
RUIMTE,nl,6,1
KARTON,nl,6,1
ONEENS,nl,6,1
LATTEN,nl,6,1
GASSEN,nl,6,1
CLIENT,nl,6,1
DRAGEN,nl,6,1
ZWAGER,nl,6,1
RINGEN,nl,6,1
ALVAST,nl,6,1
POFFEN,nl,6,1
OPZIEN,nl,6,1
KROKET,nl,6,1
AFKEER,nl,6,1
SLAVIN,nl,6,1
OPSTAP,nl,6,1
BALPEN,nl,6,1
SEKSEN,nl,6,1
KREKEN,nl,6,1
POEDER,nl,6,1
HERTOG,nl,6,1
KAPING,nl,6,1
HIELEN,nl,6,1
PELLEN,nl,6,1
MOMENT,nl,6,1
ZIJKANT,nl,6,1
VEILEN,nl,6,1
CREDIT,nl,6,1
KERVEN,nl,6,1
BALLET,nl,6,1
TASJES,nl,6,1
RIJTJES,nl,6,1
MELDEN,nl,6,1
CEMENT,nl,6,1
BARMAN,nl,6,1
TANKEN,nl,6,1
JUWEEL,nl,6,1
PAROOL,nl,6,1
ZOENEN,nl,6,1
WALGEN,nl,6,1
RELING,nl,6,1
WANDEN,nl,6,1
NEKKEN,nl,6,1
AANVAL,nl,6,1
MUITEN,nl,6,1
PITTEN,nl,6,1
SPATIE,nl,6,1
ZEIKEN,nl,6,1
TURVEN,nl,6,1
TIJDENS,nl,6,1
VREDIG,nl,6,1
NIMMER,nl,6,1
DIEPEN,nl,6,1
GISTER,nl,6,1
SCHUIF,nl,6,1
WOLLEN,nl,6,1
STIPJE,nl,6,1
AFSLAG,nl,6,1
SIKKEL,nl,6,1
SMIJTEN,nl,6,1
RATTEN,nl,6,1
GAATJE,nl,6,1
SISSEN,nl,6,1
WOELIG,nl,6,1
ZITTEN,nl,6,1
ROEIEN,nl,6,1
VOORAF,nl,6,1
SPRAAK,nl,6,1
DEGENS,nl,6,1
ZITBAD,nl,6,1
KARREN,nl,6,1
LUSTEN,nl,6,1
BUILEN,nl,6,1
SOKKEN,nl,6,1
ORGAAN,nl,6,1
BUIGEN,nl,6,1
SLEPER,nl,6,1
KLACHT,nl,6,1
WOLKEN,nl,6,1
KOKERS,nl,6,1
FITTEN,nl,6,1
BOFFEN,nl,6,1
FAKKEL,nl,6,1
GEVOEL,nl,6,1
ZULLEN,nl,6,1
GRAVEN,nl,6,1
OPINIE,nl,6,1
LOMPEN,nl,6,1
STAPEL,nl,6,1
TOILET,nl,6,1
GEURIG,nl,6,1
GRUWEL,nl,6,1
WALMEN,nl,6,1
DELERS,nl,6,1
GLIJDEN,nl,6,1
KOGELS,nl,6,1
VALUTA,nl,6,1
LIJSTJE,nl,6,1
WAPENS,nl,6,1
SCHEUR,nl,6,1
SCHORS,nl,6,1
HOLLEN,nl,6,1
OORTJE,nl,6,1
ZONDIG,nl,6,1
SLIERT,nl,6,1
SCHAAF,nl,6,1
MERKEN,nl,6,1
BANDEN,nl,6,1
BANDJE,nl,6,1
WANKEL,nl,6,1
SLAGEN,nl,6,1
BEWUST,nl,6,1
KOPJES,nl,6,1
AARDIG,nl,6,1
CENTJE,nl,6,1
WIJNTJE,nl,6,1
HARTEN,nl,6,1
OPTREK,nl,6,1
SNAVEL,nl,6,1
KOSTER,nl,6,1
PESETA,nl,6,1
NOEMEN,nl,6,1
VISSEN,nl,6,1
HELPER,nl,6,1
DOUWEN,nl,6,1
OMDOEN,nl,6,1
STRAAL,nl,6,1
BESMET,nl,6,1
FLAPJE,nl,6,1
WANDEL,nl,6,1
INTIEM,nl,6,1
FINALE,nl,6,1
OUDJES,nl,6,1
KERVEL,nl,6,1
WAARDE,nl,6,1
GIFTIG,nl,6,1
ACTEUR,nl,6,1
HUMEUR,nl,6,1
MARINE,nl,6,1
CENTRA,nl,6,1
TWIJFEL,nl,6,1
BOSSEN,nl,6,1
ETAPPE,nl,6,1
DIPPEN,nl,6,1
SLUIER,nl,6,1
MUSJES,nl,6,1
ZUINIG,nl,6,1
RUPSEN,nl,6,1
KARPER,nl,6,1
DEFECT,nl,6,1
LAMPEN,nl,6,1
VENKEL,nl,6,1
GEHUIL,nl,6,1
VERGIF,nl,6,1
SPEREN,nl,6,1
NAZORG,nl,6,1
KOPPEL,nl,6,1
KRIJTEN,nl,6,1
KNAGEN,nl,6,1
GAPPEN,nl,6,1
HOOIEN,nl,6,1
LIEDJE,nl,6,1
BOEFJE,nl,6,1
TILLEN,nl,6,1
MIDDEL,nl,6,1
TOPJES,nl,6,1
SCHERF,nl,6,1
BEHANG,nl,6,1
UITZET,nl,6,1
ALWEER,nl,6,1
TEKORT,nl,6,1
RUSTIG,nl,6,1
NIVEAU,nl,6,1
PRIJSJE,nl,6,1
SCHELM,nl,6,1
DOEMEN,nl,6,1
HERDER,nl,6,1
OOGJES,nl,6,1
RUBBER,nl,6,1
PRALEN,nl,6,1
DEUKEN,nl,6,1
BOKSEN,nl,6,1
KANSEN,nl,6,1
DOMPER,nl,6,1
SPUGEN,nl,6,1
JASSEN,nl,6,1
NERVEN,nl,6,1
KEUZEN,nl,6,1
TURNER,nl,6,1
ROEIER,nl,6,1
PERZEN,nl,6,1
OMZIEN,nl,6,1
STOREN,nl,6,1
STRIKT,nl,6,1
MEISJE,nl,6,1
AUGURK,nl,6,1
PILOOT,nl,6,1
BERGIJS,nl,6,1
COMITE,nl,6,1
SAUSJE,nl,6,1
MANDEN,nl,6,1
WASSEN,nl,6,1
VERDER,nl,6,1
SERVET,nl,6,1
ZUSSEN,nl,6,1
RUIMEN,nl,6,1
FABELS,nl,6,1
LUSSEN,nl,6,1
SMOREN,nl,6,1
WOEDEN,nl,6,1
MUISJE,nl,6,1
LEIDER,nl,6,1
BAKKER,nl,6,1
TOOIEN,nl,6,1
STALEN,nl,6,1
PULLEN,nl,6,1
PASSIE,nl,6,1
ZWIJGEN,nl,6,1
VALLEN,nl,6,1
ZOTTEN,nl,6,1
GEWEST,nl,6,1
PAGINA,nl,6,1
VERZEN,nl,6,1
TIEREN,nl,6,1
SPEELS,nl,6,1
LONTJE,nl,6,1
POEPEN,nl,6,1
ZWEVEN,nl,6,1
PAFFEN,nl,6,1
OPROEP,nl,6,1
SAPPEN,nl,6,1
DROMEN,nl,6,1
MAAIEN,nl,6,1
PRIJZEN,nl,6,1
OPROER,nl,6,1
SLOPER,nl,6,1
RUISEN,nl,6,1
NEVELS,nl,6,1
ERKEND,nl,6,1
SLOTEN,nl,6,1
SCHEET,nl,6,1
MAKERS,nl,6,1
DOCENT,nl,6,1
TOEREN,nl,6,1
TENGER,nl,6,1
NUMMER,nl,6,1
HOESJE,nl,6,1
SLIJTER,nl,6,1
FOPPEN,nl,6,1
ZAKJES,nl,6,1
NIETEN,nl,6,1
RAMPEN,nl,6,1
WERKJE,nl,6,1
KRALEN,nl,6,1
ZINVOL,nl,6,1
PLAKJE,nl,6,1
TEKENS,nl,6,1
MOPPEN,nl,6,1
FORTEN,nl,6,1
GEKKEN,nl,6,1
PARADE,nl,6,1
STOFJE,nl,6,1
POTTEN,nl,6,1
UITLEG,nl,6,1
STRAKS,nl,6,1
LIJSTER,nl,6,1
ZAAKJE,nl,6,1
MIEREN,nl,6,1
DIESEL,nl,6,1
WORTEL,nl,6,1
KITSEN,nl,6,1
GELDIG,nl,6,1
CURSUS,nl,6,1
WERKEN,nl,6,1
ERGENS,nl,6,1
HANGER,nl,6,1
DANSEN,nl,6,1
TONGEN,nl,6,1
HERTEN,nl,6,1
AFDOEN,nl,6,1
TIKJES,nl,6,1
KLONEN,nl,6,1
STAREN,nl,6,1
HALZEN,nl,6,1
FUIKEN,nl,6,1
TITELS,nl,6,1
BOTTEN,nl,6,1
PIEREN,nl,6,1
MOEREN,nl,6,1
SNIJDEN,nl,6,1
KAPJES,nl,6,1
WIJNVAT,nl,6,1
BOTJES,nl,6,1
BIDDEN,nl,6,1
ATLETE,nl,6,1
BANAAN,nl,6,1
KAMEEL,nl,6,1
SLEDEN,nl,6,1
PEUKJE,nl,6,1
BEMOST,nl,6,1
KASJES,nl,6,1
PAAPJE,nl,6,1
VOLZIN,nl,6,1
SURFEN,nl,6,1
TESTER,nl,6,1
IJVEREN,nl,6,1
TEUGEL,nl,6,1
MODERN,nl,6,1
MUGGEN,nl,6,1
JERSEY,nl,6,1
KEILEN,nl,6,1
BOFFER,nl,6,1
SCHEDE,nl,6,1
DAMMEN,nl,6,1
WITJES,nl,6,1
GEVELS,nl,6,1
MESSEN,nl,6,1
POREUS,nl,6,1
ZITTEN,nl,6,1
CLOWNS,nl,6,1
GEHAKT,nl,6,1
SISSEN,nl,6,1
MAJOOR,nl,6,1
TAFELS,nl,6,1
SPRIET,nl,6,1
GYMLES,nl,6,1
SCHARE,nl,6,1
VULPEN,nl,6,1
CENSOR,nl,6,1
WASDOM,nl,6,1
QUOTUM,nl,6,1
HANDJE,nl,6,1
SPECHT,nl,6,1
KIJKERS,nl,6,1
CHEMIE,nl,6,1
HOPMAN,nl,6,1
TORENS,nl,6,1
MATTEN,nl,6,1
VILTJE,nl,6,1
WISSER,nl,6,1
HELIUM,nl,6,1
LAMMEN,nl,6,1
ANANAS,nl,6,1
DOLLAR,nl,6,1
SMAKEN,nl,6,1
DOBBER,nl,6,1
FILETS,nl,6,1
BLOUSE,nl,6,1
RISICO,nl,6,1
BREIEN,nl,6,1
PRIJKEN,nl,6,1
AANBOD,nl,6,1
PRATER,nl,6,1
TEMMEN,nl,6,1
SJAALS,nl,6,1
STUDIE,nl,6,1
ZONDAG,nl,6,1
WENNEN,nl,6,1
LARIKS,nl,6,1
KOPPIG,nl,6,1
BOUGIE,nl,6,1
GRIEND,nl,6,1
NIPPEN,nl,6,1
GEVAAR,nl,6,1
FURIES,nl,6,1
MODDER,nl,6,1
PIJPJES,nl,6,1
TALENT,nl,6,1
MENSEN,nl,6,1
WEGDEK,nl,6,1
KASSEI,nl,6,1
SCHOOL,nl,6,1
ROLLER,nl,6,1
JUNKIE,nl,6,1
LACUNE,nl,6,1
DORPJE,nl,6,1
KANSEL,nl,6,1
ONEDEL,nl,6,1
ROMEIN,nl,6,1
KELKEN,nl,6,1
VIJVERS,nl,6,1
BEHEPT,nl,6,1
KNECHT,nl,6,1
KEFFER,nl,6,1
ERDOOR,nl,6,1
JUKKEN,nl,6,1
BREVET,nl,6,1
VIOLEN,nl,6,1
SCRIPT,nl,6,1
CACHOT,nl,6,1
SOLLEN,nl,6,1
PAKBON,nl,6,1
KUSTEN,nl,6,1
WAJANG,nl,6,1
MORENE,nl,6,1
KNOPJE,nl,6,1
CAMION,nl,6,1
STOREN,nl,6,1
NOKKEN,nl,6,1
OMDOEN,nl,6,1
WERPER,nl,6,1
DURFAL,nl,6,1
OMTREK,nl,6,1
DENKER,nl,6,1
ZIJSPAN,nl,6,1
MOETEN,nl,6,1
PAUSEN,nl,6,1
MOTORS,nl,6,1
HUZAAR,nl,6,1
BUREEL,nl,6,1
ZAPPER,nl,6,1
ARTSEN,nl,6,1
PILOOT,nl,6,1
EEUWIG,nl,6,1
KERKEN,nl,6,1
LAKKEN,nl,6,1
HOEKEN,nl,6,1
KUMMEL,nl,6,1
KOEREN,nl,6,1
ACETON,nl,6,1
BEDRIJF,nl,6,1
OOGLID,nl,6,1
LUIDEN,nl,6,1
SIGAAR,nl,6,1
SCHADE,nl,6,1
FANAAT,nl,6,1
DUWTJE,nl,6,1
SLOPER,nl,6,1
DIJBEEN,nl,6,1
SCHUIF,nl,6,1
OPDOEN,nl,6,1
OORPIJN,nl,6,1
HERFST,nl,6,1
GORTIG,nl,6,1
CADEAU,nl,6,1
ZOOTJE,nl,6,1
BETTEN,nl,6,1
UILTJE,nl,6,1
NARRIG,nl,6,1
TOTAAL,nl,6,1
SPECIE,nl,6,1
LURVEN,nl,6,1
KOBALT,nl,6,1
DATUMS,nl,6,1
BUIKJE,nl,6,1
TITELS,nl,6,1
RUZIEN,nl,6,1
VERLOF,nl,6,1
SOKKEL,nl,6,1
SCHRAM,nl,6,1
DROPJE,nl,6,1
GOKKEN,nl,6,1
BOEIEN,nl,6,1
BROKJE,nl,6,1
BOTTER,nl,6,1
LANCET,nl,6,1
STRING,nl,6,1
ATTEST,nl,6,1
BOEVEN,nl,6,1
WASBAK,nl,6,1
RUNNER,nl,6,1
PERKJE,nl,6,1
BASSEN,nl,6,1
OERBOS,nl,6,1
SARRIG,nl,6,1
ZWIJGEN,nl,6,1
LATENT,nl,6,1
FRASES,nl,6,1
PAUZES,nl,6,1
SCHURK,nl,6,1
DELVEN,nl,6,1
VANEEN,nl,6,1
TANGEN,nl,6,1
ZIENER,nl,6,1
ASTERS,nl,6,1
REIKEN,nl,6,1
PASJES,nl,6,1
ENIGMA,nl,6,1
KLUCHT,nl,6,1
TINTEL,nl,6,1
SMIDSE,nl,6,1
POEPEN,nl,6,1
BOSSEN,nl,6,1
BLEREN,nl,6,1
WORMEN,nl,6,1
SUBIET,nl,6,1
OOGJES,nl,6,1
BALLEN,nl,6,1
SALUUT,nl,6,1
SCHEMA,nl,6,1
JOEKEL,nl,6,1
SHERRY,nl,6,1
SARONG,nl,6,1
PIJLERS,nl,6,1
ICONEN,nl,6,1
HONKEN,nl,6,1
PETSEN,nl,6,1
HIATEN,nl,6,1
TALMEN,nl,6,1
OMHOOG,nl,6,1
LISTIG,nl,6,1
EERLIJK,nl,6,1
WEDDEN,nl,6,1
ORDERS,nl,6,1
WERKJE,nl,6,1
BLIJKEN,nl,6,1
PULLEN,nl,6,1
KNOKIG,nl,6,1
OREREN,nl,6,1
POOLIJS,nl,6,1
PAKSOI,nl,6,1
EXTASE,nl,6,1
WIGWAM,nl,6,1
ZAKMES,nl,6,1
ZONDIG,nl,6,1
SEINER,nl,6,1
POELEN,nl,6,1
KALKEN,nl,6,1
PUBERS,nl,6,1
RELAAS,nl,6,1
MUFFIG,nl,6,1
DEGENS,nl,6,1
KAPSEL,nl,6,1
CURSUS,nl,6,1
BANAAN,nl,6,1
KATTIG,nl,6,1
TOPPER,nl,6,1
NEGENS,nl,6,1
MIDDAG,nl,6,1
ZOTTEN,nl,6,1
MALERIJ,nl,6,1
RONKEN,nl,6,1
ZENDEN,nl,6,1
KINKEL,nl,6,1
GALERIJ,nl,6,1
BALNET,nl,6,1
URGENT,nl,6,1
KRANEN,nl,6,1
AANPAK,nl,6,1
PETJES,nl,6,1
FORENS,nl,6,1
DONDER,nl,6,1
REUNIE,nl,6,1
ZINVOL,nl,6,1
ZEILER,nl,6,1
ZAKKEN,nl,6,1
GEDWEE,nl,6,1
OVERIG,nl,6,1
PAPPEN,nl,6,1
CLERUS,nl,6,1
SINGEL,nl,6,1
EENTJE,nl,6,1
TANDJE,nl,6,1
BAAIEN,nl,6,1
OCTANT,nl,6,1
JUWEEL,nl,6,1
BELUST,nl,6,1
GARAGE,nl,6,1
EIGEEL,nl,6,1
SCHRIK,nl,6,1
PANIEK,nl,6,1
BESJES,nl,6,1
KOSTEN,nl,6,1
KROKUS,nl,6,1
MIMOSA,nl,6,1
FREZEN,nl,6,1
GETEUT,nl,6,1
STUURS,nl,6,1
MELDER,nl,6,1
OPENER,nl,6,1
SMERIS,nl,6,1
KARATE,nl,6,1
DOMPER,nl,6,1
SULLIG,nl,6,1
MISSIE,nl,6,1
PIKEUR,nl,6,1
PROOST,nl,6,1
ENKELS,nl,6,1
HEUGEN,nl,6,1
VOLUME,nl,6,1
KWALEN,nl,6,1
BOTTEN,nl,6,1
WIEGJE,nl,6,1
ALPINO,nl,6,1
NUKKEN,nl,6,1
FREULE,nl,6,1
PILAAR,nl,6,1
STROOK,nl,6,1
SNATER,nl,6,1
JUMPER,nl,6,1
GEGROM,nl,6,1
ABRUPT,nl,6,1
LEUREN,nl,6,1
GROEVE,nl,6,1
RIETJE,nl,6,1
TOORTS,nl,6,1
VERGEN,nl,6,1
VERHIP,nl,6,1
REPORT,nl,6,1
PUNTEN,nl,6,1
BANIER,nl,6,1
FYSIEK,nl,6,1
DUBBEN,nl,6,1
NIMMER,nl,6,1
NESTJE,nl,6,1
ONHEIL,nl,6,1
OOGWIT,nl,6,1
AFROEP,nl,6,1
BETOOG,nl,6,1
WERKEN,nl,6,1
POESJE,nl,6,1
SLAGZIJ,nl,6,1
HOUTJE,nl,6,1
OPLOOP,nl,6,1
MAPPEN,nl,6,1
DUPPIE,nl,6,1
TENANT,nl,6,1
IDEAAL,nl,6,1
HIERBIJ,nl,6,1
WISSEN,nl,6,1
TRUSTS,nl,6,1
SLIJTER,nl,6,1
MAKERS,nl,6,1
ERVOOR,nl,6,1
SCHEET,nl,6,1
TANKEN,nl,6,1
FOUTJE,nl,6,1
BEREID,nl,6,1
SURFER,nl,6,1
DAMAST,nl,6,1
DEPPEN,nl,6,1
GIEBEL,nl,6,1
VISNET,nl,6,1
KLYSMA,nl,6,1
ODEURS,nl,6,1
NESTOR,nl,6,1
LASSER,nl,6,1
TOSSEN,nl,6,1
GOMMEN,nl,6,1
APEZAT,nl,6,1
DICTEE,nl,6,1
TALRIJK,nl,6,1
BUSTEN,nl,6,1
FAZANT,nl,6,1
EISERS,nl,6,1
VOEGER,nl,6,1
PARKET,nl,6,1
TIERIG,nl,6,1
WAGENS,nl,6,1
JOELEN,nl,6,1
INDIGO,nl,6,1
RAPPER,nl,6,1
GOKKER,nl,6,1
SUCCES,nl,6,1
ARBEID,nl,6,1
HANGAR,nl,6,1
GETIJDE,nl,6,1
HOEZEE,nl,6,1
RUITER,nl,6,1
BUIKIG,nl,6,1
WIEDEN,nl,6,1
DRAGER,nl,6,1
WELPEN,nl,6,1
HUISJE,nl,6,1
MULDER,nl,6,1
SCHEUR,nl,6,1
WORTEL,nl,6,1
BINNEN,nl,6,1
MORAAL,nl,6,1
GEURIG,nl,6,1
PAKKEN,nl,6,1
MIKADO,nl,6,1
LOSJES,nl,6,1
NAMAAK,nl,6,1
FAKIRS,nl,6,1
HUIGEN,nl,6,1
POFFER,nl,6,1
KNAGER,nl,6,1
REIGER,nl,6,1
KOKKIE,nl,6,1
HEKJES,nl,6,1
MANNEN,nl,6,1
RUSTEN,nl,6,1
CURVEN,nl,6,1
REUZEL,nl,6,1
REUZIN,nl,6,1
IMKERS,nl,6,1
RIJMPJE,nl,6,1
TURNER,nl,6,1
CHROOM,nl,6,1
CENTEN,nl,6,1
LADDER,nl,6,1
CUPIDO,nl,6,1
KREKEN,nl,6,1
KNUIST,nl,6,1
KOEKEN,nl,6,1
VILTEN,nl,6,1
PUKKEL,nl,6,1
JURKEN,nl,6,1
WALLEN,nl,6,1
GIERST,nl,6,1
BIDETS,nl,6,1
PONTJE,nl,6,1
RIJTUIG,nl,6,1
LUBBEN,nl,6,1
DOLMEN,nl,6,1
SUFFEN,nl,6,1
TERRAS,nl,6,1
VERLET,nl,6,1
SONOOR,nl,6,1
AANEEN,nl,6,1
HEFFEN,nl,6,1
LAKJAS,nl,6,1
PINNIG,nl,6,1
ZUIGEN,nl,6,1
TRANCE,nl,6,1
PRIMUS,nl,6,1
CIRCUS,nl,6,1
VETROL,nl,6,1
MUILEN,nl,6,1
WELKOM,nl,6,1
BAASJE,nl,6,1
GORDEL,nl,6,1
VLUCHT,nl,6,1
HOEDEN,nl,6,1
AALBES,nl,6,1
KITSCH,nl,6,1
BONZEN,nl,6,1
OMGAAN,nl,6,1
WASDAG,nl,6,1
KUIKEN,nl,6,1
DAARNA,nl,6,1
BOEREN,nl,6,1
SLABAK,nl,6,1
NERVEN,nl,6,1
STOFJE,nl,6,1
GELDEN,nl,6,1
KNIKJE,nl,6,1
EGOIST,nl,6,1
WONING,nl,6,1
VLIJMEN,nl,6,1
AMOEBE,nl,6,1
KLASSE,nl,6,1
WASHOK,nl,6,1
MOTJES,nl,6,1
BRIKET,nl,6,1
VRIJDAG,nl,6,1
BRAKER,nl,6,1
COCONS,nl,6,1
GAATJE,nl,6,1
POGING,nl,6,1
VERING,nl,6,1
ENTREE,nl,6,1
HOOGTE,nl,6,1
TENNIS,nl,6,1
BADMAT,nl,6,1
DIMMER,nl,6,1
FEILEN,nl,6,1
PUNTER,nl,6,1
NOEMER,nl,6,1
RABIES,nl,6,1
OPALEN,nl,6,1
LIPPEN,nl,6,1
EINDJE,nl,6,1
ORGAAN,nl,6,1
PRAKJE,nl,6,1
PAGODE,nl,6,1
BEROUW,nl,6,1
RECHTS,nl,6,1
PULSAR,nl,6,1
OORDEN,nl,6,1
GRAVEN,nl,6,1
VALNET,nl,6,1
KNEKEL,nl,6,1
RANSEL,nl,6,1
WELLEN,nl,6,1
HOUTEN,nl,6,1
RUGZAK,nl,6,1
AZALEA,nl,6,1
VRIJERS,nl,6,1
DELING,nl,6,1
OPSTAL,nl,6,1
HUIDEN,nl,6,1
VOLLEY,nl,6,1
ZOEMEN,nl,6,1
REKJES,nl,6,1
BENDEN,nl,6,1
KNAPEN,nl,6,1
KIKKEN,nl,6,1
RUIKER,nl,6,1
TONNEN,nl,6,1
CAMERA,nl,6,1
HEKKEN,nl,6,1
MUTSEN,nl,6,1
BOSKAP,nl,6,1
DIEPER,nl,6,1
VETZAK,nl,6,1
GANGEN,nl,6,1
ELFTAL,nl,6,1
PISSEN,nl,6,1
ZULLEN,nl,6,1
NUFFIG,nl,6,1
VAKJES,nl,6,1
TENEUR,nl,6,1
EROSIE,nl,6,1
OPGAVE,nl,6,1
LAAGTE,nl,6,1
HARDOP,nl,6,1
PILLEN,nl,6,1
WIJZING,nl,6,1
VAATJE,nl,6,1
RELING,nl,6,1
KOLIEK,nl,6,1
KADERS,nl,6,1
FLORET,nl,6,1
HIERNA,nl,6,1
HERAUT,nl,6,1
ONGUUR,nl,6,1
PETOET,nl,6,1
NESTEI,nl,6,1
BAGAGE,nl,6,1
HASPEL,nl,6,1
ZUSSEN,nl,6,1
GAANDE,nl,6,1
BONNEN,nl,6,1
KERMIS,nl,6,1
ONDIEP,nl,6,1
HEMDJE,nl,6,1
SFEREN,nl,6,1
FOHNEN,nl,6,1
HELLEN,nl,6,1
EXPORT,nl,6,1
REDDEN,nl,6,1
VOLGEN,nl,6,1
KUDDEN,nl,6,1
BEDROG,nl,6,1
NAADJE,nl,6,1
ARCADE,nl,6,1
LEGGEN,nl,6,1
GEMEEN,nl,6,1
SEKTEN,nl,6,1
GESTEL,nl,6,1
BOEZEM,nl,6,1
HIERIN,nl,6,1
BAKERS,nl,6,1
TOPDAG,nl,6,1
PROFIJT,nl,6,1
RABAUW,nl,6,1
MORMEL,nl,6,1
LEUZEN,nl,6,1
PAUKEN,nl,6,1
GEBOUW,nl,6,1
MOEDIG,nl,6,1
OPSLAG,nl,6,1
CONTRA,nl,6,1
POOIER,nl,6,1
GULZIG,nl,6,1
KERKJE,nl,6,1
JOCHIE,nl,6,1
BAZUIN,nl,6,1
GLOSSY,nl,6,1
OMZIEN,nl,6,1
SOPPEN,nl,6,1
ROTZAK,nl,6,1
PARFUM,nl,6,1
GUITIG,nl,6,1
WATTEN,nl,6,1
POEZIE,nl,6,1
WINNEN,nl,6,1
NAZANG,nl,6,1
JOKERS,nl,6,1
KIJKTIJD,nl,6,1
KAAIEN,nl,6,1
BADJAS,nl,6,1
ROBBEN,nl,6,1
DOCENT,nl,6,1
BOEDEL,nl,6,1
PRIKJE,nl,6,1
HUILEN,nl,6,1
SUFFIG,nl,6,1
TOBBER,nl,6,1
DORPEN,nl,6,1
PREKEN,nl,6,1
PAKWEG,nl,6,1
BUFFEL,nl,6,1
OVERZIJ,nl,6,1
BORDJE,nl,6,1
TASSEN,nl,6,1
RANZIG,nl,6,1
RESTEN,nl,6,1
LUTTEL,nl,6,1
SLAPEN,nl,6,1
REFTER,nl,6,1
HARING,nl,6,1
WIJDING,nl,6,1
CLICHE,nl,6,1
OPNAME,nl,6,1
JUDOKA,nl,6,1
ZOUTEN,nl,6,1
CHLOOR,nl,6,1
POCHEN,nl,6,1
TUIGEN,nl,6,1
NIETEN,nl,6,1
BARING,nl,6,1
HEMELS,nl,6,1
FORUMS,nl,6,1
BEIDEN,nl,6,1
DRIJVEN,nl,6,1
ZIJKANT,nl,6,1
PRIEEL,nl,6,1
DIEREN,nl,6,1
AFDRUK,nl,6,1
FRANCS,nl,6,1
COGNAC,nl,6,1
GALGEN,nl,6,1
KINNEN,nl,6,1
QUOTEN,nl,6,1
WIKKEL,nl,6,1
AMULET,nl,6,1
HURKEN,nl,6,1
KEERZIJ,nl,6,1
DROGER,nl,6,1
SLACHT,nl,6,1
METHYL,nl,6,1
KLACHT,nl,6,1
HENGST,nl,6,1
RACIST,nl,6,1
PLATEN,nl,6,1
VOORTS,nl,6,1
BONTJE,nl,6,1
ZURING,nl,6,1
RANKEN,nl,6,1
ONTBIJT,nl,6,1
DOKKEN,nl,6,1
KEVERS,nl,6,1
LERING,nl,6,1
DECORS,nl,6,1
PULKEN,nl,6,1
CESSIE,nl,6,1
BERGAF,nl,6,1
KARWEI,nl,6,1
FLUWIJN,nl,6,1
KELNER,nl,6,1
AANZET,nl,6,1
SKELET,nl,6,1
GABBER,nl,6,1
EENDEN,nl,6,1
ALDOOR,nl,6,1
LESUUR,nl,6,1
KAMMEN,nl,6,1
HANSOP,nl,6,1
PEUREN,nl,6,1
FURORE,nl,6,1
WEZENS,nl,6,1
GIBBON,nl,6,1
GAPPEN,nl,6,1
SPRANK,nl,6,1
HALFJE,nl,6,1
NAVELS,nl,6,1
BOCHEL,nl,6,1
KNUDDE,nl,6,1
ALLOOI,nl,6,1
SMOREN,nl,6,1
ALSNOG,nl,6,1
BOUWER,nl,6,1
NEPPEN,nl,6,1
ECZEEM,nl,6,1
ZANGER,nl,6,1
OPROER,nl,6,1
ROUWIG,nl,6,1
EZELEN,nl,6,1
SCHUIT,nl,6,1
TEGELS,nl,6,1
UITJES,nl,6,1
KARTEL,nl,6,1
KALIUM,nl,6,1
AFSLAG,nl,6,1
LAKENS,nl,6,1
PAROOL,nl,6,1
PEDDEL,nl,6,1
SCHAAL,nl,6,1
ROEIER,nl,6,1
KWIJLEN,nl,6,1
RELLEN,nl,6,1
TIETEN,nl,6,1
VOLKEN,nl,6,1
DIEVEN,nl,6,1
RELAIS,nl,6,1
PRALEN,nl,6,1
DEUKJE,nl,6,1
CRISIS,nl,6,1
SORTIE,nl,6,1
VOSSEN,nl,6,1
RECEPT,nl,6,1
BREKER,nl,6,1
VEDERS,nl,6,1
VETTEN,nl,6,1
TANDEM,nl,6,1
RIJDIER,nl,6,1
TYFOON,nl,6,1
GINDER,nl,6,1
DINGEN,nl,6,1
WELNEE,nl,6,1
NARCIS,nl,6,1
PASSER,nl,6,1
KOUSEN,nl,6,1
TORSEN,nl,6,1
AKELIG,nl,6,1
VOILES,nl,6,1
AFKEER,nl,6,1
VREEMD,nl,6,1
RINGEN,nl,6,1
VORSEN,nl,6,1
STEAKS,nl,6,1
GOZERS,nl,6,1
GEHAAT,nl,6,1
ZETPIL,nl,6,1
KORAAL,nl,6,1
SECTOR,nl,6,1
VLEZIG,nl,6,1
STRIPS,nl,6,1
FENIKS,nl,6,1
BUMPER,nl,6,1
TOUWEN,nl,6,1
ETSERS,nl,6,1
ZEEDIJK,nl,6,1
KITTIG,nl,6,1
ROSSEN,nl,6,1
LUIFEL,nl,6,1
KUSSEN,nl,6,1
VRUCHT,nl,6,1
KIJKDAG,nl,6,1
GEKKIE,nl,6,1
SPURTS,nl,6,1
SKIERS,nl,6,1
PUTJES,nl,6,1
PANDJE,nl,6,1
RAMING,nl,6,1
DUMPEN,nl,6,1
KEUZES,nl,6,1
SPASME,nl,6,1
LETTER,nl,6,1
BLAZEN,nl,6,1
PIJNLIJK,nl,6,1
GEDING,nl,6,1
EIEREN,nl,6,1
LERAAR,nl,6,1
SJEIKS,nl,6,1
DIENST,nl,6,1
DERTIG,nl,6,1
ERHEEN,nl,6,1
TRONIE,nl,6,1
BRAKEN,nl,6,1
ONEVEN,nl,6,1
MAATJE,nl,6,1
HUPSEN,nl,6,1
DOLFIJN,nl,6,1
BEAMEN,nl,6,1
LUIZIG,nl,6,1
VERDER,nl,6,1
MOKERS,nl,6,1
RITMEN,nl,6,1
IDEEEN,nl,6,1
POLSEN,nl,6,1
HOVING,nl,6,1
NADEEL,nl,6,1
KWARTS,nl,6,1
KNOPEN,nl,6,1
FESTIJN,nl,6,1
VISITE,nl,6,1
STOMEN,nl,6,1
NETBAL,nl,6,1
AFGAAN,nl,6,1
VOELEN,nl,6,1
VOGELS,nl,6,1
ROKADE,nl,6,1
OMLOOP,nl,6,1
PATRIJS,nl,6,1
PINEUT,nl,6,1
DICTIE,nl,6,1
KEIZER,nl,6,1
SENIOR,nl,6,1
BEUNEN,nl,6,1
ZIELIG,nl,6,1
KLEINE,nl,6,1
TRALIE,nl,6,1
BLADZIJ,nl,6,1
GILLER,nl,6,1
TRICOT,nl,6,1
ZAGERIJ,nl,6,1
TONGEN,nl,6,1
DOSSEN,nl,6,1
HOCKEY,nl,6,1
VECTOR,nl,6,1
BONDIG,nl,6,1
EDITIE,nl,6,1
BATIKS,nl,6,1
VISUMS,nl,6,1
MILIEU,nl,6,1
AGENTE,nl,6,1
EMOTIE,nl,6,1
KOEPEL,nl,6,1
POEDEL,nl,6,1
RUZIES,nl,6,1
STEKEL,nl,6,1
SCHILD,nl,6,1
KISTEN,nl,6,1
HOEWEL,nl,6,1
UITING,nl,6,1
NIEREN,nl,6,1
SPAKEN,nl,6,1
ROEPIA,nl,6,1
ZEEMIJL,nl,6,1
ZIGZAG,nl,6,1
KOORTS,nl,6,1
KEIKOP,nl,6,1
LAPPEN,nl,6,1
OMROEP,nl,6,1
STAKET,nl,6,1
WAARDE,nl,6,1
GEKLOP,nl,6,1
CIPRES,nl,6,1
MEDIUM,nl,6,1
MOSKEE,nl,6,1
LOODJE,nl,6,1
JODIUM,nl,6,1
BUBBEL,nl,6,1
LOEFZIJ,nl,6,1
ZAKKAM,nl,6,1
TROPEN,nl,6,1
JAMMER,nl,6,1
BIJSTER,nl,6,1
PUTTEN,nl,6,1
BIJZAAK,nl,6,1
TUNNEL,nl,6,1
WALVIS,nl,6,1
VERSIE,nl,6,1
OORLOG,nl,6,1
WINTER,nl,6,1
JUFFIE,nl,6,1
SCHAAK,nl,6,1
KRAKEN,nl,6,1
BIEDEN,nl,6,1
SJEZEN,nl,6,1
WIJNVAT,nl,6,1
CASINO,nl,6,1
GRAPJE,nl,6,1
KAPERS,nl,6,1
ELPEES,nl,6,1
PSYCHE,nl,6,1
RUWWEG,nl,6,1
LASTER,nl,6,1
DOUWEN,nl,6,1
PLECHT,nl,6,1
LIJKWIT,nl,6,1
MIKMAK,nl,6,1
FOLDER,nl,6,1
LEPELS,nl,6,1
ZUSTER,nl,6,1
KOMEET,nl,6,1
MOPPIG,nl,6,1
KUITEN,nl,6,1
MUSICI,nl,6,1
LOEREN,nl,6,1
NETJES,nl,6,1
DONUTS,nl,6,1
NEUSJE,nl,6,1
AFSLAG,nl,6,1
STATEN,nl,6,1
AUTIST,nl,6,1
PASSIE,nl,6,1
SCHEEL,nl,6,1
DIRECT,nl,6,1
HELPEN,nl,6,1
KIEVIT,nl,6,1
OPROEP,nl,6,1
WANDEL,nl,6,1
KEUKEN,nl,6,1
PIJNVRIJ,nl,6,1
LALLEN,nl,6,1
PIMPEL,nl,6,1
MIJTERS,nl,6,1
SPOKEN,nl,6,1
KORTAF,nl,6,1
TELLEN,nl,6,1
KUISEN,nl,6,1
KOMMEN,nl,6,1
OPTREK,nl,6,1
CREOOL,nl,6,1
MELDEN,nl,6,1
POTENT,nl,6,1
KETJAP,nl,6,1
RENNER,nl,6,1
LANDEN,nl,6,1
KRANIG,nl,6,1
RITJES,nl,6,1
OPLAGE,nl,6,1
NATUUR,nl,6,1
FLATER,nl,6,1
JURIST,nl,6,1
PLATJE,nl,6,1
STAFJE,nl,6,1
WURGEN,nl,6,1
MOETJE,nl,6,1
RACKET,nl,6,1
RUILEN,nl,6,1
RONDOM,nl,6,1
MOUWEN,nl,6,1
BULTEN,nl,6,1
LOSSER,nl,6,1
RIMPEL,nl,6,1
ROKERS,nl,6,1
KORNET,nl,6,1
RASTER,nl,6,1
REGGAE,nl,6,1
BADERS,nl,6,1
MONTER,nl,6,1
KROOST,nl,6,1
BILLEN,nl,6,1
KLEDEN,nl,6,1
PARADE,nl,6,1
PASTOR,nl,6,1
MORGEN,nl,6,1
VELDEN,nl,6,1
BEKLAG,nl,6,1
TOVERIJ,nl,6,1
POEIER,nl,6,1
KWEKEN,nl,6,1
STAYER,nl,6,1
DARREN,nl,6,1
SPLEET,nl,6,1
PIJNTJE,nl,6,1
GHETTO,nl,6,1
MOEDER,nl,6,1
NYLONS,nl,6,1
UITKIJK,nl,6,1
KAPPEN,nl,6,1
VERTEN,nl,6,1
VRACHT,nl,6,1
RIJNAAK,nl,6,1
SEREEN,nl,6,1
DESIGN,nl,6,1
MELKER,nl,6,1
OPGELD,nl,6,1
HEBBEN,nl,6,1
ATOMEN,nl,6,1
CREDIT,nl,6,1
PAAIEN,nl,6,1
HESPEN,nl,6,1
KARMIJN,nl,6,1
HORIGE,nl,6,1
RONDER,nl,6,1
NIPPEL,nl,6,1
KOLVEN,nl,6,1
MENENS,nl,6,1
KLUSJE,nl,6,1
ROEMER,nl,6,1
FISCUS,nl,6,1
KAJUIT,nl,6,1
ALLURE,nl,6,1
BEITEL,nl,6,1
GLUREN,nl,6,1
NOOTJE,nl,6,1
TIJDRIT,nl,6,1
FLACON,nl,6,1
COUPON,nl,6,1
KIPPEN,nl,6,1
KAUWEN,nl,6,1
VERVAL,nl,6,1
DOUANE,nl,6,1
ACCENT,nl,6,1
REMMEN,nl,6,1
SLOFJE,nl,6,1
BANKJE,nl,6,1
HAKBIJL,nl,6,1
OERDOM,nl,6,1
TEGOED,nl,6,1
BOMMEN,nl,6,1
FIASCO,nl,6,1
DEUGEN,nl,6,1
TUTTEN,nl,6,1
RECORD,nl,6,1
LINIES,nl,6,1
ZETELS,nl,6,1
DERDEN,nl,6,1
GEVERS,nl,6,1
LUDIEK,nl,6,1
BOSBES,nl,6,1
OPDRUK,nl,6,1
TOKKEL,nl,6,1
STELEN,nl,6,1
FUSTEN,nl,6,1
AFDOEN,nl,6,1
WIEGEN,nl,6,1
LOSSEN,nl,6,1
VALBIJL,nl,6,1
VETARM,nl,6,1
RECTOR,nl,6,1
KOEBEL,nl,6,1
BINAIR,nl,6,1
GELOOP,nl,6,1
TIKKER,nl,6,1
BLATEN,nl,6,1
KLOVEN,nl,6,1
KRUIER,nl,6,1
STRUIK,nl,6,1
SAUSEN,nl,6,1
TOOIEN,nl,6,1
SCHOUW,nl,6,1
BINDEN,nl,6,1
FRESCO,nl,6,1
MUNTEN,nl,6,1
DUIDEN,nl,6,1
RIJTJES,nl,6,1
TANTES,nl,6,1
SERRES,nl,6,1
DRIEST,nl,6,1
PONTON,nl,6,1
KOLDER,nl,6,1
DONZEN,nl,6,1
TRAPAS,nl,6,1
VAKMAN,nl,6,1
RUSTIG,nl,6,1
NASLAG,nl,6,1
HEILIG,nl,6,1
LIJSTJE,nl,6,1
ZUIDEN,nl,6,1
LITERS,nl,6,1
QUICHE,nl,6,1
BEDDEN,nl,6,1
SERVET,nl,6,1
DIKKEN,nl,6,1
LIJZIJDE,nl,6,1
JOFFER,nl,6,1
PITTIG,nl,6,1
PAELLA,nl,6,1
FUSIES,nl,6,1
DWEPER,nl,6,1
REFORM,nl,6,1
SAMBAL,nl,6,1
ZOIETS,nl,6,1
KANKER,nl,6,1
BUSTES,nl,6,1
RENTEN,nl,6,1
MEIDAG,nl,6,1
KAFTAN,nl,6,1
MAUWEN,nl,6,1
RUBBER,nl,6,1
BIJLAGE,nl,6,1
LOUCHE,nl,6,1
BOENEN,nl,6,1
HUIVER,nl,6,1
NATURA,nl,6,1
KUNNEN,nl,6,1
VELGEN,nl,6,1
CACHET,nl,6,1
RIBLAP,nl,6,1
ZOMEDE,nl,6,1
VIJZELS,nl,6,1
VEULEN,nl,6,1
GEREMD,nl,6,1
VETJES,nl,6,1
MARKEN,nl,6,1
BERGOP,nl,6,1
STRAAL,nl,6,1
MOEZEL,nl,6,1
GEVANG,nl,6,1
LOGICA,nl,6,1
GILDEN,nl,6,1
GEWELF,nl,6,1
BIJTIJDS,nl,6,1
KEFFEN,nl,6,1
ONECHT,nl,6,1
ROFFEL,nl,6,1
PANTRY,nl,6,1
DEMENT,nl,6,1
BATIST,nl,6,1
BOETEN,nl,6,1
MOLLIG,nl,6,1
VULLEN,nl,6,1
FRATER,nl,6,1
RUIMEN,nl,6,1
FRANCO,nl,6,1
BISDOM,nl,6,1
HALTES,nl,6,1
JOKKEN,nl,6,1
RITTEN,nl,6,1
BOSPAD,nl,6,1
BRANDY,nl,6,1
CABINE,nl,6,1
BIEZEN,nl,6,1
HULLEN,nl,6,1
PIJLTJE,nl,6,1
KRIBBE,nl,6,1
ROKJAS,nl,6,1
KOOIEN,nl,6,1
GRAVEL,nl,6,1
SLOKOP,nl,6,1
HOEKIG,nl,6,1
DADERS,nl,6,1
ULTIEM,nl,6,1
SCHULP,nl,6,1
LOEIER,nl,6,1
OEVERS,nl,6,1
UITZET,nl,6,1
SPAREN,nl,6,1
DAMMER,nl,6,1
DOUCHE,nl,6,1
BONDEN,nl,6,1
ZWEPEN,nl,6,1
KOPMAN,nl,6,1
BALLON,nl,6,1
ZOMAAR,nl,6,1
KRETEN,nl,6,1
PINCET,nl,6,1
ALWEER,nl,6,1
DUTTEN,nl,6,1
STEVIG,nl,6,1
MERITE,nl,6,1
KWIBUS,nl,6,1
PLASJE,nl,6,1
APACHE,nl,6,1
KORTEN,nl,6,1
NIKSEN,nl,6,1
ROTWIJF,nl,6,1
PIKANT,nl,6,1
RAMPEN,nl,6,1
TURVEN,nl,6,1
AMPERE,nl,6,1
GOTIEK,nl,6,1
NECTAR,nl,6,1
HIEROM,nl,6,1
STEREO,nl,6,1
ERWTEN,nl,6,1
KLIMOP,nl,6,1
REVERS,nl,6,1
TOEVEN,nl,6,1
ROMANS,nl,6,1
SCHOTS,nl,6,1
KRIJTJE,nl,6,1
BURCHT,nl,6,1
PLASMA,nl,6,1
IJSMUTS,nl,6,1
MONNIK,nl,6,1
WONDER,nl,6,1
NUTTIG,nl,6,1
MAGNUM,nl,6,1
SLAPER,nl,6,1
HOLIST,nl,6,1
WITVIS,nl,6,1
AUBADE,nl,6,1
LIKEUR,nl,6,1
MARTER,nl,6,1
KLEREN,nl,6,1
OPTIES,nl,6,1
RIBBEN,nl,6,1
DAAROP,nl,6,1
PALEIS,nl,6,1
ERKERS,nl,6,1
GEKKEN,nl,6,1
JUTTER,nl,6,1
MENUET,nl,6,1
WAPENS,nl,6,1
KANEEL,nl,6,1
KOMPAS,nl,6,1
SPUWEN,nl,6,1
HIKKEN,nl,6,1
ANGELS,nl,6,1
PALMEN,nl,6,1
TENORS,nl,6,1
KOLKEN,nl,6,1
ZELDEN,nl,6,1
VERUIT,nl,6,1
NIMFEN,nl,6,1
FOSFOR,nl,6,1
WAAROM,nl,6,1
MARINE,nl,6,1
SLAKOM,nl,6,1
VONDST,nl,6,1
BUISJE,nl,6,1
SLOVEN,nl,6,1
REVEIL,nl,6,1
PIJPLIJN,nl,6,1
WITTEN,nl,6,1
ETHICA,nl,6,1
OOGLAP,nl,6,1
ESSAYS,nl,6,1
LOTION,nl,6,1
VITAAL,nl,6,1
VISSIG,nl,6,1
BLINDE,nl,6,1
ZOLDER,nl,6,1
GIETER,nl,6,1
RUITIJD,nl,6,1
ZILVER,nl,6,1
BERAAD,nl,6,1
NESTEN,nl,6,1
RENNEN,nl,6,1
PENNEN,nl,6,1
VITTEN,nl,6,1
PERZIK,nl,6,1
WADDEN,nl,6,1
ROTTIG,nl,6,1
BRADEN,nl,6,1
NAJAAR,nl,6,1
LAATST,nl,6,1
PETTEN,nl,6,1
AANTAL,nl,6,1
OMMEZIJ,nl,6,1
STARTS,nl,6,1
BIETEN,nl,6,1
LOTING,nl,6,1
BIJMAAN,nl,6,1
LEEGTE,nl,6,1
GEWEND,nl,6,1
PISPOT,nl,6,1
VINDEN,nl,6,1
OEUVRE,nl,6,1
GRIBUS,nl,6,1
HARTEN,nl,6,1
FIKKEN,nl,6,1
BUIZEN,nl,6,1
LASTIG,nl,6,1
PELSEN,nl,6,1
LIJMPOT,nl,6,1
ZENDER,nl,6,1
MOERAS,nl,6,1
KIENEN,nl,6,1
MINIEM,nl,6,1
GITAAR,nl,6,1
SUKADE,nl,6,1
HELWIT,nl,6,1
HULPJE,nl,6,1
ONEENS,nl,6,1
OOMPJE,nl,6,1
PESETA,nl,6,1
VALIDE,nl,6,1
LIEGEN,nl,6,1
GLAZEN,nl,6,1
FORTEN,nl,6,1
CEDERS,nl,6,1
MODEMS,nl,6,1
BONTIG,nl,6,1
DOFFER,nl,6,1
BEKEND,nl,6,1
KARKAS,nl,6,1
SNAREN,nl,6,1
MARMER,nl,6,1
ALHIER,nl,6,1
FALSET,nl,6,1
OUDSTE,nl,6,1
VEGERS,nl,6,1
HERTEN,nl,6,1
SEDERT,nl,6,1
HOOGTIJ,nl,6,1
RUIMTE,nl,6,1
BRUNCH,nl,6,1
TOLKEN,nl,6,1
HUMAAN,nl,6,1
TELLER,nl,6,1
FEITEN,nl,6,1
OPMAAK,nl,6,1
CANONS,nl,6,1
MAFFIA,nl,6,1
HIJVORM,nl,6,1
ROEBEL,nl,6,1
VETPOT,nl,6,1
JEUKEN,nl,6,1
DUINEN,nl,6,1
EVENZO,nl,6,1
SAUZEN,nl,6,1
DOMMIG,nl,6,1
PENOZE,nl,6,1
OORVIJG,nl,6,1
OPVANG,nl,6,1
WREKEN,nl,6,1
ORDNER,nl,6,1
ANKERS,nl,6,1
LEKKER,nl,6,1
POLDER,nl,6,1
MOUSSE,nl,6,1
COYOTE,nl,6,1
MOKKEL,nl,6,1
UNICUM,nl,6,1
BOUTEN,nl,6,1
GIGOLO,nl,6,1
BROCHE,nl,6,1
HOUDER,nl,6,1
VOLUIT,nl,6,1
LUIERS,nl,6,1
LASSEN,nl,6,1
PEDANT,nl,6,1
GESTES,nl,6,1
INDRUK,nl,6,1
LENGTE,nl,6,1
GOLVEN,nl,6,1
VAKKEN,nl,6,1
ROTORS,nl,6,1
AFTREK,nl,6,1
WEVERIJ,nl,6,1
WIKKEN,nl,6,1
VOYEUR,nl,6,1
KLEVER,nl,6,1
DOLLEN,nl,6,1
LAMPEN,nl,6,1
DAUWEN,nl,6,1
SEANCE,nl,6,1
VOETJE,nl,6,1
KUIPJE,nl,6,1
STOKER,nl,6,1
REISJE,nl,6,1
GAAIEN,nl,6,1
TORERO,nl,6,1
KEEPER,nl,6,1
WETTEN,nl,6,1
GEHUIL,nl,6,1
DOPING,nl,6,1
LEZING,nl,6,1
SIKKEL,nl,6,1
BLIJVEN,nl,6,1
RONDJE,nl,6,1
ZEGGEN,nl,6,1
BUILEN,nl,6,1
KERRIE,nl,6,1
PLAKJE,nl,6,1
LENGEN,nl,6,1
GEBREK,nl,6,1
SPELER,nl,6,1
ONTZET,nl,6,1
LAAGJE,nl,6,1
CYCLUS,nl,6,1
DEFTIG,nl,6,1
SIESTA,nl,6,1
PEILEN,nl,6,1
RUMOER,nl,6,1
WIJFJES,nl,6,1
BIDONS,nl,6,1
SCHERP,nl,6,1
ZWEVEN,nl,6,1
RATELS,nl,6,1
TARTEN,nl,6,1
ACTEUR,nl,6,1
DRALEN,nl,6,1
HUIZEN,nl,6,1
DRADEN,nl,6,1
DEFECT,nl,6,1
SMEUIG,nl,6,1
MOLENS,nl,6,1
STROOM,nl,6,1
MAXIMA,nl,6,1
LYRIEK,nl,6,1
KEURIG,nl,6,1
DEPOTS,nl,6,1
WRENST,nl,6,1
EENOOG,nl,6,1
HOTELS,nl,6,1
INDIEN,nl,6,1
KAKKER,nl,6,1
WAAROP,nl,6,1
GIPSEN,nl,6,1
SMERIG,nl,6,1
GEDRAM,nl,6,1
DISTEL,nl,6,1
HOTSEN,nl,6,1
SPIRIT,nl,6,1
ZOEKEN,nl,6,1
SPRAAK,nl,6,1
PATERS,nl,6,1
HAAGJE,nl,6,1
PADDEN,nl,6,1
VADSIG,nl,6,1
KARAAT,nl,6,1
TIJDENS,nl,6,1
SLAAGS,nl,6,1
PASTEL,nl,6,1
DIVERS,nl,6,1
NIVEAU,nl,6,1
KININE,nl,6,1
MIJNGAS,nl,6,1
WIEKEN,nl,6,1
BEDING,nl,6,1
KATROL,nl,6,1
KRIBJE,nl,6,1
ONDING,nl,6,1
ZWETEN,nl,6,1
EINDIG,nl,6,1
EXTERN,nl,6,1
DONORS,nl,6,1
TABLET,nl,6,1
KATTEN,nl,6,1
BIJBAAN,nl,6,1
HORECA,nl,6,1
KETELS,nl,6,1
HOEKJE,nl,6,1
KNAGEN,nl,6,1
KNOTJE,nl,6,1
HOOPJE,nl,6,1
ABSINT,nl,6,1
GOOTJE,nl,6,1
STEPPE,nl,6,1
FRASEN,nl,6,1
ZAAIER,nl,6,1
MANIAK,nl,6,1
PAPIER,nl,6,1
SENIEL,nl,6,1
HEGGEN,nl,6,1
LOKAAS,nl,6,1
BOMVRIJ,nl,6,1
GEHARD,nl,6,1
INRUIL,nl,6,1
JONGEN,nl,6,1
GIDSEN,nl,6,1
LEASEN,nl,6,1
ANGINA,nl,6,1
LIEDJE,nl,6,1
PLICHT,nl,6,1
CAMPER,nl,6,1
GOLFEN,nl,6,1
LIJSTEN,nl,6,1
GERUIT,nl,6,1
VORMER,nl,6,1
VOETEN,nl,6,1
VERNIS,nl,6,1
OUDOOM,nl,6,1
DEALER,nl,6,1
BRUGJE,nl,6,1
SJOFEL,nl,6,1
LOZING,nl,6,1
GASTEN,nl,6,1
VENTJE,nl,6,1
DAGJES,nl,6,1
CITAAT,nl,6,1
PROPER,nl,6,1
VELVET,nl,6,1
ROUTES,nl,6,1
ROKKEN,nl,6,1
VREZEN,nl,6,1
MENEER,nl,6,1
OESTER,nl,6,1
ZANDEN,nl,6,1
JONKIE,nl,6,1
BORDER,nl,6,1
GOEDJE,nl,6,1
THESEN,nl,6,1
TERGEN,nl,6,1
KASTJE,nl,6,1
ZOLANG,nl,6,1
JUJUBE,nl,6,1
ACQUIT,nl,6,1
HORDES,nl,6,1
VISKAR,nl,6,1
ALWAAR,nl,6,1
SLUIKS,nl,6,1
MANUUR,nl,6,1
WERKER,nl,6,1
BENGEL,nl,6,1
KAMERS,nl,6,1
PARELS,nl,6,1
AUTEUR,nl,6,1
SCOUTS,nl,6,1
SEKSEN,nl,6,1
TUINEN,nl,6,1
PERZEN,nl,6,1
WALGEN,nl,6,1
LATERE,nl,6,1
TORTEL,nl,6,1
ZINGEN,nl,6,1
ROEMEN,nl,6,1
ELKAAR,nl,6,1
BOSRIJK,nl,6,1
OPETEN,nl,6,1
PIEREN,nl,6,1
SUFKOP,nl,6,1
LENING,nl,6,1
JUTTEN,nl,6,1
HORREN,nl,6,1
RAGFIJN,nl,6,1
AFWEER,nl,6,1
SAPJES,nl,6,1
VERSJE,nl,6,1
WINDEN,nl,6,1
OPZIEN,nl,6,1
NESTEL,nl,6,1
BOLDER,nl,6,1
GUNNEN,nl,6,1
ZINNEN,nl,6,1
BERMEN,nl,6,1
MENGEN,nl,6,1
SIRENE,nl,6,1
IJSCLUB,nl,6,1
VANGER,nl,6,1
KONING,nl,6,1
KONTJE,nl,6,1
ROCKER,nl,6,1
STEVEN,nl,6,1
BOETES,nl,6,1
IJSBEER,nl,6,1
PATENT,nl,6,1
GALMEN,nl,6,1
BASALT,nl,6,1
DEVIES,nl,6,1
EERSTE,nl,6,1
KETENS,nl,6,1
TRONEN,nl,6,1
SPUIEN,nl,6,1
KNIEEN,nl,6,1
MEIERS,nl,6,1
KRACHT,nl,6,1
ZOUTJE,nl,6,1
MATRIX,nl,6,1
PARAAT,nl,6,1
BOFFEN,nl,6,1
WAKKER,nl,6,1
HOFJES,nl,6,1
WELLES,nl,6,1
PENDEL,nl,6,1
LUSSEN,nl,6,1
GEBIED,nl,6,1
POLAIR,nl,6,1
VINVIS,nl,6,1
ZADELS,nl,6,1
SLAAFS,nl,6,1
JOGGER,nl,6,1
ZESSEN,nl,6,1
ECHTER,nl,6,1
NADOEN,nl,6,1
BIJBLAD,nl,6,1
HEBBES,nl,6,1
OMNIUM,nl,6,1
SPRITS,nl,6,1
LIBIDO,nl,6,1
UITWAS,nl,6,1
LIJNTJE,nl,6,1
REDERIJ,nl,6,1
BALKEN,nl,6,1
DOCTOR,nl,6,1
KRIJGER,nl,6,1
SELECT,nl,6,1
DOLBLIJ,nl,6,1
RAYONS,nl,6,1
BUITJE,nl,6,1
JUFFER,nl,6,1
OMELET,nl,6,1
DUIFJE,nl,6,1
KAAKJE,nl,6,1
OEDEEM,nl,6,1
CORNER,nl,6,1
VASTEN,nl,6,1
FOKKEN,nl,6,1
POTJES,nl,6,1
WANGEN,nl,6,1
MAGIER,nl,6,1
IJLBODE,nl,6,1
VIOLET,nl,6,1
BALANS,nl,6,1
HOKKEN,nl,6,1
DEBIEL,nl,6,1
BUREAU,nl,6,1
CIJFERS,nl,6,1
TAILLE,nl,6,1
ALVAST,nl,6,1
SLEEEN,nl,6,1
BOKSER,nl,6,1
HELMEN,nl,6,1
BAKPAN,nl,6,1
KETSEN,nl,6,1
WILLEN,nl,6,1
BIJKANS,nl,6,1
VOOROP,nl,6,1
LESUUR,nl,6,1
OPGOOI,nl,6,1
KOPPEN,nl,6,1
LIGBAD,nl,6,1
SPREUK,nl,6,1
WERING,nl,6,1
REIZEN,nl,6,1
TROJKA,nl,6,1
KERVEN,nl,6,1
FATAAL,nl,6,1
JANKEN,nl,6,1
GEMBER,nl,6,1
BUIGEN,nl,6,1
KRONEN,nl,6,1
ECHOEN,nl,6,1
JAGERS,nl,6,1
BEROEP,nl,6,1
DAKJES,nl,6,1
VOORAL,nl,6,1
BUNKER,nl,6,1
PREUTS,nl,6,1
JUFFEN,nl,6,1
SOMPIG,nl,6,1
MERKJE,nl,6,1
NOPENS,nl,6,1
BOYCOT,nl,6,1
ZACHTS,nl,6,1
RANGEN,nl,6,1
INSLAG,nl,6,1
SNAVEL,nl,6,1
TSAREN,nl,6,1
WOELEN,nl,6,1
DIKKOP,nl,6,1
OMSLAG,nl,6,1
SNUFJE,nl,6,1
PLEGER,nl,6,1
PURSER,nl,6,1
BEETJE,nl,6,1
STREEP,nl,6,1
WOLKEN,nl,6,1
GRACHT,nl,6,1
DOELEN,nl,6,1
SEKTES,nl,6,1
DISCUS,nl,6,1
BALSEM,nl,6,1
RIMBOE,nl,6,1
ZWAKTE,nl,6,1
SAUSJE,nl,6,1
SOEZEN,nl,6,1
HITSIG,nl,6,1
TARBOT,nl,6,1
BEZEMS,nl,6,1
PLAGER,nl,6,1
TRAUMA,nl,6,1
TWIJFEL,nl,6,1
SCHOON,nl,6,1
JENNEN,nl,6,1
JUNIOR,nl,6,1
BURGER,nl,6,1
PARTJE,nl,6,1
RUGPIJN,nl,6,1
VLAGJE,nl,6,1
DOMWEG,nl,6,1
IJSKOUD,nl,6,1
WELEER,nl,6,1
ZETSEL,nl,6,1
INGANG,nl,6,1
GRIJZEN,nl,6,1
BAKJES,nl,6,1
BOTWEG,nl,6,1
SERING,nl,6,1
NIETJE,nl,6,1
AIRBAG,nl,6,1
POELET,nl,6,1
INHOUD,nl,6,1
DECADE,nl,6,1
MERKEN,nl,6,1
KAPMES,nl,6,1
MEISJE,nl,6,1
KAVELS,nl,6,1
VINNEN,nl,6,1
RELIEK,nl,6,1
ROEPEN,nl,6,1
HANDEL,nl,6,1
STELER,nl,6,1
KAKKEN,nl,6,1
DROMER,nl,6,1
GOMBAL,nl,6,1
ROEREI,nl,6,1
KOUTEN,nl,6,1
KERKER,nl,6,1
RAFFIA,nl,6,1
WEGENS,nl,6,1
HAREMS,nl,6,1
BELOOP,nl,6,1
CHARGE,nl,6,1
WELAAN,nl,6,1
SPIJTEN,nl,6,1
TUSSEN,nl,6,1
BOEMEL,nl,6,1
STAVEN,nl,6,1
FAMEUS,nl,6,1
KIEKJE,nl,6,1
EITJES,nl,6,1
VANUIT,nl,6,1
BALIES,nl,6,1
HEULEN,nl,6,1
LEGAAL,nl,6,1
LIFTEN,nl,6,1
MISSER,nl,6,1
GELDIG,nl,6,1
VIEZIG,nl,6,1
MOTTEN,nl,6,1
DEKSEL,nl,6,1
NOZEMS,nl,6,1
SONNET,nl,6,1
LIJSTER,nl,6,1
NOEMEN,nl,6,1
VESTJE,nl,6,1
ZAAIEN,nl,6,1
INFAAM,nl,6,1
GOLFER,nl,6,1
LIGGEN,nl,6,1
LAWAAI,nl,6,1
TUNERS,nl,6,1
NOTOIR,nl,6,1
BADTAS,nl,6,1
HOEDJE,nl,6,1
AXIOMA,nl,6,1
HALMEN,nl,6,1
GLAZIG,nl,6,1
HORZEL,nl,6,1
ZWEREN,nl,6,1
GUMMEN,nl,6,1
HONING,nl,6,1
LAPJES,nl,6,1
HIELEN,nl,6,1
GASNET,nl,6,1
GEVOEL,nl,6,1
MEUTES,nl,6,1
ROEDEN,nl,6,1
GRENEN,nl,6,1
VRAGER,nl,6,1
LACHJE,nl,6,1
SPATIE,nl,6,1
ZOWAAR,nl,6,1
ADAGIO,nl,6,1
WORPEN,nl,6,1
NASAAL,nl,6,1
LAFBEK,nl,6,1
KENNEL,nl,6,1
GEHUWD,nl,6,1
VENTEN,nl,6,1
COWBOY,nl,6,1
PANDEN,nl,6,1
STUDIO,nl,6,1
TUKJES,nl,6,1
PEULEN,nl,6,1
SCHRIL,nl,6,1
PAKJES,nl,6,1
GEITEN,nl,6,1
VLIJTIG,nl,6,1
FABELS,nl,6,1
GASSEN,nl,6,1
STRIKT,nl,6,1
SMEDEN,nl,6,1
DOCIEL,nl,6,1
HOLTES,nl,6,1
GULDEN,nl,6,1
RIVIER,nl,6,1
TEKENS,nl,6,1
GEZEUR,nl,6,1
NAAIEN,nl,6,1
STATIG,nl,6,1
KOOPJE,nl,6,1
OERTIJD,nl,6,1
RAFELS,nl,6,1
HERDER,nl,6,1
VOORBIJ,nl,6,1
MISERE,nl,6,1
PROMPT,nl,6,1
HAKKEN,nl,6,1
VENTER,nl,6,1
LEGAAT,nl,6,1
PAUPER,nl,6,1
VALLEI,nl,6,1
MORTEL,nl,6,1
PREKER,nl,6,1
POENIG,nl,6,1
TICKET,nl,6,1
WELZIJN,nl,6,1
HERTJE,nl,6,1
SENSOR,nl,6,1
RESTJE,nl,6,1
OPSTEL,nl,6,1
LYCEUM,nl,6,1
STAKER,nl,6,1
PESTEN,nl,6,1
TEVENS,nl,6,1
INLOOP,nl,6,1
ORATIE,nl,6,1
SEPSIS,nl,6,1
ONLUST,nl,6,1
ZEUREN,nl,6,1
TOMBES,nl,6,1
SABELS,nl,6,1
OMGANG,nl,6,1
GASPIT,nl,6,1
MITSEN,nl,6,1
KEUZEN,nl,6,1
SMIJTEN,nl,6,1
BRAMEN,nl,6,1
TORNEN,nl,6,1
EUREKA,nl,6,1
RIJDERS,nl,6,1
ONRUST,nl,6,1
UTOPIE,nl,6,1
VERBOD,nl,6,1
TIMIDE,nl,6,1
BIJLTJE,nl,6,1
BLONDE,nl,6,1
HONDEN,nl,6,1
VERZEN,nl,6,1
EFFECT,nl,6,1
VIZIER,nl,6,1
FOPPEN,nl,6,1
DOMEIN,nl,6,1
DUIKEN,nl,6,1
HOLLEN,nl,6,1
TWAALF,nl,6,1
GROOTS,nl,6,1
ROBOTS,nl,6,1
SPROET,nl,6,1
ROOIEN,nl,6,1
MERELS,nl,6,1
KRATER,nl,6,1
SIEREN,nl,6,1
POULES,nl,6,1
MOTVRIJ,nl,6,1
BICEPS,nl,6,1
OPSMUK,nl,6,1
VISLIJN,nl,6,1
RIJBAAN,nl,6,1
KOPBAL,nl,6,1
ZWIJGER,nl,6,1
DINGES,nl,6,1
LUMMEL,nl,6,1
ZEEVIS,nl,6,1
EUNUCH,nl,6,1
LONTJE,nl,6,1
FUTIEL,nl,6,1
LELLEN,nl,6,1
BAKSEL,nl,6,1
KOPROL,nl,6,1
ROBBER,nl,6,1
VACCIN,nl,6,1
LIANEN,nl,6,1
BEKERS,nl,6,1
GEZOND,nl,6,1
LINNEN,nl,6,1
HIJZELF,nl,6,1
SLAKEN,nl,6,1
GEWELD,nl,6,1
OPENEN,nl,6,1
LAGERS,nl,6,1
MANWIJF,nl,6,1
WITSEL,nl,6,1
TRIOMF,nl,6,1
RIEKEN,nl,6,1
ZOETJE,nl,6,1
STIJLEN,nl,6,1
PRIORS,nl,6,1
SCHUUR,nl,6,1
KLONEN,nl,6,1
MISTIG,nl,6,1
IDIOOT,nl,6,1
AFNAME,nl,6,1
RIJKDOM,nl,6,1
CAHIER,nl,6,1
AFGANG,nl,6,1
MUSSEN,nl,6,1
SLOPEN,nl,6,1
BEZOEK,nl,6,1
ZUIPEN,nl,6,1
RELIEF,nl,6,1
BIJNAAM,nl,6,1
RITMES,nl,6,1
UITLEG,nl,6,1
ZOOIEN,nl,6,1
POTTEN,nl,6,1
BITTER,nl,6,1
LIJDERS,nl,6,1
VISSER,nl,6,1
LIEFJE,nl,6,1
MERGEL,nl,6,1
LIMOEN,nl,6,1
JASMIJN,nl,6,1
INTREK,nl,6,1
GRUTJE,nl,6,1
KURKJE,nl,6,1
DALING,nl,6,1
WALMEN,nl,6,1
NIETES,nl,6,1
TRUCKS,nl,6,1
ECHTEN,nl,6,1
RESPIJT,nl,6,1
BRETEL,nl,6,1
EZELIN,nl,6,1
ZUIGER,nl,6,1
VOEREN,nl,6,1
HOPSEN,nl,6,1
PISANG,nl,6,1
PUZZEL,nl,6,1
KRIJGEN,nl,6,1
BINDER,nl,6,1
REDERS,nl,6,1
LOYAAL,nl,6,1
KALVEN,nl,6,1
IMPULS,nl,6,1
ZIFTEN,nl,6,1
SHORTS,nl,6,1
MASKER,nl,6,1
ZONNEN,nl,6,1
MUTANT,nl,6,1
KRASJE,nl,6,1
RUGGEN,nl,6,1
PEDAAL,nl,6,1
PATSER,nl,6,1
KOPPIE,nl,6,1
PIESEN,nl,6,1
GERUIS,nl,6,1
LIJKZAK,nl,6,1
FONDUE,nl,6,1
CADANS,nl,6,1
SCHEUT,nl,6,1
KLEPEL,nl,6,1
VREDIG,nl,6,1
MOSSEL,nl,6,1
KERING,nl,6,1
LOOTJE,nl,6,1
TAPTOE,nl,6,1
OPMAAT,nl,6,1
PIEPEN,nl,6,1
ADEREN,nl,6,1
ZEIKEN,nl,6,1
TAXIEN,nl,6,1
HANDIG,nl,6,1
DAPPER,nl,6,1
KEMPEN,nl,6,1
KLEPJE,nl,6,1
WETTIG,nl,6,1
VERHIT,nl,6,1
PELZEN,nl,6,1
MOKKEN,nl,6,1
WIJDTES,nl,6,1
DUIVEN,nl,6,1
AVANCE,nl,6,1
NABUUR,nl,6,1
STIPJE,nl,6,1
KANOEN,nl,6,1
ZESJES,nl,6,1
PAASEI,nl,6,1
HALFOM,nl,6,1
TOLLEN,nl,6,1
WEDREN,nl,6,1
GERANT,nl,6,1
AMFORA,nl,6,1
EERVOL,nl,6,1
VODDIG,nl,6,1
TUMULT,nl,6,1
PALJAS,nl,6,1
LORRIE,nl,6,1
TEVEEL,nl,6,1
LIEFDE,nl,6,1
MESJES,nl,6,1
NAPRET,nl,6,1
BRIDGE,nl,6,1
NATIES,nl,6,1
MONDJE,nl,6,1
KAPING,nl,6,1
RIJTOER,nl,6,1
ONHEUS,nl,6,1
BIJNIER,nl,6,1
ALBINO,nl,6,1
KOSTER,nl,6,1
VACANT,nl,6,1
ROSKAM,nl,6,1
CLIMAX,nl,6,1
DONZIG,nl,6,1
GENIEP,nl,6,1
MINIMA,nl,6,1
BANNEN,nl,6,1
ALLEEN,nl,6,1
VERVEN,nl,6,1
BESMET,nl,6,1
TWEEEN,nl,6,1
TOMAAT,nl,6,1
NIEUWS,nl,6,1
PEUKEN,nl,6,1
DELGEN,nl,6,1
DULDEN,nl,6,1
SMEKEN,nl,6,1
HERRIE,nl,6,1
ONTZAG,nl,6,1
HUMEUR,nl,6,1
METERS,nl,6,1
TOBBES,nl,6,1
LIFTER,nl,6,1
MESTEN,nl,6,1
ALLANG,nl,6,1
WASLIJN,nl,6,1
NIESEN,nl,6,1
DUBBEL,nl,6,1
THEEEI,nl,6,1
BIEREN,nl,6,1
WISSEL,nl,6,1
RIEDEL,nl,6,1
GOSSIP,nl,6,1
POINTE,nl,6,1
ADEMEN,nl,6,1
KWIJTEN,nl,6,1
KNIJPER,nl,6,1
RELICT,nl,6,1
DASSEN,nl,6,1
SUIZEN,nl,6,1
TUKKEN,nl,6,1
SINGLE,nl,6,1
BESSEN,nl,6,1
STRAND,nl,6,1
BAKVIS,nl,6,1
KOPPIJN,nl,6,1
FLAPJE,nl,6,1
SCORES,nl,6,1
BAADJE,nl,6,1
STUREN,nl,6,1
LEIDEN,nl,6,1
REDDER,nl,6,1
DEUREN,nl,6,1
BONSAI,nl,6,1
SLIJPEN,nl,6,1
TOETER,nl,6,1
WARMTE,nl,6,1
ROEIEN,nl,6,1
NOMADE,nl,6,1
PLEITE,nl,6,1
ROTJES,nl,6,1
MARMOT,nl,6,1
VLOKJE,nl,6,1
GEKLAP,nl,6,1
MANEGE,nl,6,1
PANELS,nl,6,1
OORBEL,nl,6,1
KELDER,nl,6,1
ZONDEN,nl,6,1
PLAATS,nl,6,1
SHAWLS,nl,6,1
FLORIJN,nl,6,1
REGIME,nl,6,1
ESTERS,nl,6,1
ERFWET,nl,6,1
PANDER,nl,6,1
BUDGET,nl,6,1
ZIJGANG,nl,6,1
NUANCE,nl,6,1
VROLIJK,nl,6,1
STEELS,nl,6,1
ZESTIG,nl,6,1
OOGKAS,nl,6,1
BOSUIL,nl,6,1
ROMMEL,nl,6,1
KNAKEN,nl,6,1
KOTSEN,nl,6,1
POEZEN,nl,6,1
RIETEN,nl,6,1
MENHIR,nl,6,1
WIJZELF,nl,6,1
SARREN,nl,6,1
GEZIEN,nl,6,1
KRAMEN,nl,6,1
RUNNEN,nl,6,1
GIFTEN,nl,6,1
DRAVER,nl,6,1
SOEPEL,nl,6,1
KOKKIN,nl,6,1
ONKNAP,nl,6,1
GEUZEN,nl,6,1
SPEKJE,nl,6,1
ANTIEK,nl,6,1
PEUTER,nl,6,1
WOELIG,nl,6,1
VILTIG,nl,6,1
STOVEN,nl,6,1
LASTEN,nl,6,1
ZOEMER,nl,6,1
FRAUDE,nl,6,1
RIEMEN,nl,6,1
KOTTER,nl,6,1
TIENER,nl,6,1
SCHELP,nl,6,1
MOTIEF,nl,6,1
LOUTER,nl,6,1
TIMBRE,nl,6,1
AGENDA,nl,6,1
PLUCHE,nl,6,1
WESPEN,nl,6,1
DISSEL,nl,6,1
DIEFJE,nl,6,1
FIGUUR,nl,6,1
KNEDEN,nl,6,1
ZIJRAAM,nl,6,1
AANLEG,nl,6,1
AKKERS,nl,6,1
ROLLEN,nl,6,1
GETIKT,nl,6,1
VOORIN,nl,6,1
GEHEEL,nl,6,1
DWEPEN,nl,6,1
BEHANG,nl,6,1
KATERS,nl,6,1
DEMPER,nl,6,1
BENDES,nl,6,1
SENAAT,nl,6,1
WOLVEN,nl,6,1
LESDAG,nl,6,1
VRIJWEL,nl,6,1
MOTELS,nl,6,1
INVOER,nl,6,1
KAMFER,nl,6,1
FITTEN,nl,6,1
ROTSEN,nl,6,1
BLANCO,nl,6,1
ROKERIJ,nl,6,1
TINTEN,nl,6,1
HENGEL,nl,6,1
ZEEARM,nl,6,1
LOKKEN,nl,6,1
SPOREN,nl,6,1
ZOEVEN,nl,6,1
KRUKAS,nl,6,1
VERZET,nl,6,1
GEZANG,nl,6,1
BULTIG,nl,6,1
BEWIND,nl,6,1
BESTEK,nl,6,1
IDYLLE,nl,6,1
TAKKEN,nl,6,1
LAVABO,nl,6,1
MELKEN,nl,6,1
ROEREN,nl,6,1
KINDJE,nl,6,1
RODDEL,nl,6,1
EXCUUS,nl,6,1
KIKKER,nl,6,1
SNOTJE,nl,6,1
TENTEN,nl,6,1
CONSUL,nl,6,1
KAASJE,nl,6,1
DADELS,nl,6,1
SOMBER,nl,6,1
GEINIG,nl,6,1
MEUBEL,nl,6,1
EELTIG,nl,6,1
HOEVER,nl,6,1
PRACHT,nl,6,1
VONKEN,nl,6,1
PIJLTJE,nl,6,1
DUIVEL,nl,6,1
BABBEL,nl,6,1
HEITJE,nl,6,1
KRAKER,nl,6,1
TELGEN,nl,6,1
BOLLEN,nl,6,1
BOUTJE,nl,6,1
KORTOM,nl,6,1
MAKKER,nl,6,1
KODDIG,nl,6,1
MIDDEL,nl,6,1
LONTEN,nl,6,1
CACTUS,nl,6,1
LUSTIG,nl,6,1
STUNTS,nl,6,1
VADERS,nl,6,1
SIMPEL,nl,6,1
HARKEN,nl,6,1
SAPPIG,nl,6,1
CARBON,nl,6,1
PARDON,nl,6,1
CANARD,nl,6,1
ZOMERS,nl,6,1
OMRUIL,nl,6,1
UITWEG,nl,6,1
ERGENS,nl,6,1
SPERMA,nl,6,1
DIODES,nl,6,1
GEMIER,nl,6,1
TAKJES,nl,6,1
SOLIST,nl,6,1
GLOREN,nl,6,1
TENGEL,nl,6,1
POPDUO,nl,6,1
LABIEL,nl,6,1
ZOMPIG,nl,6,1
AAMBEI,nl,6,1
MEIDEN,nl,6,1
ESKIMO,nl,6,1
VIKING,nl,6,1
KOOTJE,nl,6,1
PRIJSJE,nl,6,1
ORGELS,nl,6,1
TOMBEN,nl,6,1
ONVAST,nl,6,1
ASPECT,nl,6,1
FLANEL,nl,6,1
TILLEN,nl,6,1
BOOTJE,nl,6,1
OMHAAL,nl,6,1
MAAIEN,nl,6,1
DUOBAK,nl,6,1
RETOUR,nl,6,1
RIOLEN,nl,6,1
BEFFEN,nl,6,1
IMPACT,nl,6,1
TUTTIG,nl,6,1
SULTAN,nl,6,1
PARING,nl,6,1
BOEFJE,nl,6,1
GEHEIM,nl,6,1
GRUWEL,nl,6,1
OOSTEN,nl,6,1
STEKER,nl,6,1
VETTIG,nl,6,1
HELPER,nl,6,1
OPTIEK,nl,6,1
STILTE,nl,6,1
SKIHUT,nl,6,1
SPEECH,nl,6,1
KABELS,nl,6,1
DIAKEN,nl,6,1
LIEVER,nl,6,1
HONDJE,nl,6,1
LIJFJES,nl,6,1
STEDEN,nl,6,1
EMBRYO,nl,6,1
SAFARI,nl,6,1
FILMER,nl,6,1
DANKEN,nl,6,1
KLEVEN,nl,6,1
ONKUIS,nl,6,1
BOKKEN,nl,6,1
PAFZAK,nl,6,1
BOTTEL,nl,6,1
DOOIER,nl,6,1
POLIEP,nl,6,1
BUKKEN,nl,6,1
ELEGIE,nl,6,1
CANCAN,nl,6,1
STAMPIJ,nl,6,1
WENSEN,nl,6,1
KOGELS,nl,6,1
KALMTE,nl,6,1
KRIBJE,nl,6,1
SEPTET,nl,6,1
RADIUM,nl,6,1
IDEEEL,nl,6,1
ZIEKTE,nl,6,1
RUKKEN,nl,6,1
BEOGEN,nl,6,1
BANAAL,nl,6,1
NOMINA,nl,6,1
DEKKEN,nl,6,1
VLEIEN,nl,6,1
STRUIF,nl,6,1
WURMEN,nl,6,1
KOETJE,nl,6,1
WIPPEN,nl,6,1
BILJET,nl,6,1
DUKAAT,nl,6,1
LINZEN,nl,6,1
BIKINI,nl,6,1
DEMPEN,nl,6,1
VLEGEL,nl,6,1
LOOPJE,nl,6,1
CARBID,nl,6,1
TANKER,nl,6,1
ACCIJNS,nl,6,1
ZINKEN,nl,6,1
PURPER,nl,6,1
KANNEN,nl,6,1
LANDJE,nl,6,1
CRYPTE,nl,6,1
VRIJAGE,nl,6,1
NUMERO,nl,6,1
KANTON,nl,6,1
ALTAAR,nl,6,1
HOUWEN,nl,6,1
ZEULEN,nl,6,1
SCHUIN,nl,6,1
NAASTE,nl,6,1
ERMEDE,nl,6,1
BODEMS,nl,6,1
REKEST,nl,6,1
UNFAIR,nl,6,1
GRIMAS,nl,6,1
HIPPIE,nl,6,1
HOEDER,nl,6,1
TRENDS,nl,6,1
OPHAAL,nl,6,1
FRESIA,nl,6,1
MOSLIM,nl,6,1
HENNEP,nl,6,1
KLAVER,nl,6,1
CONDOR,nl,6,1
WAARNA,nl,6,1
GROGGY,nl,6,1
ONDIER,nl,6,1
ATTENT,nl,6,1
ZALMEN,nl,6,1
HARDEN,nl,6,1
UURTJE,nl,6,1
ABSURD,nl,6,1
BALEIN,nl,6,1
HALSJE,nl,6,1
ONWEER,nl,6,1
LUIKEN,nl,6,1
ZWAGER,nl,6,1
STROEF,nl,6,1
BUIDEL,nl,6,1
TYPIST,nl,6,1
FREGAT,nl,6,1
JEZELF,nl,6,1
GONZEN,nl,6,1
ZALVEN,nl,6,1
KENNIS,nl,6,1
INNAME,nl,6,1
HALZEN,nl,6,1
WHISKY,nl,6,1
FETISJ,nl,6,1
FLESJE,nl,6,1
OPGAAN,nl,6,1
BOSJES,nl,6,1
GUTSEN,nl,6,1
DWAZEN,nl,6,1
GYMMEN,nl,6,1
RUIZEN,nl,6,1
BREKEN,nl,6,1
NETTEN,nl,6,1
BIOBAK,nl,6,1
ONMENS,nl,6,1
VIJLTJE,nl,6,1
BEDTIJD,nl,6,1
GLOBES,nl,6,1
KOELEN,nl,6,1
ZETTER,nl,6,1
TIEREN,nl,6,1
BEVING,nl,6,1
KROPJE,nl,6,1
PONSEN,nl,6,1
LINDEN,nl,6,1
MOSSIG,nl,6,1
DINERS,nl,6,1
BLANKE,nl,6,1
KANJER,nl,6,1
BOBBEL,nl,6,1
OMLAAG,nl,6,1
DARMEN,nl,6,1
EEUWEN,nl,6,1
IJSBAAN,nl,6,1
PORTIE,nl,6,1
CENTJE,nl,6,1
PASSEN,nl,6,1
IEMAND,nl,6,1
SLIERT,nl,6,1
ORAKEL,nl,6,1
GERIEF,nl,6,1
ROGJES,nl,6,1
ZITBAD,nl,6,1
POFFEN,nl,6,1
INTIEM,nl,6,1
HITTEN,nl,6,1
BORREL,nl,6,1
WAARIN,nl,6,1
OPTICA,nl,6,1
NORMEN,nl,6,1
PRAMEN,nl,6,1
STAGES,nl,6,1
KLUNEN,nl,6,1
MERRIE,nl,6,1
GOUDEN,nl,6,1
DIODEN,nl,6,1
WORDEN,nl,6,1
CIRKEL,nl,6,1
HAVENS,nl,6,1
PORREN,nl,6,1
DELVER,nl,6,1
RIBBEL,nl,6,1
DANKZIJ,nl,6,1
LEGERS,nl,6,1
TAKELS,nl,6,1
LOPERS,nl,6,1
AFBOUW,nl,6,1
VODDEN,nl,6,1
SPIJZEN,nl,6,1
CENTRA,nl,6,1
ELKEEN,nl,6,1
BIETJE,nl,6,1
LINKER,nl,6,1
KIEZEL,nl,6,1
IMMUUN,nl,6,1
NUMMER,nl,6,1
TROFEE,nl,6,1
WESTEN,nl,6,1
HORDEN,nl,6,1
STATUS,nl,6,1
DIEPEN,nl,6,1
STRONT,nl,6,1
PLAGEN,nl,6,1
TOFFEE,nl,6,1
GEPAST,nl,6,1
IJSBERG,nl,6,1
SKETCH,nl,6,1
GEDRAG,nl,6,1
SLAPIE,nl,6,1
BONKIG,nl,6,1
KEUTEL,nl,6,1
WEKKEN,nl,6,1
VINKEN,nl,6,1
GEISER,nl,6,1
VOCAAL,nl,6,1
WITKOP,nl,6,1
LENZEN,nl,6,1
LUIZEN,nl,6,1
WAAIER,nl,6,1
DOERAK,nl,6,1
BUITEN,nl,6,1
VIJFJES,nl,6,1
KARREN,nl,6,1
HUTJES,nl,6,1
TRANEN,nl,6,1
SUIKER,nl,6,1
VOEGEN,nl,6,1
DOKTER,nl,6,1
TASTEN,nl,6,1
ONWAAR,nl,6,1
WIJSJES,nl,6,1
PILSJE,nl,6,1
SLEPEN,nl,6,1
SCHOFT,nl,6,1
ELIXER,nl,6,1
HAPJES,nl,6,1
KIPPIG,nl,6,1
CIPIER,nl,6,1
TEHUIS,nl,6,1
RAVAGE,nl,6,1
JASPIS,nl,6,1
STIJVEN,nl,6,1
BOUWEN,nl,6,1
NUDIST,nl,6,1
LIEDEN,nl,6,1
NEIGEN,nl,6,1
MAAIER,nl,6,1
HERTOG,nl,6,1
BELAST,nl,6,1
BIJTJES,nl,6,1
GAARNE,nl,6,1
KRALEN,nl,6,1
WASSEN,nl,6,1
FACADE,nl,6,1
PLUNJE,nl,6,1
BADPAK,nl,6,1
RABBIJN,nl,6,1
POKKEN,nl,6,1
NEPBOM,nl,6,1
KRAGEN,nl,6,1
TALUDS,nl,6,1
RAMMEN,nl,6,1
IMMERS,nl,6,1
ORKAAN,nl,6,1
VORMEN,nl,6,1
KUCHEN,nl,6,1
KAPPER,nl,6,1
BLIKJE,nl,6,1
AANWAS,nl,6,1
ENGERD,nl,6,1
VLAKBIJ,nl,6,1
FOLTER,nl,6,1
BOKAAL,nl,6,1
GEWAAD,nl,6,1
KOKKEL,nl,6,1
POGROM,nl,6,1
VANGEN,nl,6,1
WARRIG,nl,6,1
ETUDES,nl,6,1
PEGELS,nl,6,1
REFLEX,nl,6,1
LIPJES,nl,6,1
ZAKJES,nl,6,1
MENNEN,nl,6,1
DIPPEN,nl,6,1
DURVEN,nl,6,1
FOELIE,nl,6,1
MEUTEN,nl,6,1
DORSEN,nl,6,1
AFTRAP,nl,6,1
BELEID,nl,6,1
STAPJE,nl,6,1
BRONST,nl,6,1
OBJECT,nl,6,1
HERNIA,nl,6,1
IJSPRET,nl,6,1
SLECHT,nl,6,1
KIEREN,nl,6,1
TOPPEN,nl,6,1
SPRUIT,nl,6,1
BLADEN,nl,6,1
INTERN,nl,6,1
NEUTJE,nl,6,1
PUTSCH,nl,6,1
KASTEN,nl,6,1
BASSIN,nl,6,1
BANKEN,nl,6,1
JINGLE,nl,6,1
VENKEL,nl,6,1
BERGIJS,nl,6,1
HACHJE,nl,6,1
RESUME,nl,6,1
KERELS,nl,6,1
SCHANS,nl,6,1
TEKORT,nl,6,1
WEIDEN,nl,6,1
MEIBOK,nl,6,1
VAASJE,nl,6,1
LACHEN,nl,6,1
VALKEN,nl,6,1
GENRES,nl,6,1
FOYERS,nl,6,1
VEZELS,nl,6,1
BLAKEN,nl,6,1
JULLIE,nl,6,1
OMVANG,nl,6,1
KIJKUIT,nl,6,1
STOBBE,nl,6,1
MOEITE,nl,6,1
CHALET,nl,6,1
ROVERIJ,nl,6,1
KARPER,nl,6,1
PLEKJE,nl,6,1
SALAMI,nl,6,1
DARTEL,nl,6,1
WECKEN,nl,6,1
INKEER,nl,6,1
DRIJVER,nl,6,1
RENTES,nl,6,1
MOLTON,nl,6,1
SMADEN,nl,6,1
FOEFJE,nl,6,1
COMITE,nl,6,1
KATJES,nl,6,1
STUKJE,nl,6,1
JASZAK,nl,6,1
SOMMEN,nl,6,1
SPRONG,nl,6,1
DORPEL,nl,6,1
ACTIVA,nl,6,1
BAKLAP,nl,6,1
TUIGJE,nl,6,1
RIKSJA,nl,6,1
APLOMB,nl,6,1
WEETAL,nl,6,1
DEFILE,nl,6,1
POPJES,nl,6,1
KREKEL,nl,6,1
JETLAG,nl,6,1
STOKJE,nl,6,1
WOLLEN,nl,6,1
MONADE,nl,6,1
ZETTEN,nl,6,1
OEROUD,nl,6,1
TINNEN,nl,6,1
MATRIJS,nl,6,1
NOPJES,nl,6,1
LEUGEN,nl,6,1
VEILEN,nl,6,1
DRACHT,nl,6,1
WOEDEN,nl,6,1
TAPIRS,nl,6,1
SCHERF,nl,6,1
PRIJZEN,nl,6,1
REMWEG,nl,6,1
MUTSJE,nl,6,1
BUSSEN,nl,6,1
DIKZAK,nl,6,1
ACACIA,nl,6,1
CLAXON,nl,6,1
PASPOP,nl,6,1
AFLAAT,nl,6,1
MOMENT,nl,6,1
RICHEL,nl,6,1
RANDEN,nl,6,1
KAFFER,nl,6,1
KABAAL,nl,6,1
PROCES,nl,6,1
DENKEN,nl,6,1
ROCKEN,nl,6,1
KORTBIJ,nl,6,1
SATIRE,nl,6,1
SPUGEN,nl,6,1
TERMIJN,nl,6,1
HEELAL,nl,6,1
STOKEN,nl,6,1
DAAROM,nl,6,1
VIEREN,nl,6,1
SUKKEL,nl,6,1
TOUPET,nl,6,1
ATLEET,nl,6,1
VILLEN,nl,6,1
LADING,nl,6,1
NARWAL,nl,6,1
ANGORA,nl,6,1
VARENS,nl,6,1
MUZIEK,nl,6,1
JAKKES,nl,6,1
ROVERS,nl,6,1
WINDAS,nl,6,1
VOUWEN,nl,6,1
ADDERS,nl,6,1
ZEEMIJN,nl,6,1
TOLVRIJ,nl,6,1
BLOZEN,nl,6,1
LEVENS,nl,6,1
DODDIG,nl,6,1
PINTJE,nl,6,1
STUWEN,nl,6,1
KOMIEK,nl,6,1
CRECHE,nl,6,1
TIPTOP,nl,6,1
GEBRAL,nl,6,1
ETIKET,nl,6,1
DONKER,nl,6,1
MINEUR,nl,6,1
HULSEL,nl,6,1
TEMPEL,nl,6,1
LYCHEE,nl,6,1
WAFELS,nl,6,1
VUNZIG,nl,6,1
KUIPEN,nl,6,1
BUSRIT,nl,6,1
RAGGEN,nl,6,1
ROOSJE,nl,6,1
VIJFTIG,nl,6,1
INEENS,nl,6,1
BAZAAR,nl,6,1
BEREIK,nl,6,1
TIJGERS,nl,6,1
CHOKEN,nl,6,1
CLAIMS,nl,6,1
POMPEN,nl,6,1
GIRAAL,nl,6,1
ATLETE,nl,6,1
TABOES,nl,6,1
LAWINE,nl,6,1
VINDER,nl,6,1
PIEPJE,nl,6,1
RUITJE,nl,6,1
THESIS,nl,6,1
RESIDU,nl,6,1
HEEMST,nl,6,1
KIEZEN,nl,6,1
PEDELS,nl,6,1
JEGENS,nl,6,1
LUSJES,nl,6,1
POOTJE,nl,6,1
DAHLIA,nl,6,1
PLOERT,nl,6,1
SOLIDE,nl,6,1
LEMMET,nl,6,1
OUDERS,nl,6,1
DUITEN,nl,6,1
SCHONE,nl,6,1
STAPEL,nl,6,1
WENKEN,nl,6,1
DOFFEN,nl,6,1
BUIKEN,nl,6,1
KACHEL,nl,6,1
WEGWIJS,nl,6,1
BEGAAN,nl,6,1
HONGER,nl,6,1
BORDEN,nl,6,1
MUISJE,nl,6,1
WERVER,nl,6,1
NATTIG,nl,6,1
MOESJE,nl,6,1
SOUPER,nl,6,1
PERKEN,nl,6,1
OCTAAF,nl,6,1
MOTTIG,nl,6,1
MOOTJE,nl,6,1
ARMADA,nl,6,1
SNEDIG,nl,6,1
PISSIG,nl,6,1
SISSER,nl,6,1
HAPPEN,nl,6,1
BORING,nl,6,1
TIKJES,nl,6,1
BRODEN,nl,6,1
VESTEN,nl,6,1
DIENEN,nl,6,1
SCHUIM,nl,6,1
REGELS,nl,6,1
TERMEN,nl,6,1
FIXEER,nl,6,1
TWIJGEN,nl,6,1
ZINNIG,nl,6,1
HARNAS,nl,6,1
BEDRAG,nl,6,1
AAPJES,nl,6,1
BODEGA,nl,6,1
ROMPEN,nl,6,1
MANDEN,nl,6,1
SYNODE,nl,6,1
HEUVEL,nl,6,1
GENIUS,nl,6,1
MANCHE,nl,6,1
HIEROP,nl,6,1
ROGGEN,nl,6,1
FACTOR,nl,6,1
DANSER,nl,6,1
FITTER,nl,6,1
BOERIN,nl,6,1
DOETJE,nl,6,1
GIFPIJL,nl,6,1
SCHOUT,nl,6,1
DEVOOT,nl,6,1
ZIJVLAK,nl,6,1
KORREL,nl,6,1
MAJEUR,nl,6,1
TOTDAT,nl,6,1
WILDEN,nl,6,1
GEJOEL,nl,6,1
INSECT,nl,6,1
BOWLEN,nl,6,1
SPEREN,nl,6,1
BIDDEN,nl,6,1
MIMIEK,nl,6,1
RECHTE,nl,6,1
RAMMEL,nl,6,1
MENING,nl,6,1
DELICT,nl,6,1
KITSEN,nl,6,1
KNEVEL,nl,6,1
PITTEN,nl,6,1
FINALE,nl,6,1
REERUG,nl,6,1
BIECHT,nl,6,1
INTENS,nl,6,1
MAKELIJ,nl,6,1
HELAAS,nl,6,1
BIJSLAG,nl,6,1
PONDEN,nl,6,1
NAUWTE,nl,6,1
SOKKEN,nl,6,1
DOOIEN,nl,6,1
KIFTEN,nl,6,1
NEKKEN,nl,6,1
CEMENT,nl,6,1
POSTER,nl,6,1
TUITJE,nl,6,1
OCEAAN,nl,6,1
FOKVEE,nl,6,1
NONNEN,nl,6,1
GEKKER,nl,6,1
LOBBEN,nl,6,1
KOFFIE,nl,6,1
OVERAL,nl,6,1
MIERIK,nl,6,1
DEKBED,nl,6,1
SPANEN,nl,6,1
PLAIDS,nl,6,1
JUISTE,nl,6,1
ZONNIG,nl,6,1
KANSEN,nl,6,1
POSEUR,nl,6,1
IJVERIG,nl,6,1
MAKKIE,nl,6,1
ALGAUW,nl,6,1
KRUKJE,nl,6,1
PYGMEE,nl,6,1
KALIEF,nl,6,1
TREDEN,nl,6,1
SCHETS,nl,6,1
HACHEE,nl,6,1
STADIA,nl,6,1
HAKMES,nl,6,1
GESMAK,nl,6,1
SERUMS,nl,6,1
WERELD,nl,6,1
BORDES,nl,6,1
ZEUGEN,nl,6,1
GLIJDEN,nl,6,1
LEIDER,nl,6,1
BALKON,nl,6,1
TROELA,nl,6,1
TENGER,nl,6,1
ROOMIJS,nl,6,1
DIJKVAK,nl,6,1
REVENU,nl,6,1
LOEIEN,nl,6,1
SLOTEN,nl,6,1
PISTES,nl,6,1
SNIJMES,nl,6,1
GARANT,nl,6,1
SLUIER,nl,6,1
SEINEN,nl,6,1
EXODUS,nl,6,1
ZEILEN,nl,6,1
PARAAF,nl,6,1
GENADE,nl,6,1
AALTJE,nl,6,1
ZORGEN,nl,6,1
OPMARS,nl,6,1
ZITZAK,nl,6,1
HARTIG,nl,6,1
GOEDIG,nl,6,1
AUCTIE,nl,6,1
LONGEN,nl,6,1
TASJES,nl,6,1
WIJZERS,nl,6,1
AANVAL,nl,6,1
OVATIE,nl,6,1
PITJES,nl,6,1
PRATEN,nl,6,1
DIKBIL,nl,6,1
VEELAL,nl,6,1
SCHORS,nl,6,1
WRAKEN,nl,6,1
GELAAT,nl,6,1
VENDEL,nl,6,1
LATTEN,nl,6,1
OUBLIE,nl,6,1
NIETIG,nl,6,1
BALGEN,nl,6,1
PONDJE,nl,6,1
ETAGES,nl,6,1
KUILEN,nl,6,1
BALPEN,nl,6,1
IDIOOM,nl,6,1
GAFFEL,nl,6,1
GENOEG,nl,6,1
KERNEN,nl,6,1
JACKET,nl,6,1
KEGELS,nl,6,1
TUITEN,nl,6,1
REKKEN,nl,6,1
SPATEL,nl,6,1
SHIRTS,nl,6,1
STRENG,nl,6,1
STRESS,nl,6,1
LESSEN,nl,6,1
PIEKEN,nl,6,1
KATERN,nl,6,1
ONGEIN,nl,6,1
RAPPEN,nl,6,1
LOEDER,nl,6,1
NOVEEN,nl,6,1
VERGIF,nl,6,1
FICTIE,nl,6,1
WIMPEL,nl,6,1
METAAL,nl,6,1
LINTEN,nl,6,1
ERNAAR,nl,6,1
OPGANG,nl,6,1
MUITER,nl,6,1
VEILIG,nl,6,1
ZEEAAL,nl,6,1
LABELS,nl,6,1
NASPEL,nl,6,1
GRETIG,nl,6,1
KOPJES,nl,6,1
GEVOLG,nl,6,1
WALRUS,nl,6,1
ZEEROT,nl,6,1
OORTJE,nl,6,1
PREMIE,nl,6,1
BRASEM,nl,6,1
TURNEN,nl,6,1
OLIJVEN,nl,6,1
RETURN,nl,6,1
GOKHAL,nl,6,1
MOPPIE,nl,6,1
DEUKEN,nl,6,1
ZESTAL,nl,6,1
RUISEN,nl,6,1
GRAZIG,nl,6,1
FRANJE,nl,6,1
VOOGDIJ,nl,6,1
PATHOS,nl,6,1
GEZANT,nl,6,1
CHAOOT,nl,6,1
TOXINE,nl,6,1
SCHEEF,nl,6,1
ZELFDE,nl,6,1
GREBBE,nl,6,1
DOOSJE,nl,6,1
KIRREN,nl,6,1
PAUZEN,nl,6,1
CLOACA,nl,6,1
DEINEN,nl,6,1
DUNNEN,nl,6,1
JONKER,nl,6,1
SCHULD,nl,6,1
POMPJE,nl,6,1
MUSKET,nl,6,1
PURIST,nl,6,1
FINEER,nl,6,1
GISTER,nl,6,1
BAKVET,nl,6,1
JATTEN,nl,6,1
STENEN,nl,6,1
ZUILEN,nl,6,1
LEUNEN,nl,6,1
PUNTJE,nl,6,1
PANTER,nl,6,1
TUMORS,nl,6,1
ASFALT,nl,6,1
PALLET,nl,6,1
HARSEN,nl,6,1
ZEEROB,nl,6,1
UMLAUT,nl,6,1
TIJDBOM,nl,6,1
SCHAAP,nl,6,1
SAVOOI,nl,6,1
PINKEN,nl,6,1
HOUDEN,nl,6,1
GALANT,nl,6,1
ACHTER,nl,6,1
ZIJRUIT,nl,6,1
KOSMOS,nl,6,1
GOSPEL,nl,6,1
ZATLAP,nl,6,1
ZIJWIND,nl,6,1
KROKET,nl,6,1
OPBOUW,nl,6,1
BELLEN,nl,6,1
GRADEN,nl,6,1
SLAGEN,nl,6,1
KOUSJE,nl,6,1
STATIE,nl,6,1
GIFGAS,nl,6,1
ASBEST,nl,6,1
DUURTE,nl,6,1
ZIELEN,nl,6,1
REUZEN,nl,6,1
EXPRES,nl,6,1
GERUST,nl,6,1
HELDEN,nl,6,1
LULLIG,nl,6,1
MOEREN,nl,6,1
WAARBIJ,nl,6,1
EGARDS,nl,6,1
DOEKEN,nl,6,1
PONCHO,nl,6,1
KURKEN,nl,6,1
WAAIEN,nl,6,1
OFFSET,nl,6,1
TIRADE,nl,6,1
OPINIE,nl,6,1
APPELS,nl,6,1
KETTER,nl,6,1
PAADJE,nl,6,1
BAKKER,nl,6,1
GESELS,nl,6,1
STILLE,nl,6,1
KRIJSEN,nl,6,1
BEULEN,nl,6,1
TOTEMS,nl,6,1
BEVERS,nl,6,1
LENDEN,nl,6,1
LUKKEN,nl,6,1
MIEREN,nl,6,1
INCEST,nl,6,1
SUSSEN,nl,6,1
STALEN,nl,6,1
RANDJE,nl,6,1
NEUTEN,nl,6,1
EMMERS,nl,6,1
ZAPPEN,nl,6,1
MASTEN,nl,6,1
EKSTER,nl,6,1
HOOIEN,nl,6,1
KERSEN,nl,6,1
HUPPEN,nl,6,1
BIKKEL,nl,6,1
GRIJPEN,nl,6,1
GLORIA,nl,6,1
JUNGLE,nl,6,1
HANGEN,nl,6,1
MODAAL,nl,6,1
BIZONS,nl,6,1
OCCULT,nl,6,1
BOLERO,nl,6,1
HOPPEN,nl,6,1
BAGGER,nl,6,1
GESPEN,nl,6,1
KANTEN,nl,6,1
TIENEN,nl,6,1
GORDIJN,nl,6,1
KADUUK,nl,6,1
EIKELS,nl,6,1
CLOSET,nl,6,1
ROTTEN,nl,6,1
VOORAF,nl,6,1
RIVALE,nl,6,1
PALING,nl,6,1
TIMING,nl,6,1
SAUCIJS,nl,6,1
DUNKEN,nl,6,1
METEEN,nl,6,1
MOLLEN,nl,6,1
DWALEN,nl,6,1
JARGON,nl,6,1
TANDEN,nl,6,1
MAMMIE,nl,6,1
WILLIG,nl,6,1
LEVERS,nl,6,1
SJALOT,nl,6,1
PINGEL,nl,6,1
RONDES,nl,6,1
RASPEN,nl,6,1
ALINEA,nl,6,1
TOPJES,nl,6,1
LELIES,nl,6,1
LENERS,nl,6,1
PAPAJA,nl,6,1
VRIEND,nl,6,1
HETERO,nl,6,1
KEUREN,nl,6,1
HAAKJE,nl,6,1
SLEPER,nl,6,1
ZIEKEN,nl,6,1
SABBAT,nl,6,1
PARTEN,nl,6,1
ZOZEER,nl,6,1
AFMARS,nl,6,1
BANDEN,nl,6,1
KALFJE,nl,6,1
SNACKS,nl,6,1
LOGIES,nl,6,1
EQUIPE,nl,6,1
FOOIEN,nl,6,1
RUPSJE,nl,6,1
HARPEN,nl,6,1
NAIJVER,nl,6,1
STEEDS,nl,6,1
BEWUST,nl,6,1
EENDER,nl,6,1
BARMAN,nl,6,1
HELDIN,nl,6,1
LOBBIG,nl,6,1
GIERIG,nl,6,1
DOLKEN,nl,6,1
INSTAP,nl,6,1
BESTEL,nl,6,1
SAMSAM,nl,6,1
GAMMEL,nl,6,1
ZOVEEL,nl,6,1
SOEPEN,nl,6,1
NEGERS,nl,6,1
ZODIAK,nl,6,1
SPRANG,nl,6,1
EXPERT,nl,6,1
OPEENS,nl,6,1
STAART,nl,6,1
DENNEN,nl,6,1
AGEREN,nl,6,1
NATTEN,nl,6,1
HOEPEL,nl,6,1
PUMMEL,nl,6,1
OVALEN,nl,6,1
TOPHIT,nl,6,1
SADIST,nl,6,1
BOEKEN,nl,6,1
MINDER,nl,6,1
AFKOOP,nl,6,1
LEPPEN,nl,6,1
SMACHT,nl,6,1
TULPEN,nl,6,1
NEEFJE,nl,6,1
KLABAK,nl,6,1
ZIJDEUR,nl,6,1
ZOENEN,nl,6,1
MOTIES,nl,6,1
SCHOEN,nl,6,1
BADCEL,nl,6,1
ZITJES,nl,6,1
RACERIJ,nl,6,1
KAPJES,nl,6,1
AARDIG,nl,6,1
ALSDAN,nl,6,1
DOEMEN,nl,6,1
VAGANT,nl,6,1
NARREN,nl,6,1
CELLEN,nl,6,1
FIKSEN,nl,6,1
STROFE,nl,6,1
ANDERS,nl,6,1
KOBOLD,nl,6,1
KWALIJK,nl,6,1
SPINET,nl,6,1
WERVEL,nl,6,1
MONDEN,nl,6,1
KLEIEN,nl,6,1
KLOKJE,nl,6,1
AUGURK,nl,6,1
MENTOR,nl,6,1
RUINES,nl,6,1
IKZELF,nl,6,1
SPENEN,nl,6,1
EENDJE,nl,6,1
ROKJES,nl,6,1
RUITEN,nl,6,1
BAMBOE,nl,6,1
WIJNREK,nl,6,1
TIJDVAK,nl,6,1
REGENT,nl,6,1
EROVER,nl,6,1
FLOPPY,nl,6,1
PROEST,nl,6,1
MEDICI,nl,6,1
AFLOOP,nl,6,1
IJKMAAT,nl,6,1
TAMPON,nl,6,1
JOGGEN,nl,6,1
STIGMA,nl,6,1
VISJES,nl,6,1
STADJE,nl,6,1
VALIES,nl,6,1
RAZEND,nl,6,1
KREEFT,nl,6,1
DERVEN,nl,6,1
BEGRIP,nl,6,1
MEISKE,nl,6,1
OTTERS,nl,6,1
GIGANT,nl,6,1
HELING,nl,6,1
ZWAARD,nl,6,1
TITAAN,nl,6,1
REEBOK,nl,6,1
GEWOON,nl,6,1
METRUM,nl,6,1
HEUPEN,nl,6,1
WIRWAR,nl,6,1
DRIJFAS,nl,6,1
NEUZEN,nl,6,1
DROMEN,nl,6,1
GELDLA,nl,6,1
LATJES,nl,6,1
BLEKEN,nl,6,1
VELLEN,nl,6,1
AFZIEN,nl,6,1
ADONIS,nl,6,1
LEKVRIJ,nl,6,1
ZALFJE,nl,6,1
RECTUM,nl,6,1
BINTJE,nl,6,1
PEPPIL,nl,6,1
VOLGER,nl,6,1
TIKKEN,nl,6,1
BORGEN,nl,6,1
MANGEL,nl,6,1
GEDIJEN,nl,6,1
KLAGER,nl,6,1
GRATIS,nl,6,1
ZOUTIG,nl,6,1
OFFERS,nl,6,1
SPEELS,nl,6,1
EXAMEN,nl,6,1
ZEVENS,nl,6,1
KERVEL,nl,6,1
FOKKER,nl,6,1
SCHIMP,nl,6,1
PAFFEN,nl,6,1
PAKKET,nl,6,1
FRITES,nl,6,1
ANJERS,nl,6,1
ZUSJES,nl,6,1
KUIFJE,nl,6,1
SMALEN,nl,6,1
HINDER,nl,6,1
PYJAMA,nl,6,1
WEINIG,nl,6,1
TOEVAL,nl,6,1
BUFFER,nl,6,1
BEUREN,nl,6,1
DROGEN,nl,6,1
WIJNTJE,nl,6,1
WEEROM,nl,6,1
VIJFTAL,nl,6,1
NETELS,nl,6,1
UITVAL,nl,6,1
WIELEN,nl,6,1
ALGOED,nl,6,1
GANZEN,nl,6,1
GIEREN,nl,6,1
DEBUUT,nl,6,1
SHERPA,nl,6,1
WAGONS,nl,6,1
MAZZEL,nl,6,1
STOMME,nl,6,1
DUFFEL,nl,6,1
DAARIN,nl,6,1
TOEKAN,nl,6,1
GRATEN,nl,6,1
KOKERS,nl,6,1
POTVIS,nl,6,1
TENUES,nl,6,1
HELDER,nl,6,1
ZEEMAN,nl,6,1
WIMPER,nl,6,1
FINISH,nl,6,1
WANDEN,nl,6,1
WEKKER,nl,6,1
KWAKEN,nl,6,1
RONDEN,nl,6,1
BOTJES,nl,6,1
ETAPPE,nl,6,1
ZOETIG,nl,6,1
KAFTEN,nl,6,1
KARPET,nl,6,1
KUDDES,nl,6,1
UITRIT,nl,6,1
SECTIE,nl,6,1
WAKKEN,nl,6,1
NOPPEN,nl,6,1
HOSTIE,nl,6,1
TOBBEN,nl,6,1
TOILET,nl,6,1
PANNEN,nl,6,1
KUBIST,nl,6,1
JAGUAR,nl,6,1
ZEEWEG,nl,6,1
SPRINT,nl,6,1
BAKENS,nl,6,1
CANAPE,nl,6,1
GAREEL,nl,6,1
BEUKEN,nl,6,1
FAKKEL,nl,6,1
MOPPEN,nl,6,1
GEHOOR,nl,6,1
GASBEL,nl,6,1
KONGSI,nl,6,1
HANGER,nl,6,1
HAMERS,nl,6,1
HEGJES,nl,6,1
DANSEN,nl,6,1
STRONK,nl,6,1
ROCHEL,nl,6,1
TOETJE,nl,6,1
KORSET,nl,6,1
DROZEN,nl,6,1
DUIKER,nl,6,1
GULPEN,nl,6,1
VOODOO,nl,6,1
LIEREN,nl,6,1
VETVRIJ,nl,6,1
AREAAL,nl,6,1
WERVEN,nl,6,1
EILAND,nl,6,1
GERAAS,nl,6,1
GEVULD,nl,6,1
BEHEER,nl,6,1
VIGNET,nl,6,1
KISTJE,nl,6,1
KOPPEL,nl,6,1
BINKEN,nl,6,1
KAPOEN,nl,6,1
ROEDEL,nl,6,1
JARIGE,nl,6,1
WELDRA,nl,6,1
VISWIJF,nl,6,1
DAARBIJ,nl,6,1
DOMKOP,nl,6,1
GILLEN,nl,6,1
BEZIEN,nl,6,1
PARKEN,nl,6,1
VALIUM,nl,6,1
ZEGELS,nl,6,1
BANKET,nl,6,1
ATRIUM,nl,6,1
KENNEN,nl,6,1
ETHIEK,nl,6,1
WATJES,nl,6,1
AFSTEL,nl,6,1
SCHAAF,nl,6,1
MUDVOL,nl,6,1
BEMIND,nl,6,1
POEDER,nl,6,1
MUSJES,nl,6,1
OLIJFJE,nl,6,1
BENARD,nl,6,1
SNEEUW,nl,6,1
NEKVEL,nl,6,1
OPSTAP,nl,6,1
SINTEL,nl,6,1
DRAVEN,nl,6,1
MOLOCH,nl,6,1
ROUWEN,nl,6,1
DEERNE,nl,6,1
PROPJE,nl,6,1
NOVICE,nl,6,1
LAMZAK,nl,6,1
GENIET,nl,6,1
MEPPEN,nl,6,1
OUTFIT,nl,6,1
PANEEL,nl,6,1
HAMLAP,nl,6,1
KIEMEN,nl,6,1
VLAKTE,nl,6,1
GELUID,nl,6,1
FILTER,nl,6,1
STOTEN,nl,6,1
SPIJTIG,nl,6,1
LOLLIG,nl,6,1
ALTSAX,nl,6,1
SALADE,nl,6,1
SEXTET,nl,6,1
LOMPEN,nl,6,1
KRUIEN,nl,6,1
HOSPES,nl,6,1
BUSLIJN,nl,6,1
IJZELEN,nl,6,1
VERSUS,nl,6,1
BIGGEN,nl,6,1
UITEEN,nl,6,1
LEGKIP,nl,6,1
POULET,nl,6,1
BUNDEL,nl,6,1
CULTUS,nl,6,1
GRAVIN,nl,6,1
PERRON,nl,6,1
WITLOF,nl,6,1
RAGDUN,nl,6,1
TERING,nl,6,1
GISSEN,nl,6,1
ECLIPS,nl,6,1
BRANIE,nl,6,1
RIVAAL,nl,6,1
OORLAM,nl,6,1
GEMOED,nl,6,1
HOESJE,nl,6,1
RUSHES,nl,6,1
ROEPER,nl,6,1
EERDER,nl,6,1
VLECHT,nl,6,1
TOPAAS,nl,6,1
GORGEL,nl,6,1
ZIJMUUR,nl,6,1
KIJKGAT,nl,6,1
GEINEN,nl,6,1
KUNDIG,nl,6,1
STILET,nl,6,1
ZONDER,nl,6,1
KOLFJE,nl,6,1
INKTEN,nl,6,1
SERIES,nl,6,1
KOELTE,nl,6,1
JASSEN,nl,6,1
VACUUM,nl,6,1
STREEK,nl,6,1
ELLIPS,nl,6,1
WASZAK,nl,6,1
VLAGEN,nl,6,1
REALEN,nl,6,1
UITBAL,nl,6,1
INKOOP,nl,6,1
EIROND,nl,6,1
SPLITS,nl,6,1
PUNTIG,nl,6,1
RUGVIN,nl,6,1
LISTEN,nl,6,1
MIDDEN,nl,6,1
SLIJMEN,nl,6,1
NIKKEL,nl,6,1
KORDON,nl,6,1
COUPES,nl,6,1
LAGUNE,nl,6,1
NAAPEN,nl,6,1
NAPALM,nl,6,1
ONREIN,nl,6,1
DIEPTE,nl,6,1
BUTAAN,nl,6,1
HUIDIG,nl,6,1
MIKKEN,nl,6,1
CHARME,nl,6,1
SLAGER,nl,6,1
VORKEN,nl,6,1
RAGOUT,nl,6,1
RIKSEN,nl,6,1
SASSEN,nl,6,1
BANJER,nl,6,1
RAUWIG,nl,6,1
WREKER,nl,6,1
TUFFEN,nl,6,1
CHIQUE,nl,6,1
TEPELS,nl,6,1
BONBON,nl,6,1
INZAGE,nl,6,1
NUKKIG,nl,6,1
BOKTOR,nl,6,1
PAPZAK,nl,6,1
PISBAK,nl,6,1
SIROOP,nl,6,1
CORVEE,nl,6,1
MIHOEN,nl,6,1
ONGANS,nl,6,1
BEDERF,nl,6,1
BOEKJE,nl,6,1
BOEKET,nl,6,1
TRUIEN,nl,6,1
SUITES,nl,6,1
HAASJE,nl,6,1
NAGAAN,nl,6,1
SPELEN,nl,6,1
NOTIES,nl,6,1
JAMPOT,nl,6,1
DIESEL,nl,6,1
RIJTJES,nl,6,1
GRANEN,nl,6,1
DECENT,nl,6,1
BAKKES,nl,6,1
TEUTEN,nl,6,1
LOKAAL,nl,6,1
METING,nl,6,1
GEDULD,nl,6,1
MIJLTJE,nl,6,1
RITSEN,nl,6,1
STROOP,nl,6,1
HEFTIG,nl,6,1
MUMMIE,nl,6,1
HANDEN,nl,6,1
LEKKEN,nl,6,1
BEKAKT,nl,6,1
BLAREN,nl,6,1
KUIVEN,nl,6,1
ROYAAL,nl,6,1
EPISCH,nl,6,1
KIMONO,nl,6,1
KLOPJE,nl,6,1
PUTTER,nl,6,1
SKIPAK,nl,6,1
MODULE,nl,6,1
KATOEN,nl,6,1
NAZIEN,nl,6,1
BETIJEN,nl,6,1
KOPERS,nl,6,1
ERKEND,nl,6,1
MORSEN,nl,6,1
POSTEN,nl,6,1
TEKKEL,nl,6,1
MUIZEN,nl,6,1
TAPPEN,nl,6,1
GERING,nl,6,1
FACTIE,nl,6,1
GERAMD,nl,6,1
ZAADJE,nl,6,1
CHEQUE,nl,6,1
INZIEN,nl,6,1
WEERGA,nl,6,1
LOOIEN,nl,6,1
LINTJE,nl,6,1
BALLET,nl,6,1
IJLINGS,nl,6,1
FRATER,nl,6,1
PINNEN,nl,6,1
LIKKEN,nl,6,1
BUFFET,nl,6,1
ZWANEN,nl,6,1
NAZAAT,nl,6,1
SCOREN,nl,6,1
MIXERS,nl,6,1
SLIJTEN,nl,6,1
FIDEEL,nl,6,1
DRAGEN,nl,6,1
EXPOSE,nl,6,1
VARKEN,nl,6,1
ROSSIG,nl,6,1
TOPTIJD,nl,6,1
KOMAAN,nl,6,1
LEKBAK,nl,6,1
GEMAAL,nl,6,1
OMHEEN,nl,6,1
LEZERS,nl,6,1
BRUUSK,nl,6,1
ARREST,nl,6,1
HOSSEN,nl,6,1
GEBAAR,nl,6,1
SPADEN,nl,6,1
VINNIG,nl,6,1
IJSKAST,nl,6,1
MANIER,nl,6,1
GRIJPER,nl,6,1
EINDEN,nl,6,1
GEULEN,nl,6,1
KANSJE,nl,6,1
NONKEL,nl,6,1
PIELEN,nl,6,1
PINTEN,nl,6,1
STRAAT,nl,6,1
MATRAS,nl,6,1
ACTIES,nl,6,1
LURKEN,nl,6,1
GRUWEN,nl,6,1
LOUNGE,nl,6,1
HOEZEN,nl,6,1
BOTSEN,nl,6,1
SLIJPER,nl,6,1
DESSIN,nl,6,1
BELANG,nl,6,1
VERWIJT,nl,6,1
DOMOOR,nl,6,1
DRAKEN,nl,6,1
DOPPEN,nl,6,1
ADVIES,nl,6,1
HARTJE,nl,6,1
WILGEN,nl,6,1
JASSES,nl,6,1
SPIJKER,nl,6,1
FUNEST,nl,6,1
MAFFEN,nl,6,1
IDOLEN,nl,6,1
GOEROE,nl,6,1
GEWOND,nl,6,1
TAMTAM,nl,6,1
GRATIE,nl,6,1
DOODOP,nl,6,1
PODIUM,nl,6,1
BOKSEN,nl,6,1
KNOEST,nl,6,1
ZWIJNEN,nl,6,1
KREGEL,nl,6,1
ABDIJEN,nl,6,1
NAGALM,nl,6,1
KENNER,nl,6,1
GEZWAM,nl,6,1
WERPEN,nl,6,1
OPGAAF,nl,6,1
DETAIL,nl,6,1
LIMIET,nl,6,1
PRISMA,nl,6,1
PRIJZIG,nl,6,1
TISSUE,nl,6,1
LAMPJE,nl,6,1
SESSIE,nl,6,1
BEKKEN,nl,6,1
BULKEN,nl,6,1
ALDAAR,nl,6,1
KIRSCH,nl,6,1
VINGER,nl,6,1
FOUTEN,nl,6,1
BANDJE,nl,6,1
TAPPER,nl,6,1
LONKEN,nl,6,1
VRAGEN,nl,6,1
MATSEN,nl,6,1
WANKEL,nl,6,1
TONEEL,nl,6,1
LOTERIJ,nl,6,1
OPKOOP,nl,6,1
MOUTEN,nl,6,1
GOOIEN,nl,6,1
PIKKEN,nl,6,1
MALING,nl,6,1
SLAVEN,nl,6,1
ERELID,nl,6,1
KLAGEN,nl,6,1
DEKENS,nl,6,1
MELOEN,nl,6,1
KANTIG,nl,6,1
GEWEST,nl,6,1
POESTA,nl,6,1
GEWEER,nl,6,1
VUILAK,nl,6,1
GLORIE,nl,6,1
KNIJPEN,nl,6,1
TARIEF,nl,6,1
RATTEN,nl,6,1
KRIJTEN,nl,6,1
TERPEN,nl,6,1
STIJGEN,nl,6,1
NEVELS,nl,6,1
SAPPEN,nl,6,1
BOLIDE,nl,6,1
SCHAFT,nl,6,1
LENTES,nl,6,1
WANTEN,nl,6,1
GRAVER,nl,6,1
ALBUMS,nl,6,1
BASKET,nl,6,1
TIPPEN,nl,6,1
MINNEN,nl,6,1
TRIEST,nl,6,1
HALTER,nl,6,1
LETSEL,nl,6,1
WELVEN,nl,6,1
BITSEN,nl,6,1
REKELS,nl,6,1
INGOOI,nl,6,1
LAATJE,nl,6,1
AANHEF,nl,6,1
LARVEN,nl,6,1
DOEKJE,nl,6,1
HEIDEN,nl,6,1
PAUWEN,nl,6,1
PRETJE,nl,6,1
VALLEN,nl,6,1
IETWAT,nl,6,1
TORREN,nl,6,1
LEUTER,nl,6,1
PUNKER,nl,6,1
HORROR,nl,6,1
SPIJLEN,nl,6,1
GRAZEN,nl,6,1
DAMPEN,nl,6,1
MOHAIR,nl,6,1
VANGST,nl,6,1
BAKKEN,nl,6,1
ZWAVEL,nl,6,1
KWEKER,nl,6,1
OKSELS,nl,6,1
LUIMIG,nl,6,1
LOBBES,nl,6,1
KELKJE,nl,6,1
ALSOOK,nl,6,1
DRAGON,nl,6,1
VRIJUIT,nl,6,1
JASJES,nl,6,1
KWAKER,nl,6,1
HEIBEL,nl,6,1
SLALOM,nl,6,1
LAAIEN,nl,6,1
LOGEES,nl,6,1
MISPEL,nl,6,1
LOSBOL,nl,6,1
VATTEN,nl,6,1
MONDIG,nl,6,1
BORIUM,nl,6,1
DECAAN,nl,6,1
MARGES,nl,6,1
BILLIJK,nl,6,1
WOLLIG,nl,6,1
LUILAK,nl,6,1
MOBIEL,nl,6,1
PAPPIE,nl,6,1
LACHER,nl,6,1
CIVIEL,nl,6,1
DOUBLE,nl,6,1
BERKEN,nl,6,1
LUIMEN,nl,6,1
EROPAF,nl,6,1
ALMAAR,nl,6,1
DYNAMO,nl,6,1
GONDEL,nl,6,1
POPPEN,nl,6,1
RECENT,nl,6,1
EINDER,nl,6,1
GADING,nl,6,1
GEUREN,nl,6,1
NADRUK,nl,6,1
AFVOER,nl,6,1
VONNIS,nl,6,1
FUIVEN,nl,6,1
HIPHOP,nl,6,1
KAMPEN,nl,6,1
ONFRIS,nl,6,1
BISTRO,nl,6,1
ZWARTE,nl,6,1
ORNAAT,nl,6,1
MEZELF,nl,6,1
KLADJE,nl,6,1
NEGORIJ,nl,6,1
ONRAAD,nl,6,1
LUIDOP,nl,6,1
ACTIEF,nl,6,1
ROCOCO,nl,6,1
QUOTUM,nl,6,1
NAREDE,nl,6,1
REPPEN,nl,6,1
RAZZIA,nl,6,1
MANTEL,nl,6,1
STRAKS,nl,6,1
RIDDER,nl,6,1
TERWIJL,nl,6,1
WRIJVEN,nl,6,1
INTIMI,nl,6,1
LUSTEN,nl,6,1
VLEIER,nl,6,1
SCAMPI,nl,6,1
MANDJE,nl,6,1
ZOEKER,nl,6,1
WOLVIN,nl,6,1
TOEREN,nl,6,1
JOCKEY,nl,6,1
ZUINIG,nl,6,1
VERTES,nl,6,1
CINEMA,nl,6,1
CANVAS,nl,6,1
VENNEN,nl,6,1
SCHELM,nl,6,1
PELLEN,nl,6,1
KARTON,nl,6,1
FINAAL,nl,6,1
STAREN,nl,6,1
BAKTIJD,nl,6,1
IMPORT,nl,6,1
CLINCH,nl,6,1
TESTEN,nl,6,1
SCHERM,nl,6,1
NULLEN,nl,6,1
GEISHA,nl,6,1
KOEIEN,nl,6,1
LIKJES,nl,6,1
KOEKJE,nl,6,1
POOSJE,nl,6,1
HUMMEL,nl,6,1
HOMMEL,nl,6,1
TRIPJE,nl,6,1
JOEPIE,nl,6,1
WEDUWE,nl,6,1
TRAPJE,nl,6,1
RIJSTIJL,nl,6,1
TROOST,nl,6,1
IRONIE,nl,6,1
RADIUS,nl,6,1
DEUNEN,nl,6,1
SLOGAN,nl,6,1
ABSENT,nl,6,1
SORBET,nl,6,1
MOREEL,nl,6,1
MASTJE,nl,6,1
MAPJES,nl,6,1
WELKEN,nl,6,1
LIEFST,nl,6,1
INFUUS,nl,6,1
PERSEN,nl,6,1
GRIJZIG,nl,6,1
SQUASH,nl,6,1
SMEREN,nl,6,1
FICHES,nl,6,1
ELDERS,nl,6,1
MIJZELF,nl,6,1
HOKJES,nl,6,1
DELERS,nl,6,1
MYTHEN,nl,6,1
PIRAAT,nl,6,1
HOEVEN,nl,6,1
PASTEI,nl,6,1
WINNER,nl,6,1
CENSUS,nl,6,1
GENANT,nl,6,1
BOILER,nl,6,1
NADIEN,nl,6,1
KANTJE,nl,6,1
MUNTJE,nl,6,1
NAMENS,nl,6,1
MUESLI,nl,6,1
LECTOR,nl,6,1
PYTHON,nl,6,1
SLINKS,nl,6,1
DRUIDE,nl,6,1
POCHET,nl,6,1
NOVIET,nl,6,1
THESES,nl,6,1
REGAAL,nl,6,1
GIFTIG,nl,6,1
WALSEN,nl,6,1
BOMVOL,nl,6,1
SCHORT,nl,6,1
OORLEL,nl,6,1
HAAIEN,nl,6,1
ALPINE,nl,6,1
ETMAAL,nl,6,1
PLEGEN,nl,6,1
DEGENE,nl,6,1
BEUGEL,nl,6,1
PAGINA,nl,6,1
IJSLAAG,nl,6,1
REMISE,nl,6,1
BIJBELS,nl,6,1
GEREED,nl,6,1
ORANJE,nl,6,1
LETTEN,nl,6,1
MINUUT,nl,6,1
KLUWEN,nl,6,1
VOEDEN,nl,6,1
KANAAL,nl,6,1
MISSEN,nl,6,1
KUSJES,nl,6,1
BESLAG,nl,6,1
VALUTA,nl,6,1
DRIJFIJS,nl,6,1
RUIKEN,nl,6,1
MUSEUM,nl,6,1
MUSKUS,nl,6,1
KIEZER,nl,6,1
HOBBEL,nl,6,1
VRETEN,nl,6,1
HOFNAR,nl,6,1
DOMINO,nl,6,1
OUDJES,nl,6,1
MEDLEY,nl,6,1
MOLEST,nl,6,1
HAPPIG,nl,6,1
KOFFER,nl,6,1
FILMEN,nl,6,1
NAGELS,nl,6,1
ZIJWAND,nl,6,1
DUIMEN,nl,6,1
BIKKEN,nl,6,1
WENDEN,nl,6,1
WONDEN,nl,6,1
DIMMEN,nl,6,1
ZOETEN,nl,6,1
HENDEL,nl,6,1
REILEN,nl,6,1
ESCORT,nl,6,1
UITHAM,nl,6,1
KAMEEL,nl,6,1
STEKEN,nl,6,1
GELOOF,nl,6,1
RAKKER,nl,6,1
MODUUL,nl,6,1
JETSET,nl,6,1
VISSEN,nl,6,1
SCHAAR,nl,6,1
SNIJDEN,nl,6,1
ORKEST,nl,6,1
STAKEN,nl,6,1
BONNET,nl,6,1
CARNET,nl,6,1
PALETS,nl,6,1
STRIEM,nl,6,1
RIJMERIJ,nl,6,1
ROTKOP,nl,6,1
KASSEN,nl,6,1
BULDOG,nl,6,1
SLAVIN,nl,6,1
RUPSEN,nl,6,1
SECUUR,nl,6,1
RUCHES,nl,6,1
BIEDER,nl,6,1
BONKEN,nl,6,1
RIJWIEL,nl,6,1
BUTLER,nl,6,1
LOTJES,nl,6,1
NERING,nl,6,1
CURSOR,nl,6,1
SCENES,nl,6,1
SONATE,nl,6,1
DUSTER,nl,6,1
MIJMERIJ,nl,6,1
CAMPUS,nl,6,1
BLAZER,nl,6,1
HOSPIK,nl,6,1
VETERS,nl,6,1
ZWALUW,nl,6,1
PUILEN,nl,6,1
PULVER,nl,6,1
HEKSEN,nl,6,1
MUITEN,nl,6,1
ZUIVEL,nl,6,1
PUFFEN,nl,6,1
VOEDER,nl,6,1
WUIVEN,nl,6,1
GEMZEN,nl,6,1
JETSKI,nl,6,1
NIJGING,nl,6,1
WOLKAM,nl,6,1
FYSICA,nl,6,1
NIEZEN,nl,6,1
WINKEL,nl,6,1
INTACT,nl,6,1
FUIKEN,nl,6,1
GEZWEL,nl,6,1
NAZORG,nl,6,1
CLIENT,nl,6,1
TELERS,nl,6,1
ACHTEN,nl,6,1
PIEPER,nl,6,1
GRUTTO,nl,6,1
LARYNX,nl,6,1
MIETER,nl,6,1
BOEMAN,nl,6,1
FISTEL,nl,6,1
DAKPAN,nl,6,1
WREVEL,nl,6,1
TUNIEK,nl,6,1
ZUIVER,nl,6,1
OEKAZE,nl,6,1
INNING,nl,6,1
SUMMUM,nl,6,1
KORVEN,nl,6,1
HINKEN,nl,6,1
ROTDAG,nl,6,1
GIETEN,nl,6,1
ZAAKJE,nl,6,1
KERMEN,nl,6,1
RILLEN,nl,6,1
CRUISE,nl,6,1
LIBERO,nl,6,1
NITWIT,nl,6,1